skill_id,esco_concept_uri,skill_name,skill_type,reuse_level
000f1d3d-220f-4789-9c0a-cc742521fb02,http://data.europa.eu/esco/skill/000f1d3d-220f-4789-9c0a-cc742521fb02,Haskell,knowledge,sector-specific
0023e7a5-43da-4b68-bee3-726ef21f986d,http://data.europa.eu/esco/skill/0023e7a5-43da-4b68-bee3-726ef21f986d,apply diplomatic principles,skill/competence,cross-sector
00920055-eb50-4cb8-a23d-3deedbf3753e,http://data.europa.eu/esco/skill/00920055-eb50-4cb8-a23d-3deedbf3753e,enterprise risk management,knowledge,sector-specific
009db49b-fcf5-4409-b4a5-232d059f3597,http://data.europa.eu/esco/skill/009db49b-fcf5-4409-b4a5-232d059f3597,apply credit risk policy,skill/competence,cross-sector
00b9a3aa-7070-4bb5-8020-f228a97cf42f,http://data.europa.eu/esco/skill/00b9a3aa-7070-4bb5-8020-f228a97cf42f,draft scientific or academic papers and technical documentation,skill/competence,cross-sector
00c04e40-35ea-4ed1-824c-82f936c8f876,http://data.europa.eu/esco/skill/00c04e40-35ea-4ed1-824c-82f936c8f876,incremental development,knowledge,sector-specific
00e53a0a-c0ba-4c9f-a2ed-4706d5832a00,http://data.europa.eu/esco/skill/00e53a0a-c0ba-4c9f-a2ed-4706d5832a00,guarantee customer satisfaction,skill/competence,sector-specific
013441c1-1f13-47e9-80c4-9a53e8e1bc05,http://data.europa.eu/esco/skill/013441c1-1f13-47e9-80c4-9a53e8e1bc05,KDevelop,knowledge,sector-specific
0138fdc7-edbb-485c-9aa9-544f723eb62f,http://data.europa.eu/esco/skill/0138fdc7-edbb-485c-9aa9-544f723eb62f,purchase vehicle parts,skill/competence,sector-specific
0167ee96-f478-4383-afe6-aabf387da5b3,http://data.europa.eu/esco/skill/0167ee96-f478-4383-afe6-aabf387da5b3,liaise with typists,skill/competence,cross-sector
01895f13-1989-4756-80d6-9b9ee19ddb32,http://data.europa.eu/esco/skill/01895f13-1989-4756-80d6-9b9ee19ddb32,perform a feasibility study for building management systems,skill/competence,sector-specific
0189f448-179e-47cc-9716-c5c3ac4b1aec,http://data.europa.eu/esco/skill/0189f448-179e-47cc-9716-c5c3ac4b1aec,Absorb (learning management systems),knowledge,sector-specific
01d269d9-b058-4d6c-82a0-3779af9a124b,http://data.europa.eu/esco/skill/01d269d9-b058-4d6c-82a0-3779af9a124b,develop blockchain innovative architectures,skill/competence,cross-sector
01e7dee7-3ff1-4807-acad-058dbed91aba,http://data.europa.eu/esco/skill/01e7dee7-3ff1-4807-acad-058dbed91aba,keep up to date on product knowledge,skill/competence,sector-specific
02058de6-4b98-449f-8a45-8588b0eb2446,http://data.europa.eu/esco/skill/02058de6-4b98-449f-8a45-8588b0eb2446,network engineering,knowledge,sector-specific
020918ef-4b55-47c1-8430-ab7b8f6a7377,http://data.europa.eu/esco/skill/020918ef-4b55-47c1-8430-ab7b8f6a7377,migrate existing data,skill/competence,sector-specific
020b3c27-bae1-4b85-9d6f-eccee0f5ed99,http://data.europa.eu/esco/skill/020b3c27-bae1-4b85-9d6f-eccee0f5ed99,manage supplies,skill/competence,cross-sector
022dc430-872a-473a-9cf4-fed4895e58ad,http://data.europa.eu/esco/skill/022dc430-872a-473a-9cf4-fed4895e58ad,define database physical structure,skill/competence,sector-specific
023f4870-b417-4bd2-b0ae-78e61587c79f,http://data.europa.eu/esco/skill/023f4870-b417-4bd2-b0ae-78e61587c79f,geomatics,knowledge,cross-sector
024037ca-96a9-4cb8-ba86-2cd5a209c90a,http://data.europa.eu/esco/skill/024037ca-96a9-4cb8-ba86-2cd5a209c90a,Maltego,knowledge,sector-specific
02820870-3b92-480b-8475-8a521563ea3c,http://data.europa.eu/esco/skill/02820870-3b92-480b-8475-8a521563ea3c,collect property financial information,skill/competence,sector-specific
0295b2a4-fb86-495f-9547-d479532fc4c2,http://data.europa.eu/esco/skill/0295b2a4-fb86-495f-9547-d479532fc4c2,trace financial transactions,skill/competence,cross-sector
02c71cde-f513-43da-8952-0974763c7568,http://data.europa.eu/esco/skill/02c71cde-f513-43da-8952-0974763c7568,interpret circuit diagrams,skill/competence,sector-specific
032b0bed-22b1-456b-8009-91e6b838fe45,http://data.europa.eu/esco/skill/032b0bed-22b1-456b-8009-91e6b838fe45,geological mapping,knowledge,sector-specific
034c29fa-c3ba-45ea-b8f3-bf8e3705e386,http://data.europa.eu/esco/skill/034c29fa-c3ba-45ea-b8f3-bf8e3705e386,Erlang,knowledge,sector-specific
03a0ab28-ce99-4e14-baf8-a66c55da28f8,http://data.europa.eu/esco/skill/03a0ab28-ce99-4e14-baf8-a66c55da28f8,carry out event management,skill/competence,cross-sector
03a74eee-2dc6-4147-8667-5cdeb65f122d,http://data.europa.eu/esco/skill/03a74eee-2dc6-4147-8667-5cdeb65f122d,manage ICT data classification,skill/competence,sector-specific
03b9b491-fc9b-4868-914a-bf7cd47b5041,http://data.europa.eu/esco/skill/03b9b491-fc9b-4868-914a-bf7cd47b5041,create solutions to problems,skill/competence,cross-sector
03bc5f23-4317-41c2-9528-2db5c3c87b85,http://data.europa.eu/esco/skill/03bc5f23-4317-41c2-9528-2db5c3c87b85,analyse cultural trends,skill/competence,cross-sector
03d93b02-a461-4815-a4c0-b46451afc1c2,http://data.europa.eu/esco/skill/03d93b02-a461-4815-a4c0-b46451afc1c2,manage claim files,skill/competence,sector-specific
03f922b0-d518-457d-8f2c-80252a714be1,http://data.europa.eu/esco/skill/03f922b0-d518-457d-8f2c-80252a714be1,criminology,knowledge,cross-sector
03ff0d53-573a-47a0-a0ad-1995815a4339,http://data.europa.eu/esco/skill/03ff0d53-573a-47a0-a0ad-1995815a4339,information structure,knowledge,sector-specific
0435fe96-523f-4888-a76f-22df1e92d9c4,http://data.europa.eu/esco/skill/0435fe96-523f-4888-a76f-22df1e92d9c4,photogrammetry,knowledge,cross-sector
0458f6a0-cb54-4ff5-a543-b2c5354e17c0,http://data.europa.eu/esco/skill/0458f6a0-cb54-4ff5-a543-b2c5354e17c0,keep up with digital transformation of industrial processes,skill/competence,sector-specific
047fcf0a-2936-49fb-b4eb-97cdd8d09d0b,http://data.europa.eu/esco/skill/047fcf0a-2936-49fb-b4eb-97cdd8d09d0b,maintain statutory books,skill/competence,cross-sector
04f1b938-d4d4-4cb1-a863-982af76b9d93,http://data.europa.eu/esco/skill/04f1b938-d4d4-4cb1-a863-982af76b9d93,SAS language,knowledge,sector-specific
04fe962b-4017-4eb7-9139-7d69b6922bc9,http://data.europa.eu/esco/skill/04fe962b-4017-4eb7-9139-7d69b6922bc9,use an application-specific interface,skill/competence,sector-specific
05281013-f5ae-4bf2-ad23-d5d6f7573b46,http://data.europa.eu/esco/skill/05281013-f5ae-4bf2-ad23-d5d6f7573b46,carry out inventory planning,skill/competence,sector-specific
054f26ab-cfdc-4077-883c-1c4c9e9b310a,http://data.europa.eu/esco/skill/054f26ab-cfdc-4077-883c-1c4c9e9b310a,define firewall rules,skill/competence,sector-specific
05bd9f18-370a-4a88-98c7-473cffb7b2ca,http://data.europa.eu/esco/skill/05bd9f18-370a-4a88-98c7-473cffb7b2ca,produce materials for decision making,skill/competence,sector-specific
05e5e14f-ffa6-4106-b311-c6335ccc2bd2,http://data.europa.eu/esco/skill/05e5e14f-ffa6-4106-b311-c6335ccc2bd2,solar energy,knowledge,cross-sector
05fc6f8d-639c-4329-a6de-dfdd800ed091,http://data.europa.eu/esco/skill/05fc6f8d-639c-4329-a6de-dfdd800ed091,customer insight,knowledge,sector-specific
062320e5-79d1-45e8-8b7e-5deeb53279a2,http://data.europa.eu/esco/skill/062320e5-79d1-45e8-8b7e-5deeb53279a2,perform online data analysis,skill/competence,cross-sector
06358891-8424-43c5-891e-d40f226bef40,http://data.europa.eu/esco/skill/06358891-8424-43c5-891e-d40f226bef40,manage IT security compliances,skill/competence,sector-specific
06a4004d-ee47-44ff-ae2f-a038ba0c0256,http://data.europa.eu/esco/skill/06a4004d-ee47-44ff-ae2f-a038ba0c0256,perform a feasibility study on mini wind power,skill/competence,sector-specific
06e347f2-2504-4ee8-b7f7-8d9542f56207,http://data.europa.eu/esco/skill/06e347f2-2504-4ee8-b7f7-8d9542f56207,translate keywords into full texts,skill/competence,cross-sector
06f33d6a-f7a7-4a2b-baa5-8c3c53bd1a9c,http://data.europa.eu/esco/skill/06f33d6a-f7a7-4a2b-baa5-8c3c53bd1a9c,keywords in digital content,knowledge,sector-specific
06f46a6e-62d3-4ca0-bedb-cb4c021c14ee,http://data.europa.eu/esco/skill/06f46a6e-62d3-4ca0-bedb-cb4c021c14ee,legal studies,knowledge,sector-specific
071233c4-ad2b-4f50-b79f-768d2231163e,http://data.europa.eu/esco/skill/071233c4-ad2b-4f50-b79f-768d2231163e,domain name service,knowledge,sector-specific
071c7f1d-f659-4b96-a222-b21012297f3b,http://data.europa.eu/esco/skill/071c7f1d-f659-4b96-a222-b21012297f3b,energy market,knowledge,cross-sector
0737ad0a-75ac-4696-988b-565820577ac0,http://data.europa.eu/esco/skill/0737ad0a-75ac-4696-988b-565820577ac0,use experience map,skill/competence,sector-specific
075c68d7-efe4-4466-be4a-9acc726504df,http://data.europa.eu/esco/skill/075c68d7-efe4-4466-be4a-9acc726504df,mergers and acquisitions,knowledge,cross-sector
0760bfac-9a03-427a-ad84-ccd33a2f2ae8,http://data.europa.eu/esco/skill/0760bfac-9a03-427a-ad84-ccd33a2f2ae8,mathematical modelling,knowledge,cross-sector
0761f325-13e7-49f4-a41a-ec64ba4e7b9d,http://data.europa.eu/esco/skill/0761f325-13e7-49f4-a41a-ec64ba4e7b9d,manage government-funded programmes,skill/competence,cross-sector
078098e1-01f7-4654-9ddd-016f4063b54d,http://data.europa.eu/esco/skill/078098e1-01f7-4654-9ddd-016f4063b54d,cooperate with education professionals,skill/competence,cross-sector
07884056-a07a-40b7-bba3-1ceed61f529c,http://data.europa.eu/esco/skill/07884056-a07a-40b7-bba3-1ceed61f529c,blockchain signature schemes,knowledge,sector-specific
07889c08-7220-47c8-96f7-6068fbea00dc,http://data.europa.eu/esco/skill/07889c08-7220-47c8-96f7-6068fbea00dc,normalise data,skill/competence,sector-specific
07dd856d-6141-48a7-a228-918f88494812,http://data.europa.eu/esco/skill/07dd856d-6141-48a7-a228-918f88494812,create prototype of user experience solutions,skill/competence,sector-specific
07e1799a-82c2-4877-9b43-1499812c5619,http://data.europa.eu/esco/skill/07e1799a-82c2-4877-9b43-1499812c5619,wear cleanroom suit,skill/competence,cross-sector
07e47d58-dd0e-4302-9e68-70a188e89065,http://data.europa.eu/esco/skill/07e47d58-dd0e-4302-9e68-70a188e89065,apply system organisational policies,skill/competence,cross-sector
07e51c60-763a-4335-b4ec-70a15f66d328,http://data.europa.eu/esco/skill/07e51c60-763a-4335-b4ec-70a15f66d328,propose ICT solutions to business problems,skill/competence,cross-sector
07e6bc9f-9c98-44ae-a7a3-5266caa393e1,http://data.europa.eu/esco/skill/07e6bc9f-9c98-44ae-a7a3-5266caa393e1,calculate costs of repair operations,skill/competence,sector-specific
07ebc888-0f3f-46e7-99d2-a7c7ebd7ffe3,http://data.europa.eu/esco/skill/07ebc888-0f3f-46e7-99d2-a7c7ebd7ffe3,property management software,knowledge,sector-specific
080b0153-36ae-43f6-b3c3-c1fe6fd8f1de,http://data.europa.eu/esco/skill/080b0153-36ae-43f6-b3c3-c1fe6fd8f1de,plan procedures for cargo operations,skill/competence,sector-specific
0823ccef-813f-4f22-afef-ac0d68615e8f,http://data.europa.eu/esco/skill/0823ccef-813f-4f22-afef-ac0d68615e8f,computer simulation,knowledge,cross-sector
082967d4-b94c-4305-aa13-35a6aa8c5c7c,http://data.europa.eu/esco/skill/082967d4-b94c-4305-aa13-35a6aa8c5c7c,cooperate with colleagues,skill/competence,cross-sector
08371fe9-c658-4f6a-966f-71dbb0ab683d,http://data.europa.eu/esco/skill/08371fe9-c658-4f6a-966f-71dbb0ab683d,accounting department processes,knowledge,sector-specific
0839eea4-c57b-4c14-b19b-923fbedb5d88,http://data.europa.eu/esco/skill/0839eea4-c57b-4c14-b19b-923fbedb5d88,perform business research,skill/competence,sector-specific
085bfce5-70fe-43da-9499-307725e89bbc,http://data.europa.eu/esco/skill/085bfce5-70fe-43da-9499-307725e89bbc,WizIQ,knowledge,sector-specific
0868eef3-2213-4572-9343-74931345a7d3,http://data.europa.eu/esco/skill/0868eef3-2213-4572-9343-74931345a7d3,administer ICT system,skill/competence,sector-specific
089bab26-a854-40fb-8c04-5be4f693315a,http://data.europa.eu/esco/skill/089bab26-a854-40fb-8c04-5be4f693315a,integrate strategic foundation in daily performance,skill/competence,cross-sector
089ddb19-1c7a-43ff-ba64-070f7ce4787a,http://data.europa.eu/esco/skill/089ddb19-1c7a-43ff-ba64-070f7ce4787a,warehouse operations,knowledge,sector-specific
089ee650-297e-4716-87d1-440743b70a0d,http://data.europa.eu/esco/skill/089ee650-297e-4716-87d1-440743b70a0d,ensure compliance with environmental legislation,skill/competence,cross-sector
08a3dcea-12de-447b-a3a5-aa657abc5e97,http://data.europa.eu/esco/skill/08a3dcea-12de-447b-a3a5-aa657abc5e97,execute social engineering tests,skill/competence,sector-specific
08b04e53-ed25-41a2-9f90-0b9cd939ba3d,http://data.europa.eu/esco/skill/08b04e53-ed25-41a2-9f90-0b9cd939ba3d,manage research data,skill/competence,cross-sector
08ee68b2-0a6d-4bdf-a870-a36c0dc8064e,http://data.europa.eu/esco/skill/08ee68b2-0a6d-4bdf-a870-a36c0dc8064e,produce statistical financial records,skill/competence,cross-sector
08f0af26-2178-40d2-9267-6d50a7346555,http://data.europa.eu/esco/skill/08f0af26-2178-40d2-9267-6d50a7346555,combine business technology with user experience,skill/competence,sector-specific
08fd2839-670c-4f16-8024-97437f2035ab,http://data.europa.eu/esco/skill/08fd2839-670c-4f16-8024-97437f2035ab,plan marketing strategy,skill/competence,cross-sector
08fe5910-8c4c-4679-a988-eb2ded3c4909,http://data.europa.eu/esco/skill/08fe5910-8c4c-4679-a988-eb2ded3c4909,labour legislation,knowledge,cross-sector
09473fea-69ea-40dc-9ff4-bbaaff10840e,http://data.europa.eu/esco/skill/09473fea-69ea-40dc-9ff4-bbaaff10840e,conduct engineering site audits,skill/competence,cross-sector
0957a353-b163-4887-96f6-ce79abc5b4e1,http://data.europa.eu/esco/skill/0957a353-b163-4887-96f6-ce79abc5b4e1,provide legal advice on investments,skill/competence,cross-sector
095fdace-1cc3-4e80-b37b-268fe297904a,http://data.europa.eu/esco/skill/095fdace-1cc3-4e80-b37b-268fe297904a,prepare audit activities,skill/competence,cross-sector
097c6a36-f031-4d3e-b5c1-62d6ffcb430b,http://data.europa.eu/esco/skill/097c6a36-f031-4d3e-b5c1-62d6ffcb430b,respect data protection principles,skill/competence,sector-specific
09cf2c34-6f93-4a19-a9f1-c0d866414bcc,http://data.europa.eu/esco/skill/09cf2c34-6f93-4a19-a9f1-c0d866414bcc,Cain and Abel (penetration testing tool),knowledge,sector-specific
09f2f811-a3fb-4de3-a70f-6420a6935575,http://data.europa.eu/esco/skill/09f2f811-a3fb-4de3-a70f-6420a6935575,systems development life-cycle,knowledge,cross-sector
0a099c81-6a0c-4f00-bb3b-990d23ec03a5,http://data.europa.eu/esco/skill/0a099c81-6a0c-4f00-bb3b-990d23ec03a5,manage ICT change request process,skill/competence,sector-specific
0a30a7df-750a-4df3-9a70-f537c5d14277,http://data.europa.eu/esco/skill/0a30a7df-750a-4df3-9a70-f537c5d14277,oversee warehouse value-added activities,skill/competence,sector-specific
0a30e5a8-60a8-4fda-9f89-8e9cee38da5a,http://data.europa.eu/esco/skill/0a30e5a8-60a8-4fda-9f89-8e9cee38da5a,use interface description language,skill/competence,occupation-specific
0a43729f-2a79-4dae-9faa-95520daae79f,http://data.europa.eu/esco/skill/0a43729f-2a79-4dae-9faa-95520daae79f,apply company policies,skill/competence,cross-sector
0a48d064-dd04-47fb-a00d-85e9b4874033,http://data.europa.eu/esco/skill/0a48d064-dd04-47fb-a00d-85e9b4874033,business management principles,knowledge,cross-sector
0a52bed5-fd29-45fb-aba6-e32bccfda1c1,http://data.europa.eu/esco/skill/0a52bed5-fd29-45fb-aba6-e32bccfda1c1,plan migration to cloud,skill/competence,sector-specific
0a53f6b2-9205-4505-93fb-480e163cdc2f,http://data.europa.eu/esco/skill/0a53f6b2-9205-4505-93fb-480e163cdc2f,calculate insurance rate,skill/competence,sector-specific
0a856d55-23b5-4bdc-ad24-3eb5bc83d81f,http://data.europa.eu/esco/skill/0a856d55-23b5-4bdc-ad24-3eb5bc83d81f,implement route planning in smart mobility services,skill/competence,sector-specific
0a9acb6b-1139-4be9-b431-3a80a959f2f4,http://data.europa.eu/esco/skill/0a9acb6b-1139-4be9-b431-3a80a959f2f4,Agile project management,knowledge,sector-specific
0aa02c52-077d-45f8-8c2d-7132c11ac16e,http://data.europa.eu/esco/skill/0aa02c52-077d-45f8-8c2d-7132c11ac16e,carry out strategic research,skill/competence,cross-sector
0aa38c07-644b-4f81-8014-924ea3cc8dc5,http://data.europa.eu/esco/skill/0aa38c07-644b-4f81-8014-924ea3cc8dc5,pharmaceutical legislation,knowledge,cross-sector
0ab03c6c-281b-48f4-83e0-10eeb27a1bae,http://data.europa.eu/esco/skill/0ab03c6c-281b-48f4-83e0-10eeb27a1bae,network management system tools,knowledge,sector-specific
0ab07923-f350-4a3c-bbea-3017d756c409,http://data.europa.eu/esco/skill/0ab07923-f350-4a3c-bbea-3017d756c409,communicate regulations,skill/competence,cross-sector
0ae55852-562d-4fc9-be5e-d99f54e91b24,http://data.europa.eu/esco/skill/0ae55852-562d-4fc9-be5e-d99f54e91b24,prepare sales checks,skill/competence,sector-specific
0af062de-eb43-41e9-9b96-249e2cd22d26,http://data.europa.eu/esco/skill/0af062de-eb43-41e9-9b96-249e2cd22d26,use markup languages,skill/competence,sector-specific
0af529ff-a95d-419b-ab2a-335f6894a966,http://data.europa.eu/esco/skill/0af529ff-a95d-419b-ab2a-335f6894a966,maintain logistics databases,skill/competence,cross-sector
0b0335f3-0aa1-491e-895e-81fc8774a300,http://data.europa.eu/esco/skill/0b0335f3-0aa1-491e-895e-81fc8774a300,develop automated migration methods,skill/competence,sector-specific
0b144726-21c2-46ed-8d13-c03d27f61604,http://data.europa.eu/esco/skill/0b144726-21c2-46ed-8d13-c03d27f61604,perform multiple tasks at the same time,skill/competence,cross-sector
0b82924b-6741-4d58-b38d-16731cb14f53,http://data.europa.eu/esco/skill/0b82924b-6741-4d58-b38d-16731cb14f53,provide objective assessments of calls,skill/competence,cross-sector
0bd4c62a-c309-467e-be76-8403b3f3a1a8,http://data.europa.eu/esco/skill/0bd4c62a-c309-467e-be76-8403b3f3a1a8,financial products,knowledge,cross-sector
0c0488b3-fca5-4deb-865b-8dc605c3d909,http://data.europa.eu/esco/skill/0c0488b3-fca5-4deb-865b-8dc605c3d909,sales argumentation,knowledge,sector-specific
0c0a8629-97b7-412f-ad91-be97d80205af,http://data.europa.eu/esco/skill/0c0a8629-97b7-412f-ad91-be97d80205af,perform pre-assembly quality checks,skill/competence,cross-sector
0c1bbbd7-7827-4594-9254-a4b91cb8163f,http://data.europa.eu/esco/skill/0c1bbbd7-7827-4594-9254-a4b91cb8163f,conduct financial surveys,skill/competence,sector-specific
0c766ca3-9364-4203-916b-fed16e4814c1,http://data.europa.eu/esco/skill/0c766ca3-9364-4203-916b-fed16e4814c1,gather data for forensic purposes,skill/competence,sector-specific
0c77bcd5-b94a-475d-98e9-5a4327e4d726,http://data.europa.eu/esco/skill/0c77bcd5-b94a-475d-98e9-5a4327e4d726,statistical process control,knowledge,cross-sector
0c9da986-721e-4f75-b566-0c6c212a8f60,http://data.europa.eu/esco/skill/0c9da986-721e-4f75-b566-0c6c212a8f60,make investment decisions,skill/competence,cross-sector
0cc02ab5-da14-4fd4-963d-192fe71d3225,http://data.europa.eu/esco/skill/0cc02ab5-da14-4fd4-963d-192fe71d3225,assess integrated domotics systems,skill/competence,sector-specific
0cc9c234-f817-4f4c-908a-4d28fe3b0f4a,http://data.europa.eu/esco/skill/0cc9c234-f817-4f4c-908a-4d28fe3b0f4a,coach employees,skill/competence,cross-sector
0ccdfe98-f845-4598-84a1-3dca66e9d9a3,http://data.europa.eu/esco/skill/0ccdfe98-f845-4598-84a1-3dca66e9d9a3,Ruby (computer programming),knowledge,sector-specific
0cd07ad3-642c-4073-812f-3842dffcd920,http://data.europa.eu/esco/skill/0cd07ad3-642c-4073-812f-3842dffcd920,procedural law,knowledge,occupation-specific
0cd6dcf1-5778-42a5-b685-4d01ae4a4871,http://data.europa.eu/esco/skill/0cd6dcf1-5778-42a5-b685-4d01ae4a4871,Common Lisp,knowledge,sector-specific
0cd8d49e-fcb2-4095-a946-1179516e4a0b,http://data.europa.eu/esco/skill/0cd8d49e-fcb2-4095-a946-1179516e4a0b,develop communication networks with shipping sites,skill/competence,sector-specific
0cf27a00-947f-473d-af1a-24028c17ba27,http://data.europa.eu/esco/skill/0cf27a00-947f-473d-af1a-24028c17ba27,international regulations for cargo handling,knowledge,cross-sector
0d07fb7e-2815-454c-83e2-9c736c23435c,http://data.europa.eu/esco/skill/0d07fb7e-2815-454c-83e2-9c736c23435c,coordinate dock operations,skill/competence,sector-specific
0d11711b-870f-4701-be93-fa175b6e4002,http://data.europa.eu/esco/skill/0d11711b-870f-4701-be93-fa175b6e4002,persuade clients with alternatives,skill/competence,cross-sector
0d168770-4d9c-4096-b048-a6577818d306,http://data.europa.eu/esco/skill/0d168770-4d9c-4096-b048-a6577818d306,Apache Maven,knowledge,sector-specific
0d282d6e-8cb9-4339-8e7d-cfafed96b5ed,http://data.europa.eu/esco/skill/0d282d6e-8cb9-4339-8e7d-cfafed96b5ed,conduct literature research,skill/competence,cross-sector
0d4471ae-3820-4c23-8566-f44a7bd159b2,http://data.europa.eu/esco/skill/0d4471ae-3820-4c23-8566-f44a7bd159b2,prepare licence agreements,skill/competence,cross-sector
0d564cb6-98ef-4c18-9392-dd69e6724cbf,http://data.europa.eu/esco/skill/0d564cb6-98ef-4c18-9392-dd69e6724cbf,risk transfer,knowledge,cross-sector
0d6714c6-720e-4985-9791-5ab85d28da79,http://data.europa.eu/esco/skill/0d6714c6-720e-4985-9791-5ab85d28da79,gather data,skill/competence,cross-sector
0d7f2cce-245a-4d02-9b8d-2e9946cc4c5d,http://data.europa.eu/esco/skill/0d7f2cce-245a-4d02-9b8d-2e9946cc4c5d,deliver online training,skill/competence,cross-sector
0d85dc6f-ea26-49a9-85b9-532441b000e2,http://data.europa.eu/esco/skill/0d85dc6f-ea26-49a9-85b9-532441b000e2,handle the logistics of medicinal products,skill/competence,sector-specific
0d9a7816-d3e4-4a6c-8fdc-4b4bbe278a85,http://data.europa.eu/esco/skill/0d9a7816-d3e4-4a6c-8fdc-4b4bbe278a85,train staff on call quality assurance,skill/competence,cross-sector
0da516ee-e70e-4384-be13-f5ff80be8127,http://data.europa.eu/esco/skill/0da516ee-e70e-4384-be13-f5ff80be8127,communicate with customers,skill/competence,cross-sector
0da6cab1-0ee9-4391-a299-f71fbf21db56,http://data.europa.eu/esco/skill/0da6cab1-0ee9-4391-a299-f71fbf21db56,ICT network routing,knowledge,sector-specific
0daaf096-1639-461c-bf1a-bbeea77e6b67,http://data.europa.eu/esco/skill/0daaf096-1639-461c-bf1a-bbeea77e6b67,internal risk management policy,knowledge,sector-specific
0dc7aa1b-b5af-4f4b-81ce-ee22ed8b6926,http://data.europa.eu/esco/skill/0dc7aa1b-b5af-4f4b-81ce-ee22ed8b6926,assess ICT knowledge,skill/competence,sector-specific
0dc8813a-cebd-4a42-acc8-9a7c4e6e3663,http://data.europa.eu/esco/skill/0dc8813a-cebd-4a42-acc8-9a7c4e6e3663,test procedures in electricity transmission,skill/competence,cross-sector
0dcbf7c5-bedf-4485-b16b-23df54443864,http://data.europa.eu/esco/skill/0dcbf7c5-bedf-4485-b16b-23df54443864,translate requirement concepts into content,skill/competence,sector-specific
0dd4d328-f015-463d-9a7e-06b7041f0b26,http://data.europa.eu/esco/skill/0dd4d328-f015-463d-9a7e-06b7041f0b26,consumer goods industry,knowledge,cross-sector
0de61385-de6d-4146-ba32-1cc1bc102220,http://data.europa.eu/esco/skill/0de61385-de6d-4146-ba32-1cc1bc102220,Lisp,knowledge,sector-specific
0e0c9c11-b39e-43cf-ba95-2fe646f5de64,http://data.europa.eu/esco/skill/0e0c9c11-b39e-43cf-ba95-2fe646f5de64,identify customer requirements,skill/competence,cross-sector
0e161427-3369-47c0-8669-9e226207f6d0,http://data.europa.eu/esco/skill/0e161427-3369-47c0-8669-9e226207f6d0,discern written communication,skill/competence,sector-specific
0e1fe34b-f4e7-4642-8c8b-5a05ac3438e5,http://data.europa.eu/esco/skill/0e1fe34b-f4e7-4642-8c8b-5a05ac3438e5,manage schedule of tasks,skill/competence,cross-sector
0e361e34-c563-4892-b9d3-873a6a4fef8a,http://data.europa.eu/esco/skill/0e361e34-c563-4892-b9d3-873a6a4fef8a,digital game genres,knowledge,sector-specific
0e44ceb3-9dd4-4ec4-b1d7-a0e83ddba7d4,http://data.europa.eu/esco/skill/0e44ceb3-9dd4-4ec4-b1d7-a0e83ddba7d4,automotive engineering,skill/competence,cross-sector
0e54cc0e-6cef-41ec-bd8c-e8e8778969ec,http://data.europa.eu/esco/skill/0e54cc0e-6cef-41ec-bd8c-e8e8778969ec,relationship marketing,knowledge,cross-sector
0e5affa0-705e-4b19-94e8-19e902e0287d,http://data.europa.eu/esco/skill/0e5affa0-705e-4b19-94e8-19e902e0287d,analyse decentralised applications,skill/competence,cross-sector
0e8d16c9-e2db-4862-ac06-1567f01ef806,http://data.europa.eu/esco/skill/0e8d16c9-e2db-4862-ac06-1567f01ef806,building systems monitoring technology,knowledge,sector-specific
0eb05180-6927-4c35-b898-176e00d0488c,http://data.europa.eu/esco/skill/0eb05180-6927-4c35-b898-176e00d0488c,sell services,skill/competence,cross-sector
0edaab25-1b72-4531-950d-d8b9a9f4a1c8,http://data.europa.eu/esco/skill/0edaab25-1b72-4531-950d-d8b9a9f4a1c8,treasury management system,knowledge,sector-specific
0ee7b0d6-db98-4785-9948-f2ef415d155a,http://data.europa.eu/esco/skill/0ee7b0d6-db98-4785-9948-f2ef415d155a,write research proposals,skill/competence,cross-sector
0ee94af1-b445-4973-9c3f-459fab250342,http://data.europa.eu/esco/skill/0ee94af1-b445-4973-9c3f-459fab250342,apply conflict management,skill/competence,cross-sector
0ee94c0a-3716-494a-95a2-dcbab9e58be2,http://data.europa.eu/esco/skill/0ee94c0a-3716-494a-95a2-dcbab9e58be2,business requirements techniques,knowledge,sector-specific
0efbe2dc-2770-47ec-b8f4-d1bdff6ac0a4,http://data.europa.eu/esco/skill/0efbe2dc-2770-47ec-b8f4-d1bdff6ac0a4,advise on risk management,skill/competence,cross-sector
0efd5409-0b0a-4dea-8d62-6bb960f61cdd,http://data.europa.eu/esco/skill/0efd5409-0b0a-4dea-8d62-6bb960f61cdd,make legal decisions,skill/competence,cross-sector
0f00f63f-3ab4-4057-b92f-500584b51757,http://data.europa.eu/esco/skill/0f00f63f-3ab4-4057-b92f-500584b51757,Informatica PowerCenter,knowledge,sector-specific
0f5bd097-ed76-47f7-8f44-93be67967b5f,http://data.europa.eu/esco/skill/0f5bd097-ed76-47f7-8f44-93be67967b5f,explain financial jargon,skill/competence,sector-specific
0f9958d2-f700-4f62-b90b-a5873cb5ae4c,http://data.europa.eu/esco/skill/0f9958d2-f700-4f62-b90b-a5873cb5ae4c,systems thinking,knowledge,occupation-specific
0f9f8352-0488-4a1e-9171-2c5466c17f41,http://data.europa.eu/esco/skill/0f9f8352-0488-4a1e-9171-2c5466c17f41,analyse unemployment rates,skill/competence,sector-specific
0fb753a1-2ef2-4429-84d2-ecb2b24daf7a,http://data.europa.eu/esco/skill/0fb753a1-2ef2-4429-84d2-ecb2b24daf7a,Apache Tomcat,knowledge,sector-specific
0fba68dc-6f5d-4974-b3cf-5d3215f7d363,http://data.europa.eu/esco/skill/0fba68dc-6f5d-4974-b3cf-5d3215f7d363,edit negatives,skill/competence,sector-specific
0ff99f51-40d9-42f1-a1ec-377b2bb5e15f,http://data.europa.eu/esco/skill/0ff99f51-40d9-42f1-a1ec-377b2bb5e15f,comply with food safety and hygiene,skill/competence,cross-sector
0ff9d03c-0430-4423-91d5-c2d3e12c3a22,http://data.europa.eu/esco/skill/0ff9d03c-0430-4423-91d5-c2d3e12c3a22,assist in developing practices for well being of employees,skill/competence,sector-specific
0ffdb6ac-03b5-4f1c-bfcc-3d9cb874fdf9,http://data.europa.eu/esco/skill/0ffdb6ac-03b5-4f1c-bfcc-3d9cb874fdf9,ethical hacking principles,knowledge,sector-specific
0ffed47f-d320-48cf-988d-40449825085c,http://data.europa.eu/esco/skill/0ffed47f-d320-48cf-988d-40449825085c,counselling methods,knowledge,cross-sector
1019423b-3368-4f83-b24f-19e5fa23e816,http://data.europa.eu/esco/skill/1019423b-3368-4f83-b24f-19e5fa23e816,software UI design patterns,knowledge,sector-specific
102b6ba8-452c-4f6b-8b3f-1ab5a2d02ffe,http://data.europa.eu/esco/skill/102b6ba8-452c-4f6b-8b3f-1ab5a2d02ffe,advise on credit rating,skill/competence,cross-sector
103f7814-d262-4df6-a1b6-759bc51f76cb,http://data.europa.eu/esco/skill/103f7814-d262-4df6-a1b6-759bc51f76cb,sustainable technologies,knowledge,cross-sector
108320f7-c8a1-4386-aed9-91054ab05619,http://data.europa.eu/esco/skill/108320f7-c8a1-4386-aed9-91054ab05619,develop agricultural policies,skill/competence,cross-sector
1110c92f-3059-445a-9436-0f4200d365f5,http://data.europa.eu/esco/skill/1110c92f-3059-445a-9436-0f4200d365f5,Sass,knowledge,sector-specific
113d2de3-2150-4949-b91d-abd3d39b370b,http://data.europa.eu/esco/skill/113d2de3-2150-4949-b91d-abd3d39b370b,demonstrate use of hardware,skill/competence,sector-specific
11430d93-c835-48ed-8e70-285fa69c9ae6,http://data.europa.eu/esco/skill/11430d93-c835-48ed-8e70-285fa69c9ae6,design cloud architecture,skill/competence,sector-specific
114c9698-c999-4369-8498-81bf641fe871,http://data.europa.eu/esco/skill/114c9698-c999-4369-8498-81bf641fe871,establish an ICT security prevention plan,skill/competence,occupation-specific
116083f9-8d05-4b2e-a15f-287b18de5f67,http://data.europa.eu/esco/skill/116083f9-8d05-4b2e-a15f-287b18de5f67,use global distribution system,skill/competence,cross-sector
117373c8-f04b-4fff-8683-aebe36edac81,http://data.europa.eu/esco/skill/117373c8-f04b-4fff-8683-aebe36edac81,hardware platforms,knowledge,sector-specific
11747665-0e98-4f27-bd0d-536862cd5746,http://data.europa.eu/esco/skill/11747665-0e98-4f27-bd0d-536862cd5746,identify suppliers,skill/competence,cross-sector
1177c6f5-09c5-4c35-873c-afd22d170ad3,http://data.europa.eu/esco/skill/1177c6f5-09c5-4c35-873c-afd22d170ad3,quality assurance procedures,knowledge,cross-sector
11877887-d81e-4fdd-865a-e47a40b6707d,http://data.europa.eu/esco/skill/11877887-d81e-4fdd-865a-e47a40b6707d,study communications channels for different employers/contractors,skill/competence,occupation-specific
118a9b27-1c5a-4214-b685-1a4d9e6365ea,http://data.europa.eu/esco/skill/118a9b27-1c5a-4214-b685-1a4d9e6365ea,computer forensics,knowledge,sector-specific
118efbcd-8fc5-4668-81d1-c383a0d16070,http://data.europa.eu/esco/skill/118efbcd-8fc5-4668-81d1-c383a0d16070,handle helpdesk problems,skill/competence,cross-sector
11bbb82e-f3cc-4734-94d5-b99fdd0a683e,http://data.europa.eu/esco/skill/11bbb82e-f3cc-4734-94d5-b99fdd0a683e,explain interview purposes,skill/competence,cross-sector
11c56452-fcec-4b00-9695-cca4728e5048,http://data.europa.eu/esco/skill/11c56452-fcec-4b00-9695-cca4728e5048,marketing analytics,knowledge,cross-sector
11cbcf7f-8dc3-4c9a-9ec1-37f51b5cbc19,http://data.europa.eu/esco/skill/11cbcf7f-8dc3-4c9a-9ec1-37f51b5cbc19,international trade,knowledge,cross-sector
11e7b341-ecd9-445c-b1fe-ba220b706b21,http://data.europa.eu/esco/skill/11e7b341-ecd9-445c-b1fe-ba220b706b21,develop competition policies,skill/competence,sector-specific
11eebd42-44ab-401d-8a2c-bdb9fc9beb50,http://data.europa.eu/esco/skill/11eebd42-44ab-401d-8a2c-bdb9fc9beb50,information security strategy,knowledge,sector-specific
11f536f5-b0e2-46a6-95c1-bd765946604c,http://data.europa.eu/esco/skill/11f536f5-b0e2-46a6-95c1-bd765946604c,guarantee students' safety,skill/competence,cross-sector
1212ac42-2564-4fce-80e1-6ce4ea4d9bf5,http://data.europa.eu/esco/skill/1212ac42-2564-4fce-80e1-6ce4ea4d9bf5,advise on personnel management,skill/competence,cross-sector
12274664-b642-4945-b88f-d7787dc3c9dd,http://data.europa.eu/esco/skill/12274664-b642-4945-b88f-d7787dc3c9dd,design interaction model,skill/competence,sector-specific
123cf7c5-6a3b-419d-be4f-49a6cc020f9f,http://data.europa.eu/esco/skill/123cf7c5-6a3b-419d-be4f-49a6cc020f9f,interactive media,knowledge,cross-sector
1279a2e8-e44f-49b6-9a7f-9241d07d2ed3,http://data.europa.eu/esco/skill/1279a2e8-e44f-49b6-9a7f-9241d07d2ed3,conclude business agreements,skill/competence,cross-sector
128f0b4c-8da7-467b-9196-7c691e067a1e,http://data.europa.eu/esco/skill/128f0b4c-8da7-467b-9196-7c691e067a1e,assign homework,skill/competence,sector-specific
128f318e-1bc8-4921-821f-b0aad1d98922,http://data.europa.eu/esco/skill/128f318e-1bc8-4921-821f-b0aad1d98922,determine appropriate heating and cooling system,skill/competence,sector-specific
12c7b323-d870-4f5b-9d7d-d9f525206d77,http://data.europa.eu/esco/skill/12c7b323-d870-4f5b-9d7d-d9f525206d77,production processes,knowledge,cross-sector
12c82224-6394-4c3c-9831-2a8198ed1274,http://data.europa.eu/esco/skill/12c82224-6394-4c3c-9831-2a8198ed1274,optical character recognition software,knowledge,cross-sector
12d93356-78e7-4857-99a6-f00b4ae2ec77,http://data.europa.eu/esco/skill/12d93356-78e7-4857-99a6-f00b4ae2ec77,analyse loans,skill/competence,cross-sector
1349751e-dfb5-492e-89af-e7d9bd2546ac,http://data.europa.eu/esco/skill/1349751e-dfb5-492e-89af-e7d9bd2546ac,patents,knowledge,cross-sector
136596a4-00b5-4ed3-bb6e-717198c1ccbe,http://data.europa.eu/esco/skill/136596a4-00b5-4ed3-bb6e-717198c1ccbe,apply soldering techniques,skill/competence,cross-sector
1368c06f-202d-4776-8153-93aed512cc64,http://data.europa.eu/esco/skill/1368c06f-202d-4776-8153-93aed512cc64,perform contract reporting and evaluation,skill/competence,cross-sector
136e0cab-0b19-48f7-9086-745d615f416b,http://data.europa.eu/esco/skill/136e0cab-0b19-48f7-9086-745d615f416b,customer segmentation,knowledge,cross-sector
13bdd41a-2a18-441f-96db-41252c519413,http://data.europa.eu/esco/skill/13bdd41a-2a18-441f-96db-41252c519413,Visual Basic,knowledge,sector-specific
13e2378e-0d10-450d-843a-b3592575826e,http://data.europa.eu/esco/skill/13e2378e-0d10-450d-843a-b3592575826e,implement marketing strategies,skill/competence,cross-sector
13e5ed0f-9698-4b32-b44c-fb6a6a9fdd7f,http://data.europa.eu/esco/skill/13e5ed0f-9698-4b32-b44c-fb6a6a9fdd7f,provide information on school services,skill/competence,cross-sector
14062e1c-6540-4cb6-b343-ad419e3d10ac,http://data.europa.eu/esco/skill/14062e1c-6540-4cb6-b343-ad419e3d10ac,blockchain components,knowledge,sector-specific
143769cb-b61e-47d8-a61e-eedfbec1016c,http://data.europa.eu/esco/skill/143769cb-b61e-47d8-a61e-eedfbec1016c,business intelligence,knowledge,cross-sector
14464b13-19b5-4403-8c2c-09eb98e28f2f,http://data.europa.eu/esco/skill/14464b13-19b5-4403-8c2c-09eb98e28f2f,inform on fiscal duties,skill/competence,cross-sector
146eccdc-c52a-4d61-9406-3af617caa7d6,http://data.europa.eu/esco/skill/146eccdc-c52a-4d61-9406-3af617caa7d6,forecast sales over periods of time,skill/competence,cross-sector
147170ba-0141-4337-89af-b4513d745afe,http://data.europa.eu/esco/skill/147170ba-0141-4337-89af-b4513d745afe,support development of annual budget,skill/competence,sector-specific
14832d87-2f2f-4895-b290-e4760ebae42a,http://data.europa.eu/esco/skill/14832d87-2f2f-4895-b290-e4760ebae42a,solve technical problems,skill/competence,cross-sector
14ced458-5f4b-495f-bd3d-9c240614bda0,http://data.europa.eu/esco/skill/14ced458-5f4b-495f-bd3d-9c240614bda0,Adobe Photoshop,knowledge,sector-specific
14d133af-6662-490e-9716-a4cc1e26676a,http://data.europa.eu/esco/skill/14d133af-6662-490e-9716-a4cc1e26676a,advocate a cause,skill/competence,sector-specific
14d1e367-3efe-4ec5-86ae-eca48710ee4e,http://data.europa.eu/esco/skill/14d1e367-3efe-4ec5-86ae-eca48710ee4e,implement ICT security policies,skill/competence,sector-specific
14fdac88-6d4a-4e47-9df5-02c6d1e86fdd,http://data.europa.eu/esco/skill/14fdac88-6d4a-4e47-9df5-02c6d1e86fdd,IBM InfoSphere DataStage,knowledge,sector-specific
151174e2-2a27-4c1e-be68-6446278d34b7,http://data.europa.eu/esco/skill/151174e2-2a27-4c1e-be68-6446278d34b7,exercise stewardship,skill/competence,cross-sector
1557b114-8222-46d5-acff-d2838909c302,http://data.europa.eu/esco/skill/1557b114-8222-46d5-acff-d2838909c302,provide connected car solutions,skill/competence,sector-specific
1585fc98-bfe4-461f-97fc-734055a2c3ce,http://data.europa.eu/esco/skill/1585fc98-bfe4-461f-97fc-734055a2c3ce,characteristics of products,knowledge,sector-specific
15952b07-e74b-4618-baf2-51f40a5edbc4,http://data.europa.eu/esco/skill/15952b07-e74b-4618-baf2-51f40a5edbc4,intermodalism,knowledge,sector-specific
15a33d76-4640-438d-ae64-fdc0c1d3eebc,http://data.europa.eu/esco/skill/15a33d76-4640-438d-ae64-fdc0c1d3eebc,customer service,knowledge,sector-specific
15d6d4e9-9b4b-4a93-aea5-a29a67b6d9e7,http://data.europa.eu/esco/skill/15d6d4e9-9b4b-4a93-aea5-a29a67b6d9e7,insurance law,knowledge,cross-sector
15d76317-c71a-4fa2-aadc-2ecc34e627b7,http://data.europa.eu/esco/skill/15d76317-c71a-4fa2-aadc-2ecc34e627b7,communication,knowledge,cross-sector
1605025e-a179-421f-8f35-5b07d182a6b2,http://data.europa.eu/esco/skill/1605025e-a179-421f-8f35-5b07d182a6b2,web analytics,knowledge,cross-sector
16132f2b-cf61-4c53-ae8d-9023a8bab90b,http://data.europa.eu/esco/skill/16132f2b-cf61-4c53-ae8d-9023a8bab90b,telemarketing,knowledge,cross-sector
161a6c5a-593a-4977-b7b7-49c6a2a2f2a3,http://data.europa.eu/esco/skill/161a6c5a-593a-4977-b7b7-49c6a2a2f2a3,advise on tax planning,skill/competence,cross-sector
162c7407-14ec-43ef-a4c2-31ccd1267850,http://data.europa.eu/esco/skill/162c7407-14ec-43ef-a4c2-31ccd1267850,design firmware,skill/competence,cross-sector
1638fad2-6858-477d-8ee9-2aa463870602,http://data.europa.eu/esco/skill/1638fad2-6858-477d-8ee9-2aa463870602,manage securities,skill/competence,cross-sector
16594fea-3004-4730-838f-e35a432b49da,http://data.europa.eu/esco/skill/16594fea-3004-4730-838f-e35a432b49da,perform stock valuation,skill/competence,cross-sector
16a00c69-9c74-4c37-96d7-6301d285e5ce,http://data.europa.eu/esco/skill/16a00c69-9c74-4c37-96d7-6301d285e5ce,use e-services,skill/competence,cross-sector
16a3d876-e330-4648-b03f-5f8d7e18ee17,http://data.europa.eu/esco/skill/16a3d876-e330-4648-b03f-5f8d7e18ee17,collect geological data,skill/competence,sector-specific
16f61a5b-23ba-4268-8517-82c77c4041a1,http://data.europa.eu/esco/skill/16f61a5b-23ba-4268-8517-82c77c4041a1,examine budgets,skill/competence,occupation-specific
1709f408-9965-489b-9805-8e1e5d9e483b,http://data.europa.eu/esco/skill/1709f408-9965-489b-9805-8e1e5d9e483b,health care legislation,knowledge,cross-sector
171eee55-19b9-46d6-aded-33193ba8ccf1,http://data.europa.eu/esco/skill/171eee55-19b9-46d6-aded-33193ba8ccf1,study sales levels of products,skill/competence,cross-sector
172020d1-e151-445b-8173-e2a5fb16fe51,http://data.europa.eu/esco/skill/172020d1-e151-445b-8173-e2a5fb16fe51,utilise computer-aided software engineering tools,skill/competence,sector-specific
17702c40-e963-4593-847e-a332b1c9357e,http://data.europa.eu/esco/skill/17702c40-e963-4593-847e-a332b1c9357e,Edmodo,knowledge,sector-specific
1774bd31-8893-44cf-9498-7e3d95508419,http://data.europa.eu/esco/skill/1774bd31-8893-44cf-9498-7e3d95508419,screen reader,knowledge,cross-sector
1781b399-9559-4cec-9bd0-9d007216d4b7,http://data.europa.eu/esco/skill/1781b399-9559-4cec-9bd0-9d007216d4b7,prevent fraudulent activities,skill/competence,cross-sector
17924c75-45f4-4593-afac-eea0d51f04b5,http://data.europa.eu/esco/skill/17924c75-45f4-4593-afac-eea0d51f04b5,defence standard procedures,knowledge,sector-specific
17c9a790-5664-4673-8237-c4cf3c5a8da5,http://data.europa.eu/esco/skill/17c9a790-5664-4673-8237-c4cf3c5a8da5,conduct impact evaluation of ICT processes on business,skill/competence,cross-sector
182915aa-3470-433a-9b12-347511befcde,http://data.europa.eu/esco/skill/182915aa-3470-433a-9b12-347511befcde,maintain records of maintenance interventions,skill/competence,cross-sector
183eb46f-24f6-4e15-8017-93f10039c0a6,http://data.europa.eu/esco/skill/183eb46f-24f6-4e15-8017-93f10039c0a6,maintain vehicle records,skill/competence,sector-specific
1859883d-c047-4fe1-8e74-7bb4385d6ad2,http://data.europa.eu/esco/skill/1859883d-c047-4fe1-8e74-7bb4385d6ad2,apply 3D imaging techniques,skill/competence,sector-specific
187f82c7-b165-4e6b-b327-704e38e85cdd,http://data.europa.eu/esco/skill/187f82c7-b165-4e6b-b327-704e38e85cdd,automotive diagnostic equipment,knowledge,sector-specific
188048ff-18bf-43c4-a1a0-7adb6e68f421,http://data.europa.eu/esco/skill/188048ff-18bf-43c4-a1a0-7adb6e68f421,monitor machine operations,skill/competence,cross-sector
1883a1f5-f190-4ef3-8521-36d8cc6dbb47,http://data.europa.eu/esco/skill/1883a1f5-f190-4ef3-8521-36d8cc6dbb47,inspect tax returns,skill/competence,cross-sector
18ab25a5-ce2d-4cd5-b7b0-3890f595f77d,http://data.europa.eu/esco/skill/18ab25a5-ce2d-4cd5-b7b0-3890f595f77d,manage alarm system,skill/competence,sector-specific
18ee0ab2-60c0-42f2-9ce6-041738d63293,http://data.europa.eu/esco/skill/18ee0ab2-60c0-42f2-9ce6-041738d63293,manage electricity transmission system,skill/competence,sector-specific
1951e126-6c66-46cf-9345-d4941c85bc2a,http://data.europa.eu/esco/skill/1951e126-6c66-46cf-9345-d4941c85bc2a,inspect government expenditures,skill/competence,cross-sector
1954f68c-74be-4727-b127-1025ab39bfcc,http://data.europa.eu/esco/skill/1954f68c-74be-4727-b127-1025ab39bfcc,determine charges for customer services,skill/competence,occupation-specific
1973c966-f236-40c9-b2d4-5d71a89019be,http://data.europa.eu/esco/skill/1973c966-f236-40c9-b2d4-5d71a89019be,use spreadsheets software,skill/competence,cross-sector
198b614d-a9af-46f5-b3fd-2672b401dd8e,http://data.europa.eu/esco/skill/198b614d-a9af-46f5-b3fd-2672b401dd8e,health and safety in the workplace,knowledge,cross-sector
19a8293b-8e95-4de3-983f-77484079c389,http://data.europa.eu/esco/skill/19a8293b-8e95-4de3-983f-77484079c389,Java (computer programming),knowledge,sector-specific
19bf58ed-23b8-4763-b231-d4a1e98a225d,http://data.europa.eu/esco/skill/19bf58ed-23b8-4763-b231-d4a1e98a225d,promote gender equality in business contexts,skill/competence,sector-specific
19c0e68e-6e6c-4698-85dc-ef66a9de2c37,http://data.europa.eu/esco/skill/19c0e68e-6e6c-4698-85dc-ef66a9de2c37,maintain information network hardware,skill/competence,cross-sector
19ec88aa-c0b1-4515-ba10-56b6cf27369e,http://data.europa.eu/esco/skill/19ec88aa-c0b1-4515-ba10-56b6cf27369e,electronic equipment standards,knowledge,cross-sector
1a080b07-406e-4a2e-b316-fc766f2e6e2d,http://data.europa.eu/esco/skill/1a080b07-406e-4a2e-b316-fc766f2e6e2d,railway law,knowledge,cross-sector
1a165a9b-2006-49e1-90b8-c0709933b4a3,http://data.europa.eu/esco/skill/1a165a9b-2006-49e1-90b8-c0709933b4a3,use a complex communication system,skill/competence,sector-specific
1a3660c2-011c-4e96-9b1d-529afc305428,http://data.europa.eu/esco/skill/1a3660c2-011c-4e96-9b1d-529afc305428,inspect quality of products,skill/competence,cross-sector
1a4cc54f-1e53-442b-a6d2-1682dc8ef8f9,http://data.europa.eu/esco/skill/1a4cc54f-1e53-442b-a6d2-1682dc8ef8f9,creatively use digital technologies,skill/competence,cross-sector
1a4fdd0e-2cbe-4b77-aa6e-e46efc181b76,http://data.europa.eu/esco/skill/1a4fdd0e-2cbe-4b77-aa6e-e46efc181b76,represent the organisation,skill/competence,cross-sector
1a539b09-1fd9-4a86-9c5d-fde7499a2f9d,http://data.europa.eu/esco/skill/1a539b09-1fd9-4a86-9c5d-fde7499a2f9d,election law,knowledge,cross-sector
1a6c7e0d-fc13-41d7-a5c0-8ca00606de89,http://data.europa.eu/esco/skill/1a6c7e0d-fc13-41d7-a5c0-8ca00606de89,promote sustainable energy,skill/competence,sector-specific
1a9d7afe-9480-4ce7-b500-2c16d3984c15,http://data.europa.eu/esco/skill/1a9d7afe-9480-4ce7-b500-2c16d3984c15,carry out naming strategies,skill/competence,occupation-specific
1ab1449d-5b65-458b-b115-f5283a52da8e,http://data.europa.eu/esco/skill/1ab1449d-5b65-458b-b115-f5283a52da8e,advise on utility consumption,skill/competence,sector-specific
1ad71686-dadc-4ff5-8007-9af8fefd882e,http://data.europa.eu/esco/skill/1ad71686-dadc-4ff5-8007-9af8fefd882e,promote free trade,skill/competence,sector-specific
1ad823ab-5eb5-4377-a24a-d3deca1f7bfd,http://data.europa.eu/esco/skill/1ad823ab-5eb5-4377-a24a-d3deca1f7bfd,maintain relations with local representatives,skill/competence,sector-specific
1af2db15-2af9-44dd-9639-bf1fc69d4c34,http://data.europa.eu/esco/skill/1af2db15-2af9-44dd-9639-bf1fc69d4c34,manage relationships with stakeholders,skill/competence,cross-sector
1b1c2d44-c487-4121-a2ed-dcda651f4d59,http://data.europa.eu/esco/skill/1b1c2d44-c487-4121-a2ed-dcda651f4d59,car controls,knowledge,sector-specific
1b1cf435-46ba-4471-afda-5029b36b3862,http://data.europa.eu/esco/skill/1b1cf435-46ba-4471-afda-5029b36b3862,government representation,knowledge,cross-sector
1b3fc0e0-c6f9-45fc-9c6e-14bbba662979,http://data.europa.eu/esco/skill/1b3fc0e0-c6f9-45fc-9c6e-14bbba662979,develop information standards,skill/competence,cross-sector
1b70a55d-b8a4-49fc-96c6-15ab4cff2522,http://data.europa.eu/esco/skill/1b70a55d-b8a4-49fc-96c6-15ab4cff2522,use data processing techniques,skill/competence,cross-sector
1b7c716e-af95-4cda-a42f-6479c8b139f5,http://data.europa.eu/esco/skill/1b7c716e-af95-4cda-a42f-6479c8b139f5,MDX,knowledge,sector-specific
1b8194a4-952a-48e6-8087-237a29039f50,http://data.europa.eu/esco/skill/1b8194a4-952a-48e6-8087-237a29039f50,analyse claim files,skill/competence,sector-specific
1b957e3d-0017-42b0-9bfe-49a1cdd31de7,http://data.europa.eu/esco/skill/1b957e3d-0017-42b0-9bfe-49a1cdd31de7,teach writing,skill/competence,sector-specific
1ba59ce0-7fec-434b-8d5c-9b275250a26c,http://data.europa.eu/esco/skill/1ba59ce0-7fec-434b-8d5c-9b275250a26c,prepare presentation material,skill/competence,cross-sector
1bba98a7-92b9-450b-9235-e0c905f8f3c4,http://data.europa.eu/esco/skill/1bba98a7-92b9-450b-9235-e0c905f8f3c4,information architecture,knowledge,sector-specific
1c08d63d-1c5e-4b9b-ad3e-f7ba7debb2d1,http://data.europa.eu/esco/skill/1c08d63d-1c5e-4b9b-ad3e-f7ba7debb2d1,forecast organisational risks,skill/competence,cross-sector
1c2978b8-bb0d-4249-9c23-877571a4dffa,http://data.europa.eu/esco/skill/1c2978b8-bb0d-4249-9c23-877571a4dffa,cloud security and compliance,knowledge,sector-specific
1c460d2d-90c6-4fc9-ad49-febb6e15605a,http://data.europa.eu/esco/skill/1c460d2d-90c6-4fc9-ad49-febb6e15605a,pricing strategies,knowledge,cross-sector
1c66359a-5d68-4526-86ab-4a2c554aab57,http://data.europa.eu/esco/skill/1c66359a-5d68-4526-86ab-4a2c554aab57,create cultural venue outreach policies,skill/competence,sector-specific
1ca140f8-d8aa-4e02-8ddc-31cbf75dd7ae,http://data.europa.eu/esco/skill/1ca140f8-d8aa-4e02-8ddc-31cbf75dd7ae,microwave principles,knowledge,sector-specific
1cca610d-2afc-44a7-97fc-f2262fb5fc75,http://data.europa.eu/esco/skill/1cca610d-2afc-44a7-97fc-f2262fb5fc75,surveying,knowledge,cross-sector
1cdd0afe-196f-4d8a-924f-4d7473cce3c7,http://data.europa.eu/esco/skill/1cdd0afe-196f-4d8a-924f-4d7473cce3c7,battery management systems,knowledge,sector-specific
1ce4cddd-4a74-458e-a2d4-152ca939475a,http://data.europa.eu/esco/skill/1ce4cddd-4a74-458e-a2d4-152ca939475a,OWASP ZAP,knowledge,sector-specific
1cf20c3c-027e-45f4-bad1-c91b98726d28,http://data.europa.eu/esco/skill/1cf20c3c-027e-45f4-bad1-c91b98726d28,provide information on geothermal heat pumps,skill/competence,sector-specific
1d062465-89b3-4fd9-b043-0f4d6d386a52,http://data.europa.eu/esco/skill/1d062465-89b3-4fd9-b043-0f4d6d386a52,media law,knowledge,cross-sector
1d25213c-ab01-45c5-8bb3-f2fd9702a919,http://data.europa.eu/esco/skill/1d25213c-ab01-45c5-8bb3-f2fd9702a919,integrate headquarter's guidelines into local operations,skill/competence,cross-sector
1d38a162-61a0-42e8-83ca-47ce3e881032,http://data.europa.eu/esco/skill/1d38a162-61a0-42e8-83ca-47ce3e881032,develop a coaching style,skill/competence,cross-sector
1d58c862-1100-438a-bea7-34e0c2a36055,http://data.europa.eu/esco/skill/1d58c862-1100-438a-bea7-34e0c2a36055,analytical methods in biomedical sciences,knowledge,sector-specific
1d7234e4-1c76-4d67-9487-71d8c529cdc9,http://data.europa.eu/esco/skill/1d7234e4-1c76-4d67-9487-71d8c529cdc9,compile legal documents,skill/competence,cross-sector
1d86f05e-e9cc-40ce-99d8-2b21cc71b16b,http://data.europa.eu/esco/skill/1d86f05e-e9cc-40ce-99d8-2b21cc71b16b,solution deployment,knowledge,sector-specific
1dae8445-12e5-423a-bb26-824010e299b9,http://data.europa.eu/esco/skill/1dae8445-12e5-423a-bb26-824010e299b9,ensure compliance with legal requirements,skill/competence,cross-sector
1dd23dba-dd00-45ab-abf4-642902538317,http://data.europa.eu/esco/skill/1dd23dba-dd00-45ab-abf4-642902538317,perform risk analysis,skill/competence,cross-sector
1de3942b-99d8-41e8-9ef0-fbc9e9f6307b,http://data.europa.eu/esco/skill/1de3942b-99d8-41e8-9ef0-fbc9e9f6307b,Drupal,knowledge,sector-specific
1de6b87b-2c7d-49aa-bcc0-3b2ef75f064f,http://data.europa.eu/esco/skill/1de6b87b-2c7d-49aa-bcc0-3b2ef75f064f,resolve equipment malfunctions,skill/competence,cross-sector
1dea2f3a-857c-4fc3-b1f8-d5f2015c46a9,http://data.europa.eu/esco/skill/1dea2f3a-857c-4fc3-b1f8-d5f2015c46a9,give instructions to staff,skill/competence,cross-sector
1df7bd8e-b961-4d6e-b2f3-db92b14dd460,http://data.europa.eu/esco/skill/1df7bd8e-b961-4d6e-b2f3-db92b14dd460,organise study information sessions,skill/competence,occupation-specific
1e2e8415-0a45-466b-ba7b-25c0e72538c1,http://data.europa.eu/esco/skill/1e2e8415-0a45-466b-ba7b-25c0e72538c1,perform a feasibility study on district heating and cooling,skill/competence,sector-specific
1e38f5be-bb7d-42c5-8301-c16cf400f8ee,http://data.europa.eu/esco/skill/1e38f5be-bb7d-42c5-8301-c16cf400f8ee,energy,knowledge,cross-sector
1e77e42a-181f-4b48-8e74-201ce50ffc29,http://data.europa.eu/esco/skill/1e77e42a-181f-4b48-8e74-201ce50ffc29,interpret current data,skill/competence,cross-sector
1e7ed56a-6d6b-422f-962e-38543d150755,http://data.europa.eu/esco/skill/1e7ed56a-6d6b-422f-962e-38543d150755,manage changes in ICT system,skill/competence,sector-specific
1f0fbd17-56b7-45cd-b841-e7d9e2a5a14e,http://data.europa.eu/esco/skill/1f0fbd17-56b7-45cd-b841-e7d9e2a5a14e,identify blockchain innovation opportunities,skill/competence,sector-specific
1f1d2ff8-c4c1-45cc-9812-6a7ee84a73cb,http://data.europa.eu/esco/skill/1f1d2ff8-c4c1-45cc-9812-6a7ee84a73cb,lead a team,skill/competence,cross-sector
1f618933-1c1b-4b49-91f7-d567d25406bf,http://data.europa.eu/esco/skill/1f618933-1c1b-4b49-91f7-d567d25406bf,liaise with transportation companies,skill/competence,cross-sector
1f632076-fd9b-4b18-a9a2-b59a59181d3e,http://data.europa.eu/esco/skill/1f632076-fd9b-4b18-a9a2-b59a59181d3e,urban planning law,knowledge,cross-sector
1f676dcd-cd01-4b94-bc93-af98396549bc,http://data.europa.eu/esco/skill/1f676dcd-cd01-4b94-bc93-af98396549bc,evaluate cultural venue programmes,skill/competence,sector-specific
1f6eac42-e5aa-4fa7-a75d-a4eea12c618e,http://data.europa.eu/esco/skill/1f6eac42-e5aa-4fa7-a75d-a4eea12c618e,disseminate internal communications,skill/competence,cross-sector
1fcce318-3212-487a-ac07-4941bc85060d,http://data.europa.eu/esco/skill/1fcce318-3212-487a-ac07-4941bc85060d,carry out project activities,skill/competence,cross-sector
1fea0bc2-a6fa-4fe8-b36f-7a3194f8ed1c,http://data.europa.eu/esco/skill/1fea0bc2-a6fa-4fe8-b36f-7a3194f8ed1c,electricity principles,knowledge,cross-sector
1ff53c92-370d-414b-b758-b0a1b8026853,http://data.europa.eu/esco/skill/1ff53c92-370d-414b-b758-b0a1b8026853,check methods,knowledge,cross-sector
1ffac4ac-fda7-407d-8ed1-ca8f4a8dc146,http://data.europa.eu/esco/skill/1ffac4ac-fda7-407d-8ed1-ca8f4a8dc146,Angular,knowledge,sector-specific
203083ca-b051-4c28-8986-fc8731bacee5,http://data.europa.eu/esco/skill/203083ca-b051-4c28-8986-fc8731bacee5,sustainable finance,knowledge,sector-specific
207f87c4-ac68-4987-990c-636ca19c2626,http://data.europa.eu/esco/skill/207f87c4-ac68-4987-990c-636ca19c2626,calculate wages,skill/competence,occupation-specific
209a5498-3449-4689-8ed9-bd08cab4fd78,http://data.europa.eu/esco/skill/209a5498-3449-4689-8ed9-bd08cab4fd78,engineering principles,knowledge,cross-sector
20a41697-108d-4231-b230-ea7a16a659a6,http://data.europa.eu/esco/skill/20a41697-108d-4231-b230-ea7a16a659a6,liaise with event sponsors,skill/competence,sector-specific
20a8fe89-d4eb-4698-8521-8881c13377e0,http://data.europa.eu/esco/skill/20a8fe89-d4eb-4698-8521-8881c13377e0,interact professionally in research and professional environments,skill/competence,cross-sector
20c920d4-7ff7-4676-ba61-3f04490d9416,http://data.europa.eu/esco/skill/20c920d4-7ff7-4676-ba61-3f04490d9416,keep up with the latest information systems solutions,skill/competence,sector-specific
20e7c937-a5e5-4a27-bb87-ddda5826f777,http://data.europa.eu/esco/skill/20e7c937-a5e5-4a27-bb87-ddda5826f777,liaise with cultural partners,skill/competence,sector-specific
20f57a7f-b90e-4403-8c77-5ddd89b5835b,http://data.europa.eu/esco/skill/20f57a7f-b90e-4403-8c77-5ddd89b5835b,prepare lesson content,skill/competence,cross-sector
21056f6a-8a85-4eb0-b709-468578b809e0,http://data.europa.eu/esco/skill/21056f6a-8a85-4eb0-b709-468578b809e0,assess the feasibility of implementing developments,skill/competence,cross-sector
210827e3-3129-45a2-8683-70399f3f561f,http://data.europa.eu/esco/skill/210827e3-3129-45a2-8683-70399f3f561f,order supplies,skill/competence,cross-sector
2111dff8-f830-46ad-80ce-7885893b3134,http://data.europa.eu/esco/skill/2111dff8-f830-46ad-80ce-7885893b3134,coordinate events,skill/competence,cross-sector
2164e860-7f20-48bc-b98c-5d9f8a561550,http://data.europa.eu/esco/skill/2164e860-7f20-48bc-b98c-5d9f8a561550,design computer network,skill/competence,sector-specific
2174c1b0-e13c-4850-8e4d-2bc6183018bf,http://data.europa.eu/esco/skill/2174c1b0-e13c-4850-8e4d-2bc6183018bf,cryptocurrency,knowledge,sector-specific
2180bd8c-86de-4889-8165-adac902eee9d,http://data.europa.eu/esco/skill/2180bd8c-86de-4889-8165-adac902eee9d,embedded systems,knowledge,sector-specific
21934d08-3535-4dc2-ae67-fde9fd21dc60,http://data.europa.eu/esco/skill/21934d08-3535-4dc2-ae67-fde9fd21dc60,determine internal air quality parameters,skill/competence,sector-specific
219dd03d-4168-416a-be40-f4becca55130,http://data.europa.eu/esco/skill/219dd03d-4168-416a-be40-f4becca55130,Engrade,knowledge,sector-specific
21a3967a-dca2-4efa-9e5f-943f15527a47,http://data.europa.eu/esco/skill/21a3967a-dca2-4efa-9e5f-943f15527a47,international tariffs,knowledge,sector-specific
21c27eba-bd1f-42f5-a1d5-c250227030f7,http://data.europa.eu/esco/skill/21c27eba-bd1f-42f5-a1d5-c250227030f7,electricity consumption,knowledge,cross-sector
21c5790c-0930-4d74-b3b0-84caf5af12ea,http://data.europa.eu/esco/skill/21c5790c-0930-4d74-b3b0-84caf5af12ea,manage budgets,skill/competence,cross-sector
21d2f96d-35f7-4e3f-9745-c533d2dd6e97,http://data.europa.eu/esco/skill/21d2f96d-35f7-4e3f-9745-c533d2dd6e97,computer programming,knowledge,cross-sector
21fecc8a-392e-49ce-ac26-fb0696ccfead,http://data.europa.eu/esco/skill/21fecc8a-392e-49ce-ac26-fb0696ccfead,create project specifications,skill/competence,cross-sector
2206af0c-3deb-48c5-a544-b9983d347da3,http://data.europa.eu/esco/skill/2206af0c-3deb-48c5-a544-b9983d347da3,answer requests for quotation,skill/competence,cross-sector
2239694b-771a-4586-8b54-2794e361a9ae,http://data.europa.eu/esco/skill/2239694b-771a-4586-8b54-2794e361a9ae,maintain relationship with customers,skill/competence,sector-specific
2242a42b-f810-4007-bd9c-e761f863cfd9,http://data.europa.eu/esco/skill/2242a42b-f810-4007-bd9c-e761f863cfd9,handle case evidence,skill/competence,cross-sector
2245cba7-fa4f-47b8-a0cb-3a6b60d703ee,http://data.europa.eu/esco/skill/2245cba7-fa4f-47b8-a0cb-3a6b60d703ee,give advice on personal matters,skill/competence,sector-specific
22902bf9-cc3f-495b-811a-c441e28e23f6,http://data.europa.eu/esco/skill/22902bf9-cc3f-495b-811a-c441e28e23f6,manage project information,skill/competence,sector-specific
229b10cf-6f3a-490c-9706-01c107df0562,http://data.europa.eu/esco/skill/229b10cf-6f3a-490c-9706-01c107df0562,facilitate teamwork between students,skill/competence,sector-specific
22a173f5-868c-4d82-87e6-beed500ce070,http://data.europa.eu/esco/skill/22a173f5-868c-4d82-87e6-beed500ce070,prepare tax returns forms,skill/competence,cross-sector
22b8039c-c890-4610-9228-5527e3b98f12,http://data.europa.eu/esco/skill/22b8039c-c890-4610-9228-5527e3b98f12,set quality assurance objectives,skill/competence,cross-sector
22c2af9e-ba0d-4cee-abb6-b6dbef006cd5,http://data.europa.eu/esco/skill/22c2af9e-ba0d-4cee-abb6-b6dbef006cd5,motivate employees,skill/competence,cross-sector
22c3b4ff-e2e0-4b40-8f3d-17788c0df295,http://data.europa.eu/esco/skill/22c3b4ff-e2e0-4b40-8f3d-17788c0df295,assist in developing marketing campaigns,skill/competence,cross-sector
22c45bf7-e52b-475f-847b-c32a87f65a5d,http://data.europa.eu/esco/skill/22c45bf7-e52b-475f-847b-c32a87f65a5d,circular economy,knowledge,cross-sector
22d69f7d-cbbf-4098-a5a8-a1b2f73cafb0,http://data.europa.eu/esco/skill/22d69f7d-cbbf-4098-a5a8-a1b2f73cafb0,inspect overhead power lines,skill/competence,cross-sector
2313b15d-a9a7-4830-9bcc-fd7df79d842b,http://data.europa.eu/esco/skill/2313b15d-a9a7-4830-9bcc-fd7df79d842b,enforce financial policies,skill/competence,cross-sector
23236dce-adc6-47bc-91e2-6701a93ece58,http://data.europa.eu/esco/skill/23236dce-adc6-47bc-91e2-6701a93ece58,test microelectromechanical systems,skill/competence,sector-specific
233be639-bdb5-4099-ab40-96d537d6c1f3,http://data.europa.eu/esco/skill/233be639-bdb5-4099-ab40-96d537d6c1f3,ensure compliance with safety legislation,skill/competence,cross-sector
234aeb8d-56c3-4531-9193-1c5e6a8d16cb,http://data.europa.eu/esco/skill/234aeb8d-56c3-4531-9193-1c5e6a8d16cb,use presentation software,skill/competence,cross-sector
237db40b-4600-47c0-837f-4a2c4f3014ab,http://data.europa.eu/esco/skill/237db40b-4600-47c0-837f-4a2c4f3014ab,project management principles,knowledge,cross-sector
23900e3d-06fa-424c-a5dc-c0ea42edde1e,http://data.europa.eu/esco/skill/23900e3d-06fa-424c-a5dc-c0ea42edde1e,Oracle Warehouse Builder,knowledge,sector-specific
23ac233d-84ad-4517-b0f5-8ca19ba2614e,http://data.europa.eu/esco/skill/23ac233d-84ad-4517-b0f5-8ca19ba2614e,monitor developments in field of expertise,skill/competence,cross-sector
23b45aa6-a479-486d-9e6f-062cbab7c68a,http://data.europa.eu/esco/skill/23b45aa6-a479-486d-9e6f-062cbab7c68a,interfacing techniques,knowledge,sector-specific
23b97a3e-dfde-4627-9d97-114a9f3e4cd0,http://data.europa.eu/esco/skill/23b97a3e-dfde-4627-9d97-114a9f3e4cd0,negotiate in legal cases,skill/competence,cross-sector
24016006-c963-4135-a2c5-b1f7740782e2,http://data.europa.eu/esco/skill/24016006-c963-4135-a2c5-b1f7740782e2,maintain client debt records,skill/competence,cross-sector
24310a7b-5db1-4917-a705-4835630227ca,http://data.europa.eu/esco/skill/24310a7b-5db1-4917-a705-4835630227ca,create incident reports,skill/competence,cross-sector
243ffeb4-3395-4e39-9cf0-695be5b142aa,http://data.europa.eu/esco/skill/243ffeb4-3395-4e39-9cf0-695be5b142aa,maritime law,knowledge,sector-specific
2450c3b3-e78e-435b-b84d-e05d984e71dc,http://data.europa.eu/esco/skill/2450c3b3-e78e-435b-b84d-e05d984e71dc,software architecture models,knowledge,sector-specific
24554d47-70d2-4153-bb27-84e338e76792,http://data.europa.eu/esco/skill/24554d47-70d2-4153-bb27-84e338e76792,cultural projects,knowledge,sector-specific
2475cd27-8d6c-4318-a364-21395b23acba,http://data.europa.eu/esco/skill/2475cd27-8d6c-4318-a364-21395b23acba,empathise with the healthcare user,skill/competence,cross-sector
248894d1-42dc-474f-af6e-2da52ac0c679,http://data.europa.eu/esco/skill/248894d1-42dc-474f-af6e-2da52ac0c679,define technology strategy,skill/competence,sector-specific
248f2b8d-88e5-44a2-baa0-abf46b8311b9,http://data.europa.eu/esco/skill/248f2b8d-88e5-44a2-baa0-abf46b8311b9,manage professional transition in an arts career,skill/competence,sector-specific
24c200e5-be20-4370-a137-ab53797f3a17,http://data.europa.eu/esco/skill/24c200e5-be20-4370-a137-ab53797f3a17,software frameworks,knowledge,sector-specific
24e4b3c9-286f-423f-ae43-54c9b8d92c5e,http://data.europa.eu/esco/skill/24e4b3c9-286f-423f-ae43-54c9b8d92c5e,international human rights law,knowledge,sector-specific
24e67151-ff7e-43e2-99c0-424a758278a4,http://data.europa.eu/esco/skill/24e67151-ff7e-43e2-99c0-424a758278a4,liaise with auditors,skill/competence,cross-sector
251b5528-693c-4ef9-a7f6-9924bb8d7ef8,http://data.europa.eu/esco/skill/251b5528-693c-4ef9-a7f6-9924bb8d7ef8,decentralized application frameworks,knowledge,sector-specific
2522a6ce-3202-4ac8-9f5b-b9cb5a3a83a1,http://data.europa.eu/esco/skill/2522a6ce-3202-4ac8-9f5b-b9cb5a3a83a1,debug software,skill/competence,sector-specific
253112b8-f613-4e1d-a691-d80ca258e21a,http://data.europa.eu/esco/skill/253112b8-f613-4e1d-a691-d80ca258e21a,media studies,knowledge,cross-sector
25a7fc25-f2fc-4bfd-9999-943c03d53372,http://data.europa.eu/esco/skill/25a7fc25-f2fc-4bfd-9999-943c03d53372,protect client interests,skill/competence,cross-sector
25b291b5-8245-4d9d-b391-86a8a31d7109,http://data.europa.eu/esco/skill/25b291b5-8245-4d9d-b391-86a8a31d7109,use concurrent programming,skill/competence,sector-specific
25b480dc-ece5-4b7e-9380-599f13fe9056,http://data.europa.eu/esco/skill/25b480dc-ece5-4b7e-9380-599f13fe9056,implement transport strategy,skill/competence,cross-sector
25df422a-bf0a-4f76-8631-d0be91cb8751,http://data.europa.eu/esco/skill/25df422a-bf0a-4f76-8631-d0be91cb8751,model based system engineering,knowledge,cross-sector
25f0ea33-b4a2-4f31-b7b4-7d20e827b180,http://data.europa.eu/esco/skill/25f0ea33-b4a2-4f31-b7b4-7d20e827b180,data mining,knowledge,sector-specific
25f4c955-e429-44a6-98a7-7d8cb3b6b690,http://data.europa.eu/esco/skill/25f4c955-e429-44a6-98a7-7d8cb3b6b690,follow a brief,skill/competence,cross-sector
25fb676a-cf69-487d-a9c1-273c6f291b6a,http://data.europa.eu/esco/skill/25fb676a-cf69-487d-a9c1-273c6f291b6a,wind energy,knowledge,sector-specific
260ddfe0-637b-4ce8-8007-9601645e2dc8,http://data.europa.eu/esco/skill/260ddfe0-637b-4ce8-8007-9601645e2dc8,type texts from audio sources,skill/competence,cross-sector
2618f336-8e71-4666-83b5-f368edb0906d,http://data.europa.eu/esco/skill/2618f336-8e71-4666-83b5-f368edb0906d,cognitive psychology,knowledge,cross-sector
2624158e-4a53-4667-8921-96ee7aaea7b3,http://data.europa.eu/esco/skill/2624158e-4a53-4667-8921-96ee7aaea7b3,consult with technical staff,skill/competence,cross-sector
2636b3d3-843e-46a9-8b4c-a9d6ca3f5a2d,http://data.europa.eu/esco/skill/2636b3d3-843e-46a9-8b4c-a9d6ca3f5a2d,provide technical documentation,skill/competence,cross-sector
264c14a5-d025-4916-a378-0a85f16adb3f,http://data.europa.eu/esco/skill/264c14a5-d025-4916-a378-0a85f16adb3f,curriculum standards,knowledge,cross-sector
266ea734-31b2-4e44-9d00-0a3fd03fa454,http://data.europa.eu/esco/skill/266ea734-31b2-4e44-9d00-0a3fd03fa454,foreign affairs,knowledge,cross-sector
2691f4d8-d090-423f-afd7-9e721f562e8d,http://data.europa.eu/esco/skill/2691f4d8-d090-423f-afd7-9e721f562e8d,advise on public relations,skill/competence,cross-sector
269b8734-fa1d-4c6f-a843-523fa3bbae6e,http://data.europa.eu/esco/skill/269b8734-fa1d-4c6f-a843-523fa3bbae6e,behavioural science,knowledge,cross-sector
26a6e6d2-1c9a-4d7e-8c04-5ba16d1f53da,http://data.europa.eu/esco/skill/26a6e6d2-1c9a-4d7e-8c04-5ba16d1f53da,greet guests,skill/competence,cross-sector
26b96ef5-2f4f-4695-a293-f619e6336f07,http://data.europa.eu/esco/skill/26b96ef5-2f4f-4695-a293-f619e6336f07,communications sector policies,knowledge,sector-specific
26baf34d-6721-4bac-b7eb-add0bc566a82,http://data.europa.eu/esco/skill/26baf34d-6721-4bac-b7eb-add0bc566a82,attend to detail in preparation for audits,skill/competence,cross-sector
26ed52cf-30ca-451e-9699-a6c04a30649f,http://data.europa.eu/esco/skill/26ed52cf-30ca-451e-9699-a6c04a30649f,solder electronics,skill/competence,cross-sector
26fa7a33-a426-4cd5-9792-33bf668612e1,http://data.europa.eu/esco/skill/26fa7a33-a426-4cd5-9792-33bf668612e1,LESS,knowledge,sector-specific
270de514-3206-4cf9-b122-0f148ab06fa1,http://data.europa.eu/esco/skill/270de514-3206-4cf9-b122-0f148ab06fa1,measure electrical characteristics,skill/competence,cross-sector
279a4b1d-21df-4d78-9f4d-324c73fd7536,http://data.europa.eu/esco/skill/279a4b1d-21df-4d78-9f4d-324c73fd7536,manage human resources,skill/competence,cross-sector
27a87847-f6cc-4e49-af0b-3d17da351af6,http://data.europa.eu/esco/skill/27a87847-f6cc-4e49-af0b-3d17da351af6,advise legislators,skill/competence,cross-sector
27ad6528-0914-4049-87c0-2f05791d0e2e,http://data.europa.eu/esco/skill/27ad6528-0914-4049-87c0-2f05791d0e2e,design a domotic system in buildings,skill/competence,sector-specific
27b913f0-3c52-448b-ad27-fc6ef08fb326,http://data.europa.eu/esco/skill/27b913f0-3c52-448b-ad27-fc6ef08fb326,Adobe Illustrator,knowledge,sector-specific
27c7910a-c3b5-4d8d-a713-a6c334929a42,http://data.europa.eu/esco/skill/27c7910a-c3b5-4d8d-a713-a6c334929a42,spatial planning,knowledge,sector-specific
27ed854c-15b8-4ba2-90e9-ae888a219703,http://data.europa.eu/esco/skill/27ed854c-15b8-4ba2-90e9-ae888a219703,perform business analysis,skill/competence,cross-sector
2806260f-6399-4add-8f11-070141423f9d,http://data.europa.eu/esco/skill/2806260f-6399-4add-8f11-070141423f9d,medical terminology,knowledge,cross-sector
2839f191-cd94-49a9-ac16-46018066b8b2,http://data.europa.eu/esco/skill/2839f191-cd94-49a9-ac16-46018066b8b2,liaise with local authorities,skill/competence,cross-sector
283cbcd3-7101-4dbb-be37-56f3625515b1,http://data.europa.eu/esco/skill/283cbcd3-7101-4dbb-be37-56f3625515b1,provide ICT consulting advice,skill/competence,sector-specific
2857540c-180b-4208-9127-e94a01871966,http://data.europa.eu/esco/skill/2857540c-180b-4208-9127-e94a01871966,align software with system architectures,skill/competence,sector-specific
286e486c-a094-4715-8e5b-a2370b09a408,http://data.europa.eu/esco/skill/286e486c-a094-4715-8e5b-a2370b09a408,manage corrective actions,skill/competence,cross-sector
286e910d-baed-44ea-bc40-cc990950d322,http://data.europa.eu/esco/skill/286e910d-baed-44ea-bc40-cc990950d322,work with cultural venue specialists,skill/competence,sector-specific
2879a6f9-868b-40a1-a424-d50007ca8354,http://data.europa.eu/esco/skill/2879a6f9-868b-40a1-a424-d50007ca8354,record production data for quality control,skill/competence,cross-sector
28878fd9-9a17-452a-b3b8-5db5c63d7905,http://data.europa.eu/esco/skill/28878fd9-9a17-452a-b3b8-5db5c63d7905,analyse energy market trends,skill/competence,cross-sector
2891f0dc-4426-4a9a-8fbb-db4fb0a66f91,http://data.europa.eu/esco/skill/2891f0dc-4426-4a9a-8fbb-db4fb0a66f91,Nessus,knowledge,sector-specific
28a0fe16-4e03-4d5e-8f0e-5198309e77a9,http://data.europa.eu/esco/skill/28a0fe16-4e03-4d5e-8f0e-5198309e77a9,perform forensic preservations of digital devices,skill/competence,occupation-specific
28a2ff4b-5f99-448e-8bd7-fb836166e95f,http://data.europa.eu/esco/skill/28a2ff4b-5f99-448e-8bd7-fb836166e95f,allocate bills,skill/competence,cross-sector
28ad7c97-9fb3-4b1d-846a-654e529ab8ac,http://data.europa.eu/esco/skill/28ad7c97-9fb3-4b1d-846a-654e529ab8ac,sustainable manufacturing,knowledge,cross-sector
28b461d2-4a53-4629-9e61-77f31998c9c8,http://data.europa.eu/esco/skill/28b461d2-4a53-4629-9e61-77f31998c9c8,asylum systems,knowledge,sector-specific
28c5e844-72a3-49d7-af0e-810b645e947a,http://data.europa.eu/esco/skill/28c5e844-72a3-49d7-af0e-810b645e947a,promote event,skill/competence,sector-specific
28ca2f0b-9fb2-487a-9f10-9688e5191ec4,http://data.europa.eu/esco/skill/28ca2f0b-9fb2-487a-9f10-9688e5191ec4,work within communities,skill/competence,cross-sector
28d715e3-3e5b-4fb6-8dd2-4be4919c8587,http://data.europa.eu/esco/skill/28d715e3-3e5b-4fb6-8dd2-4be4919c8587,handle customer complaints,skill/competence,cross-sector
28f98c7e-b89c-4b4d-ae0a-0c5a6328992e,http://data.europa.eu/esco/skill/28f98c7e-b89c-4b4d-ae0a-0c5a6328992e,build community relations,skill/competence,cross-sector
29154735-107a-4daa-a050-537f7707f34e,http://data.europa.eu/esco/skill/29154735-107a-4daa-a050-537f7707f34e,conduct content quality assurance,skill/competence,cross-sector
292549e6-08ec-456c-b008-eba7a0a68428,http://data.europa.eu/esco/skill/292549e6-08ec-456c-b008-eba7a0a68428,analyse market financial trends,skill/competence,cross-sector
2962214b-cc38-4d20-aa8b-aa120091d743,http://data.europa.eu/esco/skill/2962214b-cc38-4d20-aa8b-aa120091d743,prepare exhibition marketing plan,skill/competence,cross-sector
2966d47d-72ad-404f-bad0-b45abb2b2058,http://data.europa.eu/esco/skill/2966d47d-72ad-404f-bad0-b45abb2b2058,monitor policy proposals,skill/competence,sector-specific
2967e6cf-1998-49d1-ba13-d8ec6ac787b8,http://data.europa.eu/esco/skill/2967e6cf-1998-49d1-ba13-d8ec6ac787b8,below-the-line technique,knowledge,sector-specific
296f6b56-de45-4aac-aa96-43e4a4864724,http://data.europa.eu/esco/skill/296f6b56-de45-4aac-aa96-43e4a4864724,blockchain architecture,knowledge,sector-specific
29bfe2cd-f011-4f94-a3aa-f77768e60460,http://data.europa.eu/esco/skill/29bfe2cd-f011-4f94-a3aa-f77768e60460,analyse energy consumption,skill/competence,cross-sector
29cd7e7b-215c-483a-b67a-6bdad0647de9,http://data.europa.eu/esco/skill/29cd7e7b-215c-483a-b67a-6bdad0647de9,develop procurement strategy,skill/competence,sector-specific
29d80dad-95f7-440c-bda2-22fe93155260,http://data.europa.eu/esco/skill/29d80dad-95f7-440c-bda2-22fe93155260,perform forensic accounting,skill/competence,cross-sector
29fb0fb5-dfc4-4098-ac9b-3a712000f48f,http://data.europa.eu/esco/skill/29fb0fb5-dfc4-4098-ac9b-3a712000f48f,manage database,skill/competence,cross-sector
29fb886c-6be0-4e93-9ea1-232881f2092a,http://data.europa.eu/esco/skill/29fb886c-6be0-4e93-9ea1-232881f2092a,plan product management,skill/competence,cross-sector
2a2fa8e8-aaf3-4abf-a60b-af6415f1c6d4,http://data.europa.eu/esco/skill/2a2fa8e8-aaf3-4abf-a60b-af6415f1c6d4,strive for company growth,skill/competence,cross-sector
2a38d8fa-92ad-46d3-9bcd-9e5c7f90ad2e,http://data.europa.eu/esco/skill/2a38d8fa-92ad-46d3-9bcd-9e5c7f90ad2e,foreign valuta,knowledge,sector-specific
2a3a96a3-709e-4d60-81f6-d247d6933f13,http://data.europa.eu/esco/skill/2a3a96a3-709e-4d60-81f6-d247d6933f13,manage system security,skill/competence,sector-specific
2a82241a-216e-44d8-bb50-6b9a0ef82084,http://data.europa.eu/esco/skill/2a82241a-216e-44d8-bb50-6b9a0ef82084,drive vehicles,skill/competence,cross-sector
2abb7341-11a9-4799-9aef-7f2a83de0358,http://data.europa.eu/esco/skill/2abb7341-11a9-4799-9aef-7f2a83de0358,theory of constraints,knowledge,occupation-specific
2ad081e6-0a3f-4612-ac15-7ace75d39e26,http://data.europa.eu/esco/skill/2ad081e6-0a3f-4612-ac15-7ace75d39e26,intellectual property law,knowledge,cross-sector
2ada2f9d-77f7-4ba0-9096-89ae285a65c5,http://data.europa.eu/esco/skill/2ada2f9d-77f7-4ba0-9096-89ae285a65c5,monitor financial accounts,skill/competence,cross-sector
2ae4ae1a-367e-47e0-a0cc-6777be3e58d0,http://data.europa.eu/esco/skill/2ae4ae1a-367e-47e0-a0cc-6777be3e58d0,organise staff assessment,skill/competence,cross-sector
2aed5d29-15c3-44ba-bb5c-80750a815b3c,http://data.europa.eu/esco/skill/2aed5d29-15c3-44ba-bb5c-80750a815b3c,follow up orders for customers,skill/competence,sector-specific
2afb2b59-c9a3-4cf3-b1dd-1a2fad51e583,http://data.europa.eu/esco/skill/2afb2b59-c9a3-4cf3-b1dd-1a2fad51e583,3D printing process,knowledge,sector-specific
2aff15fb-1c24-42b5-89ca-17696df25370,http://data.europa.eu/esco/skill/2aff15fb-1c24-42b5-89ca-17696df25370,chemical products,knowledge,sector-specific
2b1e2927-3542-48da-9063-02925e7562c1,http://data.europa.eu/esco/skill/2b1e2927-3542-48da-9063-02925e7562c1,disseminate results to the scientific community,skill/competence,cross-sector
2b34764d-637c-48f5-aa70-31e15c965db6,http://data.europa.eu/esco/skill/2b34764d-637c-48f5-aa70-31e15c965db6,operate open source software,skill/competence,sector-specific
2b34a99f-9813-4c91-9509-b6b9b8c3132e,http://data.europa.eu/esco/skill/2b34a99f-9813-4c91-9509-b6b9b8c3132e,collaborate through digital technologies,skill/competence,cross-sector
2b76cbbf-eddc-4a12-a120-f4ea370820a5,http://data.europa.eu/esco/skill/2b76cbbf-eddc-4a12-a120-f4ea370820a5,ensure safety in electrical power operations,skill/competence,cross-sector
2b7a79e5-84d8-4880-be66-3d9bb05bea17,http://data.europa.eu/esco/skill/2b7a79e5-84d8-4880-be66-3d9bb05bea17,use software design patterns,skill/competence,sector-specific
2b834a98-14ff-47e1-8aef-cf8ffae912fa,http://data.europa.eu/esco/skill/2b834a98-14ff-47e1-8aef-cf8ffae912fa,collect mapping data,skill/competence,cross-sector
2b92a5b2-6758-4ee3-9fb4-b6387a55cc8f,http://data.europa.eu/esco/skill/2b92a5b2-6758-4ee3-9fb4-b6387a55cc8f,perform data analysis,skill/competence,cross-sector
2bde42ae-e776-41c1-9ded-b07b30bfe985,http://data.europa.eu/esco/skill/2bde42ae-e776-41c1-9ded-b07b30bfe985,Prolog (computer programming),knowledge,sector-specific
2be699a7-416a-4f32-967c-4edc65027b71,http://data.europa.eu/esco/skill/2be699a7-416a-4f32-967c-4edc65027b71,government policy implementation,knowledge,cross-sector
2c11a7eb-f1fc-4df6-909d-7aeff35ff1a4,http://data.europa.eu/esco/skill/2c11a7eb-f1fc-4df6-909d-7aeff35ff1a4,assemble microelectromechanical systems,skill/competence,sector-specific
2c28fc20-8a60-4311-8899-5ef8729c05b3,http://data.europa.eu/esco/skill/2c28fc20-8a60-4311-8899-5ef8729c05b3,design process,skill/competence,cross-sector
2c4b6914-4b97-4e35-85cb-e6602a8bb04a,http://data.europa.eu/esco/skill/2c4b6914-4b97-4e35-85cb-e6602a8bb04a,carry out tendering,skill/competence,cross-sector
2c4e11ef-da18-4e19-816b-e6bc19e12424,http://data.europa.eu/esco/skill/2c4e11ef-da18-4e19-816b-e6bc19e12424,use logic programming,skill/competence,sector-specific
2c70a5c0-0f8b-4c33-bdd5-34cd93095242,http://data.europa.eu/esco/skill/2c70a5c0-0f8b-4c33-bdd5-34cd93095242,perform in-circuit test,skill/competence,sector-specific
2ca4c857-1450-4004-9fdb-8500def6b8fa,http://data.europa.eu/esco/skill/2ca4c857-1450-4004-9fdb-8500def6b8fa,military logistics,knowledge,cross-sector
2cdb2b14-fd79-42d5-a7c1-22c65907f63c,http://data.europa.eu/esco/skill/2cdb2b14-fd79-42d5-a7c1-22c65907f63c,promote company,skill/competence,cross-sector
2d008d5a-b7bd-46f7-bbb1-5d70a0af9c84,http://data.europa.eu/esco/skill/2d008d5a-b7bd-46f7-bbb1-5d70a0af9c84,control financial resources,skill/competence,cross-sector
2d140a3a-45a6-4248-80dd-b3760ebc9cc6,http://data.europa.eu/esco/skill/2d140a3a-45a6-4248-80dd-b3760ebc9cc6,operations management,knowledge,sector-specific
2d6d4784-0992-48e7-b100-22d7229b3f0a,http://data.europa.eu/esco/skill/2d6d4784-0992-48e7-b100-22d7229b3f0a,translate requirements into visual design,skill/competence,cross-sector
2d823e3d-7b19-46d9-88a8-31bacac76a5d,http://data.europa.eu/esco/skill/2d823e3d-7b19-46d9-88a8-31bacac76a5d,sell tickets,skill/competence,cross-sector
2d845d94-aeb5-4a3c-bf52-443685940d1d,http://data.europa.eu/esco/skill/2d845d94-aeb5-4a3c-bf52-443685940d1d,participate in editorial meetings,skill/competence,sector-specific
2d9aaad3-a3c8-4c5b-bf67-46984d860873,http://data.europa.eu/esco/skill/2d9aaad3-a3c8-4c5b-bf67-46984d860873,adhere to OHSAS 18001,skill/competence,cross-sector
2daec0e6-f0c1-43e8-8178-aedba99130ec,http://data.europa.eu/esco/skill/2daec0e6-f0c1-43e8-8178-aedba99130ec,establish data processes,skill/competence,sector-specific
2db2d9a8-298d-4d1a-a194-d3282e70d6cb,http://data.europa.eu/esco/skill/2db2d9a8-298d-4d1a-a194-d3282e70d6cb,evaluate project plans,skill/competence,sector-specific
2dd6ecdf-8a08-438b-8b4b-e0374f7b523b,http://data.europa.eu/esco/skill/2dd6ecdf-8a08-438b-8b4b-e0374f7b523b,carry out sales analysis,skill/competence,sector-specific
2ddb1226-1117-4eb4-ae65-3a2f5a5a3c80,http://data.europa.eu/esco/skill/2ddb1226-1117-4eb4-ae65-3a2f5a5a3c80,ICT network security risks,knowledge,sector-specific
2de4572a-4724-4f76-afc2-72a568a264ac,http://data.europa.eu/esco/skill/2de4572a-4724-4f76-afc2-72a568a264ac,speak different languages,skill/competence,cross-sector
2dfa5bd5-c87c-461c-bce9-69b2c58732bd,http://data.europa.eu/esco/skill/2dfa5bd5-c87c-461c-bce9-69b2c58732bd,cartography,knowledge,sector-specific
2e040fb0-66b9-4529-bec6-466472b60773,http://data.europa.eu/esco/skill/2e040fb0-66b9-4529-bec6-466472b60773,archive healthcare users' records,skill/competence,sector-specific
2e046d83-a38a-453c-a26d-64114ed2e036,http://data.europa.eu/esco/skill/2e046d83-a38a-453c-a26d-64114ed2e036,organise press conferences,skill/competence,cross-sector
2ebf1ab5-1088-492a-96f7-51d308b75c76,http://data.europa.eu/esco/skill/2ebf1ab5-1088-492a-96f7-51d308b75c76,apply radiation protection procedures,skill/competence,cross-sector
2ecf90f1-c511-464b-b26f-598d69182c70,http://data.europa.eu/esco/skill/2ecf90f1-c511-464b-b26f-598d69182c70,calculate tax,skill/competence,cross-sector
2f04bb71-d476-43b3-a60b-5df1d05f5681,http://data.europa.eu/esco/skill/2f04bb71-d476-43b3-a60b-5df1d05f5681,Octopus Deploy,knowledge,sector-specific
2f4d68be-6e9f-46fa-9398-0573e900b5e3,http://data.europa.eu/esco/skill/2f4d68be-6e9f-46fa-9398-0573e900b5e3,observe new developments in foreign countries,skill/competence,cross-sector
2f55c7ff-7f64-4f67-ae49-8ab7c75c3864,http://data.europa.eu/esco/skill/2f55c7ff-7f64-4f67-ae49-8ab7c75c3864,brief court officials,skill/competence,cross-sector
2f573172-298a-4345-bddb-a619df747709,http://data.europa.eu/esco/skill/2f573172-298a-4345-bddb-a619df747709,transportation sector policies,knowledge,sector-specific
2f573ad6-1fa6-46c5-a48d-912368fe55aa,http://data.europa.eu/esco/skill/2f573ad6-1fa6-46c5-a48d-912368fe55aa,deliver a sales pitch,skill/competence,sector-specific
2fb2d647-05c1-4e6f-9d4f-62e813db2954,http://data.europa.eu/esco/skill/2fb2d647-05c1-4e6f-9d4f-62e813db2954,price product,skill/competence,sector-specific
2fb8480e-de3c-462b-b169-e8bbb344da68,http://data.europa.eu/esco/skill/2fb8480e-de3c-462b-b169-e8bbb344da68,innovation processes,knowledge,sector-specific
2fd26ae6-bd98-46c7-b1ba-8a0b52734fac,http://data.europa.eu/esco/skill/2fd26ae6-bd98-46c7-b1ba-8a0b52734fac,debt collection techniques,knowledge,cross-sector
2fea2558-630e-480d-9e12-47a05bc19b55,http://data.europa.eu/esco/skill/2fea2558-630e-480d-9e12-47a05bc19b55,precision mechanics,knowledge,cross-sector
2feeef46-05cf-445c-9ca1-c96a30e10106,http://data.europa.eu/esco/skill/2feeef46-05cf-445c-9ca1-c96a30e10106,read assembly drawings,skill/competence,cross-sector
2ff405ec-f59c-4a7b-84b6-9776a49582c4,http://data.europa.eu/esco/skill/2ff405ec-f59c-4a7b-84b6-9776a49582c4,bookkeeping regulations,knowledge,cross-sector
300d432b-f457-4cd3-9cb1-1858c7d14954,http://data.europa.eu/esco/skill/300d432b-f457-4cd3-9cb1-1858c7d14954,OpenEdge Advanced Business Language,knowledge,sector-specific
301bcf97-4444-461d-82a5-78f3830f9185,http://data.europa.eu/esco/skill/301bcf97-4444-461d-82a5-78f3830f9185,identify talent,skill/competence,sector-specific
303a54a3-ff8a-4f29-b598-e54ce54c2b48,http://data.europa.eu/esco/skill/303a54a3-ff8a-4f29-b598-e54ce54c2b48,analyse legal evidence,skill/competence,cross-sector
305dc408-68a6-4f63-9ee6-d0b26c8abad0,http://data.europa.eu/esco/skill/305dc408-68a6-4f63-9ee6-d0b26c8abad0,develop performance orientation in public administration,skill/competence,sector-specific
306a1555-9fa2-47af-b996-a0a8833cbe81,http://data.europa.eu/esco/skill/306a1555-9fa2-47af-b996-a0a8833cbe81,upsell products,skill/competence,cross-sector
307ffd2d-8fb3-43ff-8ad8-4052382f8f83,http://data.europa.eu/esco/skill/307ffd2d-8fb3-43ff-8ad8-4052382f8f83,report on overall management of a business,skill/competence,cross-sector
30b1f3e1-1586-4d41-aa02-e2ab021b5164,http://data.europa.eu/esco/skill/30b1f3e1-1586-4d41-aa02-e2ab021b5164,handle paperwork,skill/competence,cross-sector
31032902-0909-44ac-a8e7-b6b1d5f52149,http://data.europa.eu/esco/skill/31032902-0909-44ac-a8e7-b6b1d5f52149,manage a small-to-medium business,skill/competence,sector-specific
3120b759-2707-4d88-bfbd-71c95460d62c,http://data.europa.eu/esco/skill/3120b759-2707-4d88-bfbd-71c95460d62c,trade sector policies,knowledge,sector-specific
31599ac3-e03c-42f8-8f08-b549af8234f2,http://data.europa.eu/esco/skill/31599ac3-e03c-42f8-8f08-b549af8234f2,draft procurement technical specifications,skill/competence,sector-specific
3159d806-fa7b-4803-9288-0c0417b7871c,http://data.europa.eu/esco/skill/3159d806-fa7b-4803-9288-0c0417b7871c,textile industry machinery products,knowledge,sector-specific
31b67516-af16-4b97-8430-a8a8e0f84190,http://data.europa.eu/esco/skill/31b67516-af16-4b97-8430-a8a8e0f84190,assessment processes,knowledge,cross-sector
31c69100-b612-4a61-8db5-fd314318854c,http://data.europa.eu/esco/skill/31c69100-b612-4a61-8db5-fd314318854c,execute analytical mathematical calculations,skill/competence,cross-sector
31c83903-8fc8-4bd8-9ca4-7a98a9c31eae,http://data.europa.eu/esco/skill/31c83903-8fc8-4bd8-9ca4-7a98a9c31eae,perform customers’ needs analysis,skill/competence,cross-sector
31eecea5-c1ef-4e5c-96a9-808ff4e43813,http://data.europa.eu/esco/skill/31eecea5-c1ef-4e5c-96a9-808ff4e43813,track price trends,skill/competence,sector-specific
32428b21-514b-42c2-81b5-244a7804ea74,http://data.europa.eu/esco/skill/32428b21-514b-42c2-81b5-244a7804ea74,procurement of ICT network equipment,knowledge,sector-specific
324f0243-1a21-4f5c-9f71-52eebc2596ed,http://data.europa.eu/esco/skill/324f0243-1a21-4f5c-9f71-52eebc2596ed,interview techniques,knowledge,cross-sector
3254275d-a1b5-4640-9481-02f38780ac35,http://data.europa.eu/esco/skill/3254275d-a1b5-4640-9481-02f38780ac35,develop organisational policies,skill/competence,cross-sector
326686e4-a55f-4eba-9d07-1c86408d5c5e,http://data.europa.eu/esco/skill/326686e4-a55f-4eba-9d07-1c86408d5c5e,present evidence,skill/competence,cross-sector
326809fc-238d-40c2-881e-40042f7f2f0d,http://data.europa.eu/esco/skill/326809fc-238d-40c2-881e-40042f7f2f0d,establish collaborative relations,skill/competence,cross-sector
327d15c8-29ff-4ad4-a4fe-6536d777a45f,http://data.europa.eu/esco/skill/327d15c8-29ff-4ad4-a4fe-6536d777a45f,documentation types,knowledge,sector-specific
328733a7-6d84-420d-a65c-2a8014fadc60,http://data.europa.eu/esco/skill/328733a7-6d84-420d-a65c-2a8014fadc60,record test data,skill/competence,cross-sector
32b02bd1-6bf2-497a-bb16-94aeeafaf44f,http://data.europa.eu/esco/skill/32b02bd1-6bf2-497a-bb16-94aeeafaf44f,quote prices,skill/competence,cross-sector
334cd662-0415-44ac-bc8a-e24b320b4284,http://data.europa.eu/esco/skill/334cd662-0415-44ac-bc8a-e24b320b4284,communicate about youth's well-being,skill/competence,cross-sector
334e3e49-fb02-4051-809a-f06adfdc1c40,http://data.europa.eu/esco/skill/334e3e49-fb02-4051-809a-f06adfdc1c40,troubleshoot,skill/competence,cross-sector
3375cf3c-7090-4394-8896-58b1fb1dc540,http://data.europa.eu/esco/skill/3375cf3c-7090-4394-8896-58b1fb1dc540,create rough cut,skill/competence,sector-specific
3379edec-4d25-4135-83c1-2bf47b2fb52e,http://data.europa.eu/esco/skill/3379edec-4d25-4135-83c1-2bf47b2fb52e,research taxation procedures,skill/competence,cross-sector
339ac029-066a-4985-9f9d-b3d7c8fea0bb,http://data.europa.eu/esco/skill/339ac029-066a-4985-9f9d-b3d7c8fea0bb,manage staff,skill/competence,cross-sector
33a82b83-c838-4889-ae62-fae1317481eb,http://data.europa.eu/esco/skill/33a82b83-c838-4889-ae62-fae1317481eb,protect personal data and privacy,skill/competence,cross-sector
33d49d4f-31ec-473f-9b8a-b555aa5116bb,http://data.europa.eu/esco/skill/33d49d4f-31ec-473f-9b8a-b555aa5116bb,iterative development,knowledge,sector-specific
33e584f9-ff7a-4979-bfc0-5a3a374a145a,http://data.europa.eu/esco/skill/33e584f9-ff7a-4979-bfc0-5a3a374a145a,social network analysis,knowledge,cross-sector
33efa504-2f26-424d-b662-cee77e6e9c93,http://data.europa.eu/esco/skill/33efa504-2f26-424d-b662-cee77e6e9c93,digital identity management,knowledge,sector-specific
3419fac9-575d-4492-a018-edff6f4dae26,http://data.europa.eu/esco/skill/3419fac9-575d-4492-a018-edff6f4dae26,environmental legislation in agriculture and forestry,knowledge,cross-sector
341c4478-c976-4ff0-a102-cfd92174d873,http://data.europa.eu/esco/skill/341c4478-c976-4ff0-a102-cfd92174d873,business law,knowledge,cross-sector
345486f3-f265-4fc8-8ed0-5e96e768e333,http://data.europa.eu/esco/skill/345486f3-f265-4fc8-8ed0-5e96e768e333,process booking,skill/competence,cross-sector
348b74cd-49ce-4844-8bdf-ec188b497213,http://data.europa.eu/esco/skill/348b74cd-49ce-4844-8bdf-ec188b497213,visual presentation techniques,knowledge,sector-specific
34928d4f-16e2-46a7-937a-c46838f550eb,http://data.europa.eu/esco/skill/34928d4f-16e2-46a7-937a-c46838f550eb,pay-per-click,knowledge,occupation-specific
3497ebe1-d417-4105-a68f-f7bbcac7ee5f,http://data.europa.eu/esco/skill/3497ebe1-d417-4105-a68f-f7bbcac7ee5f,ICT hardware specifications,knowledge,cross-sector
34d6ed30-5d35-44b9-9498-fd15badb5f28,http://data.europa.eu/esco/skill/34d6ed30-5d35-44b9-9498-fd15badb5f28,advise on market strategies,skill/competence,cross-sector
34e0f023-0ca9-4f64-a932-3248bb4ed5df,http://data.europa.eu/esco/skill/34e0f023-0ca9-4f64-a932-3248bb4ed5df,interview bank loanees,skill/competence,cross-sector
350c932d-f9b3-4adb-a5cc-cd5cff4a1912,http://data.europa.eu/esco/skill/350c932d-f9b3-4adb-a5cc-cd5cff4a1912,provide tourism related information,skill/competence,sector-specific
3556c075-eee0-4549-b730-48ae70cb5af9,http://data.europa.eu/esco/skill/3556c075-eee0-4549-b730-48ae70cb5af9,funding methods,knowledge,cross-sector
3579208e-49b3-4ce4-98e7-20e41b1ce8d4,http://data.europa.eu/esco/skill/3579208e-49b3-4ce4-98e7-20e41b1ce8d4,develop information security strategy,skill/competence,sector-specific
3586cb90-3fff-48ae-847b-e28a6680a87a,http://data.europa.eu/esco/skill/3586cb90-3fff-48ae-847b-e28a6680a87a,private law,knowledge,sector-specific
36359101-4488-4859-83a8-9600d9faf3f2,http://data.europa.eu/esco/skill/36359101-4488-4859-83a8-9600d9faf3f2,engage local communities in the management of natural protected areas,skill/competence,sector-specific
36570124-e778-4213-862e-c4059eb5c224,http://data.europa.eu/esco/skill/36570124-e778-4213-862e-c4059eb5c224,assess debtor's financial situation,skill/competence,cross-sector
367c240d-5f34-423a-86b1-866ad27206ea,http://data.europa.eu/esco/skill/367c240d-5f34-423a-86b1-866ad27206ea,digitise documents,skill/competence,cross-sector
36931cb7-ca3f-4be1-8428-f38eefc8e1ed,http://data.europa.eu/esco/skill/36931cb7-ca3f-4be1-8428-f38eefc8e1ed,execute email marketing,skill/competence,cross-sector
36cf8d2c-3463-4147-8ea3-c423280087ab,http://data.europa.eu/esco/skill/36cf8d2c-3463-4147-8ea3-c423280087ab,remove defective products,skill/competence,cross-sector
36ece87e-32bc-4fb5-8773-2aa5160cb93b,http://data.europa.eu/esco/skill/36ece87e-32bc-4fb5-8773-2aa5160cb93b,manage pension funds,skill/competence,sector-specific
3703eac1-8941-4d14-b305-b03f653b08c8,http://data.europa.eu/esco/skill/3703eac1-8941-4d14-b305-b03f653b08c8,create online news content,skill/competence,sector-specific
37520413-563e-4d99-a14c-1c6dca3cf833,http://data.europa.eu/esco/skill/37520413-563e-4d99-a14c-1c6dca3cf833,create manufacturing guidelines,skill/competence,cross-sector
377861af-f966-4c87-a2db-7e99904312b9,http://data.europa.eu/esco/skill/377861af-f966-4c87-a2db-7e99904312b9,geographic information systems,knowledge,sector-specific
37838e04-ac5f-43a5-82d0-35f42351fd60,http://data.europa.eu/esco/skill/37838e04-ac5f-43a5-82d0-35f42351fd60,advise on safety improvements,skill/competence,cross-sector
3786b61f-f22e-48d1-af8d-ad4c354534db,http://data.europa.eu/esco/skill/3786b61f-f22e-48d1-af8d-ad4c354534db,manufacturing processes,knowledge,cross-sector
378caeec-10a0-4162-b75c-ab374a42e93d,http://data.europa.eu/esco/skill/378caeec-10a0-4162-b75c-ab374a42e93d,e-procurement,knowledge,sector-specific
37a438f3-e28c-4e32-83c5-299f047c1dc9,http://data.europa.eu/esco/skill/37a438f3-e28c-4e32-83c5-299f047c1dc9,apply tools for content development,skill/competence,cross-sector
37bc4dc0-1233-4008-98db-1116d0c1cfcc,http://data.europa.eu/esco/skill/37bc4dc0-1233-4008-98db-1116d0c1cfcc,define security policies,skill/competence,sector-specific
382c11ed-20d5-4ae7-b60e-15fec527fa6c,http://data.europa.eu/esco/skill/382c11ed-20d5-4ae7-b60e-15fec527fa6c,apply statistical analysis techniques,skill/competence,cross-sector
3838a64c-78dc-4f3f-a0c0-9f604e33eefd,http://data.europa.eu/esco/skill/3838a64c-78dc-4f3f-a0c0-9f604e33eefd,maintain internal communication systems,skill/competence,cross-sector
384ed14c-bf1f-4a65-aef6-6e711f43c4ce,http://data.europa.eu/esco/skill/384ed14c-bf1f-4a65-aef6-6e711f43c4ce,advise on economic development,skill/competence,cross-sector
38509fa4-7c06-4a4b-9622-f521f03c37b8,http://data.europa.eu/esco/skill/38509fa4-7c06-4a4b-9622-f521f03c37b8,photography,knowledge,cross-sector
385479b7-5da5-4367-9763-0d15b41bb65b,http://data.europa.eu/esco/skill/385479b7-5da5-4367-9763-0d15b41bb65b,provide user documentation,skill/competence,cross-sector
38716afc-a93b-44ab-96cc-2ecf67edcf32,http://data.europa.eu/esco/skill/38716afc-a93b-44ab-96cc-2ecf67edcf32,do cloud refactoring,skill/competence,sector-specific
38788a64-6271-40ff-9e0b-5644c38322ff,http://data.europa.eu/esco/skill/38788a64-6271-40ff-9e0b-5644c38322ff,consultation methods,knowledge,sector-specific
387ee646-0aaa-4161-ab3b-cde87ec09fdf,http://data.europa.eu/esco/skill/387ee646-0aaa-4161-ab3b-cde87ec09fdf,public finance,knowledge,cross-sector
38a5c459-c591-4f76-a358-37de342bb11d,http://data.europa.eu/esco/skill/38a5c459-c591-4f76-a358-37de342bb11d,job market offers,knowledge,cross-sector
38d49d88-9069-467b-b29e-3cae739bdd4d,http://data.europa.eu/esco/skill/38d49d88-9069-467b-b29e-3cae739bdd4d,build predictive models,skill/competence,sector-specific
38da3c60-4b7c-4698-9256-574e4ee4e93b,http://data.europa.eu/esco/skill/38da3c60-4b7c-4698-9256-574e4ee4e93b,knowledge base,knowledge,cross-sector
395ace35-e463-4dc7-8181-c2dd43885107,http://data.europa.eu/esco/skill/395ace35-e463-4dc7-8181-c2dd43885107,perform a feasibility study on heat pumps,skill/competence,sector-specific
397da142-ab35-48fe-b154-7c38f447adfb,http://data.europa.eu/esco/skill/397da142-ab35-48fe-b154-7c38f447adfb,digital systems,knowledge,cross-sector
3982571a-e9ce-442a-a4a0-fdfc97727091,http://data.europa.eu/esco/skill/3982571a-e9ce-442a-a4a0-fdfc97727091,manage cash desk,skill/competence,sector-specific
39e43f7c-a95e-4583-be76-bb134ccce1ae,http://data.europa.eu/esco/skill/39e43f7c-a95e-4583-be76-bb134ccce1ae,financial department processes,knowledge,sector-specific
39e71107-3aa9-41a0-809c-edea477c968f,http://data.europa.eu/esco/skill/39e71107-3aa9-41a0-809c-edea477c968f,conduct land surveys,skill/competence,sector-specific
39e7d2a3-8d01-497c-8c5f-d51ab53a4a22,http://data.europa.eu/esco/skill/39e7d2a3-8d01-497c-8c5f-d51ab53a4a22,present arguments persuasively,skill/competence,cross-sector
39f67488-cfd3-4370-8d7e-da98163102d9,http://data.europa.eu/esco/skill/39f67488-cfd3-4370-8d7e-da98163102d9,evaluate research activities,skill/competence,cross-sector
3a09d732-08b9-4c90-8fd3-34e2d69ce084,http://data.europa.eu/esco/skill/3a09d732-08b9-4c90-8fd3-34e2d69ce084,explain blockchain implications,skill/competence,sector-specific
3a0f10bd-4c3f-4020-b29c-f03cfe6d6e5b,http://data.europa.eu/esco/skill/3a0f10bd-4c3f-4020-b29c-f03cfe6d6e5b,coordinate transportation,skill/competence,cross-sector
3a116ee0-19d4-49e9-a8f0-f2cd4f51c463,http://data.europa.eu/esco/skill/3a116ee0-19d4-49e9-a8f0-f2cd4f51c463,transmission towers,knowledge,cross-sector
3a174b30-37a1-4ce8-aa8d-e36abca1923a,http://data.europa.eu/esco/skill/3a174b30-37a1-4ce8-aa8d-e36abca1923a,buy advertising space,skill/competence,sector-specific
3a2d5b45-56e4-4f5a-a55a-4a4a65afdc43,http://data.europa.eu/esco/skill/3a2d5b45-56e4-4f5a-a55a-4a4a65afdc43,machine learning,knowledge,cross-sector
3a519990-ae6c-4c8b-a827-2bf96d949940,http://data.europa.eu/esco/skill/3a519990-ae6c-4c8b-a827-2bf96d949940,manage conservation of natural and cultural heritage,skill/competence,sector-specific
3a5231a0-8c30-48ee-b671-08e2debd4441,http://data.europa.eu/esco/skill/3a5231a0-8c30-48ee-b671-08e2debd4441,organisational policies,knowledge,sector-specific
3a585818-03f1-434c-b41b-9d3c4ceedfaa,http://data.europa.eu/esco/skill/3a585818-03f1-434c-b41b-9d3c4ceedfaa,analyse call performance trends,skill/competence,cross-sector
3a5b7435-c262-4a9d-893d-ee6c19bd9d92,http://data.europa.eu/esco/skill/3a5b7435-c262-4a9d-893d-ee6c19bd9d92,develop educational resources,skill/competence,cross-sector
3a7c95ef-0adc-4dff-a1a3-1e56f1e9ea03,http://data.europa.eu/esco/skill/3a7c95ef-0adc-4dff-a1a3-1e56f1e9ea03,assist with litigation matters,skill/competence,cross-sector
3a876d1c-3dd5-45ed-9a27-47cdbee46ce7,http://data.europa.eu/esco/skill/3a876d1c-3dd5-45ed-9a27-47cdbee46ce7,ensure information transparency,skill/competence,cross-sector
3aef9d43-157e-4339-9b26-ef1108b12dc4,http://data.europa.eu/esco/skill/3aef9d43-157e-4339-9b26-ef1108b12dc4,oversee the facilities services budget,skill/competence,cross-sector
3af687cb-8c7a-46ea-a730-32dbaed040c6,http://data.europa.eu/esco/skill/3af687cb-8c7a-46ea-a730-32dbaed040c6,Oracle Data Integrator,knowledge,sector-specific
3b3b7373-220a-4287-87cf-e24a208b63c6,http://data.europa.eu/esco/skill/3b3b7373-220a-4287-87cf-e24a208b63c6,quality and cycle time optimisation,knowledge,cross-sector
3bb6f78f-24f3-4799-b247-91a0c4bf5d81,http://data.europa.eu/esco/skill/3bb6f78f-24f3-4799-b247-91a0c4bf5d81,analyse call centre activities,skill/competence,cross-sector
3bc08c26-2f98-4730-bbb6-ec4a8566e3cf,http://data.europa.eu/esco/skill/3bc08c26-2f98-4730-bbb6-ec4a8566e3cf,procurement lifecycle,knowledge,sector-specific
3bddfd7c-ab6d-40c2-883d-5e97fb7640ba,http://data.europa.eu/esco/skill/3bddfd7c-ab6d-40c2-883d-5e97fb7640ba,create software design,skill/competence,sector-specific
3be6b84a-fa78-42b9-a8df-150cdb40b9d7,http://data.europa.eu/esco/skill/3be6b84a-fa78-42b9-a8df-150cdb40b9d7,ICT quality policy,knowledge,sector-specific
3be79ccc-a455-49b9-8c65-55c50071ba5b,http://data.europa.eu/esco/skill/3be79ccc-a455-49b9-8c65-55c50071ba5b,distributed ledger technology,knowledge,sector-specific
3c03ee71-4a23-448f-b79e-81fd75d27dca,http://data.europa.eu/esco/skill/3c03ee71-4a23-448f-b79e-81fd75d27dca,apply change management,skill/competence,cross-sector
3c134a08-521f-489d-9ff0-d84fcdc963eb,http://data.europa.eu/esco/skill/3c134a08-521f-489d-9ff0-d84fcdc963eb,create SCORM packages,skill/competence,sector-specific
3c1622fc-6c95-4b51-98da-1814ebe6e889,http://data.europa.eu/esco/skill/3c1622fc-6c95-4b51-98da-1814ebe6e889,geothermal energy systems,knowledge,sector-specific
3c1cbc5e-2220-4f45-bcc8-3d52c8c9cae0,http://data.europa.eu/esco/skill/3c1cbc5e-2220-4f45-bcc8-3d52c8c9cae0,analyse business model,skill/competence,cross-sector
3c209873-c757-47bb-91b5-9b6dc05df116,http://data.europa.eu/esco/skill/3c209873-c757-47bb-91b5-9b6dc05df116,banking activities,knowledge,cross-sector
3c2e6f38-42c1-46ec-b782-5854b2db330d,http://data.europa.eu/esco/skill/3c2e6f38-42c1-46ec-b782-5854b2db330d,blockchain openness,knowledge,sector-specific
3c333552-8d89-43f5-90bd-856e15bec433,http://data.europa.eu/esco/skill/3c333552-8d89-43f5-90bd-856e15bec433,design drawings,knowledge,cross-sector
3c42d13b-d6e4-4ed9-bdc4-991251461dc4,http://data.europa.eu/esco/skill/3c42d13b-d6e4-4ed9-bdc4-991251461dc4,engineering control theory,knowledge,sector-specific
3c4c3fa1-d638-42df-8e98-2a38021da6f9,http://data.europa.eu/esco/skill/3c4c3fa1-d638-42df-8e98-2a38021da6f9,use software for data preservation,skill/competence,cross-sector
3c5b51d9-52c4-4f38-9c1b-3cdebe38120f,http://data.europa.eu/esco/skill/3c5b51d9-52c4-4f38-9c1b-3cdebe38120f,implement risk management in procurement,skill/competence,sector-specific
3c6fe585-7d12-4315-b579-e30c042088ce,http://data.europa.eu/esco/skill/3c6fe585-7d12-4315-b579-e30c042088ce,use computer-aided engineering systems,skill/competence,cross-sector
3c76296d-4bbd-44ba-8eaa-95bf275f79b7,http://data.europa.eu/esco/skill/3c76296d-4bbd-44ba-8eaa-95bf275f79b7,manage ICT project,skill/competence,sector-specific
3c834f6e-523a-49ee-8ed1-e073e28ae6fe,http://data.europa.eu/esco/skill/3c834f6e-523a-49ee-8ed1-e073e28ae6fe,develop communications strategies,skill/competence,cross-sector
3cb348a4-e49e-4fe2-a403-d558dce1b38d,http://data.europa.eu/esco/skill/3cb348a4-e49e-4fe2-a403-d558dce1b38d,family law,knowledge,cross-sector
3cbe8b8d-69ba-4faa-9a7c-4cb95769df88,http://data.europa.eu/esco/skill/3cbe8b8d-69ba-4faa-9a7c-4cb95769df88,politics,knowledge,cross-sector
3cd35f5d-ce6d-4f14-9a09-53d7a28d834c,http://data.europa.eu/esco/skill/3cd35f5d-ce6d-4f14-9a09-53d7a28d834c,maintain relationship with suppliers,skill/competence,sector-specific
3cd569a2-4f88-4c1e-9995-8dce8c5e51a7,http://data.europa.eu/esco/skill/3cd569a2-4f88-4c1e-9995-8dce8c5e51a7,JavaScript,knowledge,sector-specific
3cdf3193-e070-40aa-a1b1-ab985db2c647,http://data.europa.eu/esco/skill/3cdf3193-e070-40aa-a1b1-ab985db2c647,editorial standards,knowledge,cross-sector
3ce1fe19-7f9e-4070-941d-651673a5693b,http://data.europa.eu/esco/skill/3ce1fe19-7f9e-4070-941d-651673a5693b,decision support systems,knowledge,sector-specific
3cee858e-79e8-4a4b-b99f-93c7f735d58b,http://data.europa.eu/esco/skill/3cee858e-79e8-4a4b-b99f-93c7f735d58b,DB2,knowledge,sector-specific
3cfa46e9-b7da-44ac-b09e-9596dffe0425,http://data.europa.eu/esco/skill/3cfa46e9-b7da-44ac-b09e-9596dffe0425,optimise choice of ICT solution,skill/competence,sector-specific
3d03c40c-1b83-4793-8902-2523f40af59e,http://data.europa.eu/esco/skill/3d03c40c-1b83-4793-8902-2523f40af59e,Microsoft Access,knowledge,sector-specific
3d3db1e7-b041-495e-8a93-deeacded8a2f,http://data.europa.eu/esco/skill/3d3db1e7-b041-495e-8a93-deeacded8a2f,test for emotional patterns,skill/competence,cross-sector
3d3ee5c3-4286-457f-9f76-1704011f7e11,http://data.europa.eu/esco/skill/3d3ee5c3-4286-457f-9f76-1704011f7e11,comply with legal regulations,skill/competence,cross-sector
3d427a49-4f85-42cd-8a92-62d4a34f41a1,http://data.europa.eu/esco/skill/3d427a49-4f85-42cd-8a92-62d4a34f41a1,file documents,skill/competence,sector-specific
3d64b8fd-bb09-4d13-a3cf-300ed8909088,http://data.europa.eu/esco/skill/3d64b8fd-bb09-4d13-a3cf-300ed8909088,write specifications,skill/competence,cross-sector
3d913cd3-4ba3-4be9-8b35-4ad0de5ccb60,http://data.europa.eu/esco/skill/3d913cd3-4ba3-4be9-8b35-4ad0de5ccb60,track shipments,skill/competence,sector-specific
3d957fb2-b8f4-4b4c-b955-23299c761ad5,http://data.europa.eu/esco/skill/3d957fb2-b8f4-4b4c-b955-23299c761ad5,design web-based courses,skill/competence,cross-sector
3d96dc4c-d812-4015-b1f9-8307c086c595,http://data.europa.eu/esco/skill/3d96dc4c-d812-4015-b1f9-8307c086c595,evaluate marketing content,skill/competence,cross-sector
3dbb132f-fb62-4227-8277-7c89a9fe4749,http://data.europa.eu/esco/skill/3dbb132f-fb62-4227-8277-7c89a9fe4749,compile appraisal reports,skill/competence,cross-sector
3dc6fd8e-6ff7-432e-a262-04d487858efb,http://data.europa.eu/esco/skill/3dc6fd8e-6ff7-432e-a262-04d487858efb,assemble hardware components,skill/competence,cross-sector
3dde5918-f4c6-4d46-9d6f-c7b2865f594f,http://data.europa.eu/esco/skill/3dde5918-f4c6-4d46-9d6f-c7b2865f594f,analyse insurance needs,skill/competence,cross-sector
3de14645-0c33-4ea0-b544-a962e8705173,http://data.europa.eu/esco/skill/3de14645-0c33-4ea0-b544-a962e8705173,set up photographic equipment,skill/competence,sector-specific
3dfa5c1e-a2cc-4c09-9e60-d21b28072c37,http://data.europa.eu/esco/skill/3dfa5c1e-a2cc-4c09-9e60-d21b28072c37,trade union regulations,knowledge,cross-sector
3dffcb35-26d4-4fee-8517-002f9e40508a,http://data.europa.eu/esco/skill/3dffcb35-26d4-4fee-8517-002f9e40508a,integrate biogas energy in buildings,skill/competence,sector-specific
3e04e39d-9eb6-4167-ad2d-e3413f647e4e,http://data.europa.eu/esco/skill/3e04e39d-9eb6-4167-ad2d-e3413f647e4e,organise business documents,skill/competence,cross-sector
3e23db60-0c3d-498a-a6ac-ffbed0ecb033,http://data.europa.eu/esco/skill/3e23db60-0c3d-498a-a6ac-ffbed0ecb033,ICT accessibility standards,knowledge,sector-specific
3e2ab38a-4519-4bef-b762-a8bf4836a775,http://data.europa.eu/esco/skill/3e2ab38a-4519-4bef-b762-a8bf4836a775,perform dimensionality reduction,skill/competence,cross-sector
3e37d714-4d65-416d-a138-46f7e2a98073,http://data.europa.eu/esco/skill/3e37d714-4d65-416d-a138-46f7e2a98073,design heat pump installations,skill/competence,sector-specific
3e40c7d0-0e36-4b33-bc33-0aa87eda0561,http://data.europa.eu/esco/skill/3e40c7d0-0e36-4b33-bc33-0aa87eda0561,electrical engineering,knowledge,cross-sector
3e4776e7-dd79-4a18-b334-6e8f9e989a49,http://data.europa.eu/esco/skill/3e4776e7-dd79-4a18-b334-6e8f9e989a49,liaise with union officials,skill/competence,cross-sector
3e679f1c-e515-4f1b-82b3-2a7e848183a5,http://data.europa.eu/esco/skill/3e679f1c-e515-4f1b-82b3-2a7e848183a5,advise on drafting policies,skill/competence,sector-specific
3e71ddfd-fff4-4c8d-a510-a46f4e2edb6b,http://data.europa.eu/esco/skill/3e71ddfd-fff4-4c8d-a510-a46f4e2edb6b,medical device test procedures,knowledge,cross-sector
3e7516dc-0f7c-4686-8b2f-fade4e5d21be,http://data.europa.eu/esco/skill/3e7516dc-0f7c-4686-8b2f-fade4e5d21be,3D texturing,knowledge,sector-specific
3e75d405-c3d1-4a66-9963-05a9397d68fb,http://data.europa.eu/esco/skill/3e75d405-c3d1-4a66-9963-05a9397d68fb,printed circuit boards testing methods,knowledge,cross-sector
3e9b580d-811b-48df-a5d1-a7bdd26f901f,http://data.europa.eu/esco/skill/3e9b580d-811b-48df-a5d1-a7bdd26f901f,prepare financial auditing reports,skill/competence,cross-sector
3ebc672a-8049-4305-8c42-0e9168b92798,http://data.europa.eu/esco/skill/3ebc672a-8049-4305-8c42-0e9168b92798,analyse booking patterns,skill/competence,occupation-specific
3ec2e4d6-7000-4905-bf1a-c5b1679416de,http://data.europa.eu/esco/skill/3ec2e4d6-7000-4905-bf1a-c5b1679416de,data warehouse,knowledge,occupation-specific
3edfa33c-c644-4a9a-acd1-e82039daa663,http://data.europa.eu/esco/skill/3edfa33c-c644-4a9a-acd1-e82039daa663,promote the use of sustainable transport,skill/competence,sector-specific
3edfcb2b-2d0e-4673-87ce-f55c37eb5fca,http://data.europa.eu/esco/skill/3edfcb2b-2d0e-4673-87ce-f55c37eb5fca,monitor manufacturing quality standards,skill/competence,cross-sector
3ee090a1-9d1c-44ed-bd93-f6b7c9b68a97,http://data.europa.eu/esco/skill/3ee090a1-9d1c-44ed-bd93-f6b7c9b68a97,manage payroll reports,skill/competence,cross-sector
3eefeaa0-54c0-4199-83a3-0a71078ba1c5,http://data.europa.eu/esco/skill/3eefeaa0-54c0-4199-83a3-0a71078ba1c5,assess risks of clients' assets,skill/competence,cross-sector
3f4dab51-572b-4e2c-85ef-3b4c3f7094e1,http://data.europa.eu/esco/skill/3f4dab51-572b-4e2c-85ef-3b4c3f7094e1,XQuery,knowledge,sector-specific
3f86173d-e101-4fcd-934f-ff9de29c081c,http://data.europa.eu/esco/skill/3f86173d-e101-4fcd-934f-ff9de29c081c,perform system analysis,skill/competence,occupation-specific
3fa8e226-4f06-4efb-8abe-26dbc1f5c085,http://data.europa.eu/esco/skill/3fa8e226-4f06-4efb-8abe-26dbc1f5c085,maintain incident reporting records,skill/competence,cross-sector
3fb8b724-1d52-4d11-b8b8-1776f558d1f0,http://data.europa.eu/esco/skill/3fb8b724-1d52-4d11-b8b8-1776f558d1f0,design ICT hardware placement,skill/competence,occupation-specific
3fc5a30d-d493-44ed-a2b5-ff9a50f84de3,http://data.europa.eu/esco/skill/3fc5a30d-d493-44ed-a2b5-ff9a50f84de3,solve bank account problems,skill/competence,sector-specific
3fcc49e8-71f8-4265-9e48-2e8c3465340a,http://data.europa.eu/esco/skill/3fcc49e8-71f8-4265-9e48-2e8c3465340a,provide information on study programmes,skill/competence,cross-sector
3ff589b7-68df-4ea5-ae41-b395bdb2378f,http://data.europa.eu/esco/skill/3ff589b7-68df-4ea5-ae41-b395bdb2378f,ICT security standards,knowledge,sector-specific
40001d93-8937-4859-89d5-2dca53290ff4,http://data.europa.eu/esco/skill/40001d93-8937-4859-89d5-2dca53290ff4,share through digital technologies,skill/competence,cross-sector
4012e28f-1826-4024-9772-7a4183d63b7f,http://data.europa.eu/esco/skill/4012e28f-1826-4024-9772-7a4183d63b7f,provide feedback on job performance,skill/competence,cross-sector
401d8d12-b56d-4c71-ac58-f791e8c085b4,http://data.europa.eu/esco/skill/401d8d12-b56d-4c71-ac58-f791e8c085b4,liaise with financiers,skill/competence,cross-sector
401eb8d8-6daa-4f8b-90ad-60afc71eb4f8,http://data.europa.eu/esco/skill/401eb8d8-6daa-4f8b-90ad-60afc71eb4f8,Perl,knowledge,sector-specific
40f27736-0d98-4446-8234-11646e4f4bc3,http://data.europa.eu/esco/skill/40f27736-0d98-4446-8234-11646e4f4bc3,oversee logistics of finished products,skill/competence,cross-sector
40f65a56-ccbe-4601-9f32-1cc6cdd24f28,http://data.europa.eu/esco/skill/40f65a56-ccbe-4601-9f32-1cc6cdd24f28,waste management,knowledge,cross-sector
4134622c-c3fb-4a41-beb6-6d58ba5107db,http://data.europa.eu/esco/skill/4134622c-c3fb-4a41-beb6-6d58ba5107db,demonstrate disciplinary expertise,skill/competence,cross-sector
414332e4-8347-4771-b947-65bd3801a620,http://data.europa.eu/esco/skill/414332e4-8347-4771-b947-65bd3801a620,use consulting techniques,skill/competence,cross-sector
414c9c90-3bff-474b-88d4-6d5fc4dbf3c8,http://data.europa.eu/esco/skill/414c9c90-3bff-474b-88d4-6d5fc4dbf3c8,follow newspaper house style,skill/competence,sector-specific
415abd43-e8e5-4643-b5da-5f11307af57a,http://data.europa.eu/esco/skill/415abd43-e8e5-4643-b5da-5f11307af57a,use different communication channels,skill/competence,cross-sector
415f816c-07ae-4ac1-9ddb-ecaa9957a249,http://data.europa.eu/esco/skill/415f816c-07ae-4ac1-9ddb-ecaa9957a249,law enforcement,knowledge,cross-sector
418a56a2-7cfc-4b6d-8cf5-5c2add99a849,http://data.europa.eu/esco/skill/418a56a2-7cfc-4b6d-8cf5-5c2add99a849,provide ICT system training,skill/competence,sector-specific
41a3240f-58ba-44e2-a688-edeb21ea5c16,http://data.europa.eu/esco/skill/41a3240f-58ba-44e2-a688-edeb21ea5c16,conduct quality control analysis,skill/competence,cross-sector
41bf7ede-fc84-4a57-8c89-b548d11b0ba1,http://data.europa.eu/esco/skill/41bf7ede-fc84-4a57-8c89-b548d11b0ba1,manage business knowledge,skill/competence,cross-sector
41cfce6d-5c0d-4af8-8ddc-32f7fbc07842,http://data.europa.eu/esco/skill/41cfce6d-5c0d-4af8-8ddc-32f7fbc07842,enable access to services,skill/competence,sector-specific
41ec47dd-08b3-464a-9c45-c706f3e74467,http://data.europa.eu/esco/skill/41ec47dd-08b3-464a-9c45-c706f3e74467,industrial software,knowledge,cross-sector
4216e465-7baa-4884-a241-54b197bb9278,http://data.europa.eu/esco/skill/4216e465-7baa-4884-a241-54b197bb9278,perform data mining,skill/competence,sector-specific
426c1016-5a78-4357-9734-9cf5127d4fb7,http://data.europa.eu/esco/skill/426c1016-5a78-4357-9734-9cf5127d4fb7,assess employees' capability levels,skill/competence,cross-sector
426ceaba-6867-481c-bb6b-aee3933da7d2,http://data.europa.eu/esco/skill/426ceaba-6867-481c-bb6b-aee3933da7d2,ICT safety,,
42b23922-1c40-4dbe-9e0c-7a568dfdf06b,http://data.europa.eu/esco/skill/42b23922-1c40-4dbe-9e0c-7a568dfdf06b,adjust engineering designs,skill/competence,cross-sector
42c25baf-ccb3-47d9-a872-bb2ceb615538,http://data.europa.eu/esco/skill/42c25baf-ccb3-47d9-a872-bb2ceb615538,operate precision measuring equipment,skill/competence,cross-sector
42c3287f-5e50-4559-a2d1-2000c70e0aab,http://data.europa.eu/esco/skill/42c3287f-5e50-4559-a2d1-2000c70e0aab,Pentaho Data Integration,knowledge,sector-specific
42c3ffa5-d6a9-4a57-942a-6b79f0bbfcd7,http://data.europa.eu/esco/skill/42c3ffa5-d6a9-4a57-942a-6b79f0bbfcd7,prepare credit reports,skill/competence,sector-specific
42cb7669-c371-4903-9c0b-13db67b2e4bb,http://data.europa.eu/esco/skill/42cb7669-c371-4903-9c0b-13db67b2e4bb,emergent technologies,knowledge,cross-sector
42dced65-823e-4f29-ad93-cae933b0dd7c,http://data.europa.eu/esco/skill/42dced65-823e-4f29-ad93-cae933b0dd7c,regulations for international transportation,knowledge,sector-specific
42ed3bfb-1a01-4c8b-9758-fc6438865734,http://data.europa.eu/esco/skill/42ed3bfb-1a01-4c8b-9758-fc6438865734,Smalltalk (computer programming),knowledge,sector-specific
42fcf80d-7b45-40f3-bd2f-5411c4c0dfa0,http://data.europa.eu/esco/skill/42fcf80d-7b45-40f3-bd2f-5411c4c0dfa0,identify technological needs,skill/competence,cross-sector
4300b453-9bcf-474c-9ee3-92ec2229720c,http://data.europa.eu/esco/skill/4300b453-9bcf-474c-9ee3-92ec2229720c,global standards for sustainability reporting,knowledge,sector-specific
43268a87-8280-4e3f-bf97-97dc973d60ef,http://data.europa.eu/esco/skill/43268a87-8280-4e3f-bf97-97dc973d60ef,represent the company,skill/competence,cross-sector
4334037f-c1d8-4241-b82e-8db7e469327b,http://data.europa.eu/esco/skill/4334037f-c1d8-4241-b82e-8db7e469327b,electricity market,knowledge,cross-sector
4339176e-3acd-4f7f-a5d9-445bee3d23f2,http://data.europa.eu/esco/skill/4339176e-3acd-4f7f-a5d9-445bee3d23f2,mathematics,knowledge,cross-sector
4350c38d-0fe9-4ca7-bab9-40ed7f72b04f,http://data.europa.eu/esco/skill/4350c38d-0fe9-4ca7-bab9-40ed7f72b04f,PHP,knowledge,sector-specific
435efc22-0dcb-487c-b9c4-d4860b6d4c52,http://data.europa.eu/esco/skill/435efc22-0dcb-487c-b9c4-d4860b6d4c52,organise storage facilities,skill/competence,cross-sector
435f167a-bb04-4bed-9167-94712ce01020,http://data.europa.eu/esco/skill/435f167a-bb04-4bed-9167-94712ce01020,supervise the management of an establishment,skill/competence,sector-specific
438d5286-1cf8-4013-a1ef-cde62682ff7a,http://data.europa.eu/esco/skill/438d5286-1cf8-4013-a1ef-cde62682ff7a,energy sector policies,knowledge,sector-specific
438ff259-d086-4004-acda-1ec3e1631bc6,http://data.europa.eu/esco/skill/438ff259-d086-4004-acda-1ec3e1631bc6,software anomalies,knowledge,sector-specific
4394a7e8-ffec-4062-b679-a2570260a84f,http://data.europa.eu/esco/skill/4394a7e8-ffec-4062-b679-a2570260a84f,types of vehicles,knowledge,cross-sector
43ae58b9-5e56-4524-b45a-b422777a0576,http://data.europa.eu/esco/skill/43ae58b9-5e56-4524-b45a-b422777a0576,database,knowledge,cross-sector
43b13058-68d0-40c6-8031-caf5a7b7d20c,http://data.europa.eu/esco/skill/43b13058-68d0-40c6-8031-caf5a7b7d20c,keep task records,skill/competence,cross-sector
43d1d56b-ce62-4fe8-8f18-35d92ec73023,http://data.europa.eu/esco/skill/43d1d56b-ce62-4fe8-8f18-35d92ec73023,identify undetected organisational needs,skill/competence,cross-sector
43dfbe7f-9e10-4871-b171-e5076737b4cf,http://data.europa.eu/esco/skill/43dfbe7f-9e10-4871-b171-e5076737b4cf,digital marketing techniques,knowledge,sector-specific
43ec6db6-33f7-449b-a566-5779a7e8997a,http://data.europa.eu/esco/skill/43ec6db6-33f7-449b-a566-5779a7e8997a,OpenEdge Database,knowledge,sector-specific
440d5784-52a5-4729-8b04-29f978bd896d,http://data.europa.eu/esco/skill/440d5784-52a5-4729-8b04-29f978bd896d,respond to incidents in cloud,skill/competence,sector-specific
440f64e5-e66c-45ee-bc29-53c14a2ad720,http://data.europa.eu/esco/skill/440f64e5-e66c-45ee-bc29-53c14a2ad720,use geographic information systems,skill/competence,sector-specific
441da17f-5560-43d3-920e-2865931c96d2,http://data.europa.eu/esco/skill/441da17f-5560-43d3-920e-2865931c96d2,take pictures,skill/competence,sector-specific
4463a721-69f3-413d-8321-43e3af13a4f1,http://data.europa.eu/esco/skill/4463a721-69f3-413d-8321-43e3af13a4f1,use databases,skill/competence,cross-sector
44847349-e7ff-4bdb-82b9-6a18140efcaf,http://data.europa.eu/esco/skill/44847349-e7ff-4bdb-82b9-6a18140efcaf,recognise blockchain application areas,skill/competence,sector-specific
449d119b-2d66-43a9-9230-7d27f16afbb6,http://data.europa.eu/esco/skill/449d119b-2d66-43a9-9230-7d27f16afbb6,Xcode,knowledge,sector-specific
44b768da-1397-4ff8-b575-d71889a67b9d,http://data.europa.eu/esco/skill/44b768da-1397-4ff8-b575-d71889a67b9d,meet expectations of target audience,skill/competence,cross-sector
44da96fe-26a3-4a32-9a0f-c49614bb7298,http://data.europa.eu/esco/skill/44da96fe-26a3-4a32-9a0f-c49614bb7298,manage student relationships,skill/competence,cross-sector
44e2c4c4-9fd2-42d4-a133-d81360ded4bc,http://data.europa.eu/esco/skill/44e2c4c4-9fd2-42d4-a133-d81360ded4bc,manage health and safety standards,skill/competence,cross-sector
450054eb-ccdb-42a7-baf0-371aba515fe7,http://data.europa.eu/esco/skill/450054eb-ccdb-42a7-baf0-371aba515fe7,financial engineering,knowledge,cross-sector
450de541-797a-4da0-9fe4-a81471c8047d,http://data.europa.eu/esco/skill/450de541-797a-4da0-9fe4-a81471c8047d,sales activities,knowledge,sector-specific
452c4c68-50d7-42ed-8c4e-b437446637d0,http://data.europa.eu/esco/skill/452c4c68-50d7-42ed-8c4e-b437446637d0,develop investment portfolio,skill/competence,cross-sector
4539aeca-b56f-4d03-ba86-8f675a7f2536,http://data.europa.eu/esco/skill/4539aeca-b56f-4d03-ba86-8f675a7f2536,develop solutions to information issues,skill/competence,cross-sector
4570a262-b51f-46a1-a834-13ff67bee1c8,http://data.europa.eu/esco/skill/4570a262-b51f-46a1-a834-13ff67bee1c8,decentralised identifiers,knowledge,sector-specific
45844ea3-bb3c-4f63-b23e-a0a62b78bc49,http://data.europa.eu/esco/skill/45844ea3-bb3c-4f63-b23e-a0a62b78bc49,provide customers with order information,skill/competence,sector-specific
45a16833-6666-488d-aadf-e02e569275e8,http://data.europa.eu/esco/skill/45a16833-6666-488d-aadf-e02e569275e8,use technology for forensics,skill/competence,cross-sector
45f1ae17-c20d-40fc-9307-7d33b6ca9213,http://data.europa.eu/esco/skill/45f1ae17-c20d-40fc-9307-7d33b6ca9213,image recognition,knowledge,cross-sector
4600a787-39b0-4bf1-aa69-e586262342f0,http://data.europa.eu/esco/skill/4600a787-39b0-4bf1-aa69-e586262342f0,state aid regulations,knowledge,sector-specific
4600e453-d1cf-4567-96ff-5e9b4b26c030,http://data.europa.eu/esco/skill/4600e453-d1cf-4567-96ff-5e9b4b26c030,mining sector policies,knowledge,sector-specific
465e7c78-cd26-4503-a5ca-40009e807705,http://data.europa.eu/esco/skill/465e7c78-cd26-4503-a5ca-40009e807705,assess users' interaction with ICT applications,skill/competence,sector-specific
465ff64a-1271-4064-8ed1-e969cb68d8b4,http://data.europa.eu/esco/skill/465ff64a-1271-4064-8ed1-e969cb68d8b4,perform test run,skill/competence,cross-sector
46cb7282-7fb0-4d3c-b6b8-bfe81fab077e,http://data.europa.eu/esco/skill/46cb7282-7fb0-4d3c-b6b8-bfe81fab077e,draw conclusions from market research results,skill/competence,cross-sector
46e1b714-94f4-462d-88e6-31f442708812,http://data.europa.eu/esco/skill/46e1b714-94f4-462d-88e6-31f442708812,define manufacturing quality criteria,skill/competence,sector-specific
46e93774-7c6a-4dc5-bae9-be97cc461093,http://data.europa.eu/esco/skill/46e93774-7c6a-4dc5-bae9-be97cc461093,inter-organisational middleware system,knowledge,sector-specific
46ec0033-3c71-415e-bcff-b065675ba2dc,http://data.europa.eu/esco/skill/46ec0033-3c71-415e-bcff-b065675ba2dc,integrate ICT data,skill/competence,sector-specific
473a8b64-a05c-4d49-962d-b9d9219950bc,http://data.europa.eu/esco/skill/473a8b64-a05c-4d49-962d-b9d9219950bc,analyse relation between supply chain improvement and profit,skill/competence,sector-specific
4754d9fe-dc3a-4f8f-8ea6-5dbcea3a21ca,http://data.europa.eu/esco/skill/4754d9fe-dc3a-4f8f-8ea6-5dbcea3a21ca,develop computer vision system,skill/competence,cross-sector
477173ca-5fc2-406b-9122-95d92811f284,http://data.europa.eu/esco/skill/477173ca-5fc2-406b-9122-95d92811f284,communicate with stakeholders,skill/competence,cross-sector
479944ef-8d2c-4279-b3d1-2b85c761fb30,http://data.europa.eu/esco/skill/479944ef-8d2c-4279-b3d1-2b85c761fb30,manage radiology information system,skill/competence,sector-specific
47a49cd6-097d-457a-9f7b-c290c14930d5,http://data.europa.eu/esco/skill/47a49cd6-097d-457a-9f7b-c290c14930d5,analyse big data,skill/competence,cross-sector
47b9bbcf-356c-4782-83a4-7f5a1b2b51a3,http://data.europa.eu/esco/skill/47b9bbcf-356c-4782-83a4-7f5a1b2b51a3,Assembly (computer programming),knowledge,sector-specific
47ca0da1-cae5-4395-ae6b-fd97b9ff48d3,http://data.europa.eu/esco/skill/47ca0da1-cae5-4395-ae6b-fd97b9ff48d3,system backup best practice,knowledge,cross-sector
47d491a9-f7c0-4b13-a10f-983d3aa0113e,http://data.europa.eu/esco/skill/47d491a9-f7c0-4b13-a10f-983d3aa0113e,safety engineering,knowledge,cross-sector
48391ec6-42ba-4093-acf4-c7673b0c07f4,http://data.europa.eu/esco/skill/48391ec6-42ba-4093-acf4-c7673b0c07f4,process commissioned instructions,skill/competence,cross-sector
4840338b-ac6c-486a-be1d-9ddfe00b8bdf,http://data.europa.eu/esco/skill/4840338b-ac6c-486a-be1d-9ddfe00b8bdf,Spiral development,knowledge,sector-specific
484d048c-a5d1-46a5-b57f-45b69c0ac552,http://data.europa.eu/esco/skill/484d048c-a5d1-46a5-b57f-45b69c0ac552,analyse pipeline database information,skill/competence,sector-specific
484df271-bb52-49f1-8f50-f19624bf4df2,http://data.europa.eu/esco/skill/484df271-bb52-49f1-8f50-f19624bf4df2,software components libraries,knowledge,sector-specific
485cdafb-3c7f-4104-ab1c-773e6131a39a,http://data.europa.eu/esco/skill/485cdafb-3c7f-4104-ab1c-773e6131a39a,conduct scholarly research,skill/competence,cross-sector
489b2571-ce18-4944-b452-ed1f54e55b68,http://data.europa.eu/esco/skill/489b2571-ce18-4944-b452-ed1f54e55b68,Schoology,knowledge,sector-specific
48b68726-0fd6-4e03-a5eb-82236516ee7a,http://data.europa.eu/esco/skill/48b68726-0fd6-4e03-a5eb-82236516ee7a,provide cost benefit analysis reports,skill/competence,cross-sector
48db96bf-3314-45c6-bad8-fdb6e20e5639,http://data.europa.eu/esco/skill/48db96bf-3314-45c6-bad8-fdb6e20e5639,data engineering,knowledge,cross-sector
48f480aa-c9a8-4552-b1c5-e94330912257,http://data.europa.eu/esco/skill/48f480aa-c9a8-4552-b1c5-e94330912257,road traffic laws,knowledge,cross-sector
49047409-9307-4b41-9b04-a9615f049044,http://data.europa.eu/esco/skill/49047409-9307-4b41-9b04-a9615f049044,investment banking,knowledge,sector-specific
49118827-3dbd-4c96-aebf-a23096e43d25,http://data.europa.eu/esco/skill/49118827-3dbd-4c96-aebf-a23096e43d25,maintain contractual information,skill/competence,occupation-specific
4913d0c0-133a-4c46-aac3-f5d4989a982e,http://data.europa.eu/esco/skill/4913d0c0-133a-4c46-aac3-f5d4989a982e,product usage risks analysis,knowledge,cross-sector
4918ec9a-0204-4935-8b09-b0112370daa8,http://data.europa.eu/esco/skill/4918ec9a-0204-4935-8b09-b0112370daa8,establish an Information Security Management System,skill/competence,sector-specific
49320ec7-65f9-4f90-bed2-2d41784f1836,http://data.europa.eu/esco/skill/49320ec7-65f9-4f90-bed2-2d41784f1836,compile GIS-data,skill/competence,cross-sector
4959697d-3a24-4f46-af0c-b752318e6c54,http://data.europa.eu/esco/skill/4959697d-3a24-4f46-af0c-b752318e6c54,ObjectStore,knowledge,sector-specific
495ce586-09d7-4cec-83d7-2821be6590c4,http://data.europa.eu/esco/skill/495ce586-09d7-4cec-83d7-2821be6590c4,smart contract programming languages,knowledge,sector-specific
496932f1-0b6b-4f73-9432-d95c7ddcd43b,http://data.europa.eu/esco/skill/496932f1-0b6b-4f73-9432-d95c7ddcd43b,recruit employees,skill/competence,cross-sector
499031e7-9821-4728-adb8-2925663c6ef2,http://data.europa.eu/esco/skill/499031e7-9821-4728-adb8-2925663c6ef2,credit card payments,knowledge,cross-sector
49d81d86-e748-4181-84e9-106173058081,http://data.europa.eu/esco/skill/49d81d86-e748-4181-84e9-106173058081,services marketing,knowledge,sector-specific
49dd67a9-d0a6-4375-b856-85e09032fdac,http://data.europa.eu/esco/skill/49dd67a9-d0a6-4375-b856-85e09032fdac,keep up-to-date with training subjects,skill/competence,sector-specific
49f6c9f1-49a6-4737-8bb0-0f6ab3558211,http://data.europa.eu/esco/skill/49f6c9f1-49a6-4737-8bb0-0f6ab3558211,clothing and footwear products,knowledge,sector-specific
49f85a99-086c-45b6-a6fa-eb90305af7b1,http://data.europa.eu/esco/skill/49f85a99-086c-45b6-a6fa-eb90305af7b1,Chef (tools for software configuration management),knowledge,sector-specific
49fed129-e32b-4f67-b80a-609d79e45b20,http://data.europa.eu/esco/skill/49fed129-e32b-4f67-b80a-609d79e45b20,electronic and telecommunication equipment,knowledge,sector-specific
4a193795-fa63-414e-9f2e-bfdb3924571e,http://data.europa.eu/esco/skill/4a193795-fa63-414e-9f2e-bfdb3924571e,handle data samples,skill/competence,cross-sector
4a2a63e6-5c62-43a0-a375-fdf4c2805270,http://data.europa.eu/esco/skill/4a2a63e6-5c62-43a0-a375-fdf4c2805270,customise software for drive system,skill/competence,cross-sector
4a460161-eaea-4fe2-bd0e-164ccc635be1,http://data.europa.eu/esco/skill/4a460161-eaea-4fe2-bd0e-164ccc635be1,financial statements,knowledge,cross-sector
4a466c62-db7d-4905-9a41-f23214810acb,http://data.europa.eu/esco/skill/4a466c62-db7d-4905-9a41-f23214810acb,GIMP (graphics editor software),knowledge,sector-specific
4a855abe-ac5b-4e95-ac10-3c1adceeee28,http://data.europa.eu/esco/skill/4a855abe-ac5b-4e95-ac10-3c1adceeee28,international financial reporting standards,knowledge,cross-sector
4a92d8ce-ffd6-4da5-a50e-ef1bff5cc219,http://data.europa.eu/esco/skill/4a92d8ce-ffd6-4da5-a50e-ef1bff5cc219,government social security programmes,knowledge,cross-sector
4ab4e298-4e35-4e2e-938c-da2c1e11864c,http://data.europa.eu/esco/skill/4ab4e298-4e35-4e2e-938c-da2c1e11864c,create banking accounts,skill/competence,sector-specific
4b164a27-849f-4be2-ae79-d26a4969b677,http://data.europa.eu/esco/skill/4b164a27-849f-4be2-ae79-d26a4969b677,microelectronics,knowledge,cross-sector
4b244020-5f28-4e20-b74f-1c2dcb6f15cb,http://data.europa.eu/esco/skill/4b244020-5f28-4e20-b74f-1c2dcb6f15cb,apply desktop publishing techniques,skill/competence,cross-sector
4b2c4de9-43d7-4905-9d58-bc2e7d84b2e1,http://data.europa.eu/esco/skill/4b2c4de9-43d7-4905-9d58-bc2e7d84b2e1,manage tender processes,skill/competence,cross-sector
4b2db903-cd8e-48ce-97fb-a92db4def54e,http://data.europa.eu/esco/skill/4b2db903-cd8e-48ce-97fb-a92db4def54e,financial forecasting,knowledge,cross-sector
4b3ae518-6746-4487-8d3b-4cfc063a43d0,http://data.europa.eu/esco/skill/4b3ae518-6746-4487-8d3b-4cfc063a43d0,use business simulation tools,skill/competence,sector-specific
4b3c8605-819d-4b38-83fc-f23663e78dc9,http://data.europa.eu/esco/skill/4b3c8605-819d-4b38-83fc-f23663e78dc9,consultation,knowledge,cross-sector
4b51e76e-9e8a-455f-a289-5b48246345c4,http://data.europa.eu/esco/skill/4b51e76e-9e8a-455f-a289-5b48246345c4,hardware components,knowledge,cross-sector
4b95c7bb-5672-4e4a-88ea-ba96c12e8ca2,http://data.europa.eu/esco/skill/4b95c7bb-5672-4e4a-88ea-ba96c12e8ca2,manage the customer experience,skill/competence,cross-sector
4bbb309f-9162-49b9-93da-fb2c371e5c5f,http://data.europa.eu/esco/skill/4bbb309f-9162-49b9-93da-fb2c371e5c5f,collect samples for analysis,skill/competence,cross-sector
4bd6e2ad-bf69-4198-b3ac-3baabd9da46e,http://data.europa.eu/esco/skill/4bd6e2ad-bf69-4198-b3ac-3baabd9da46e,support managers,skill/competence,cross-sector
4bf0a15a-be84-4560-b64c-9556781a0d60,http://data.europa.eu/esco/skill/4bf0a15a-be84-4560-b64c-9556781a0d60,liaise with government officials,skill/competence,cross-sector
4c016b68-4116-468c-9dc6-42710c239e4a,http://data.europa.eu/esco/skill/4c016b68-4116-468c-9dc6-42710c239e4a,C#,knowledge,sector-specific
4c216189-4116-4e49-9557-8360378ea717,http://data.europa.eu/esco/skill/4c216189-4116-4e49-9557-8360378ea717,provide training on technological business developments,skill/competence,occupation-specific
4c459ffb-4462-410e-8b60-e16092738e91,http://data.europa.eu/esco/skill/4c459ffb-4462-410e-8b60-e16092738e91,teach public speaking principles,skill/competence,cross-sector
4c58528e-bdaa-43ad-8f5a-8ad0b8cd4bbb,http://data.europa.eu/esco/skill/4c58528e-bdaa-43ad-8f5a-8ad0b8cd4bbb,design principles,knowledge,cross-sector
4c5d616e-f6d8-4fb4-8ce6-89a4b048b916,http://data.europa.eu/esco/skill/4c5d616e-f6d8-4fb4-8ce6-89a4b048b916,create training materials,skill/competence,cross-sector
4cb51222-3e2e-417c-9a5c-e9ccf262721d,http://data.europa.eu/esco/skill/4cb51222-3e2e-417c-9a5c-e9ccf262721d,ensure compliance with company regulations,skill/competence,cross-sector
4cd85845-f31c-4306-994d-e12d45114d83,http://data.europa.eu/esco/skill/4cd85845-f31c-4306-994d-e12d45114d83,teach in academic or vocational contexts,skill/competence,cross-sector
4cdbc76c-75d8-4e12-8653-4820c2d5446f,http://data.europa.eu/esco/skill/4cdbc76c-75d8-4e12-8653-4820c2d5446f,microsystem test procedures,knowledge,sector-specific
4ce09e3d-ca6b-424a-a328-7f551db75e59,http://data.europa.eu/esco/skill/4ce09e3d-ca6b-424a-a328-7f551db75e59,update budget,skill/competence,sector-specific
4cecff40-8e5c-4320-a87d-be8687008dbf,http://data.europa.eu/esco/skill/4cecff40-8e5c-4320-a87d-be8687008dbf,inspect facility sites,skill/competence,sector-specific
4cfc7ef6-e251-4c93-bd5e-fd6936dee11c,http://data.europa.eu/esco/skill/4cfc7ef6-e251-4c93-bd5e-fd6936dee11c,manage profitability,skill/competence,cross-sector
4d30ad07-9e39-4899-81dd-02b280f162f9,http://data.europa.eu/esco/skill/4d30ad07-9e39-4899-81dd-02b280f162f9,apply systemic design thinking,skill/competence,cross-sector
4d313147-b39d-413f-a5e2-b12d5f0dc9e6,http://data.europa.eu/esco/skill/4d313147-b39d-413f-a5e2-b12d5f0dc9e6,give interviews to media,skill/competence,cross-sector
4d38b095-6730-4157-9807-8049dd7b43b8,http://data.europa.eu/esco/skill/4d38b095-6730-4157-9807-8049dd7b43b8,document project progress,skill/competence,cross-sector
4d392ce8-9b29-498d-9744-e64b882d51bf,http://data.europa.eu/esco/skill/4d392ce8-9b29-498d-9744-e64b882d51bf,radiation physics in healthcare,knowledge,cross-sector
4d39b27a-b34f-4c89-8d46-df844d42f728,http://data.europa.eu/esco/skill/4d39b27a-b34f-4c89-8d46-df844d42f728,increase the impact of science on policy and society,skill/competence,cross-sector
4d6a1837-93df-4a81-b424-74e1a8ed2f03,http://data.europa.eu/esco/skill/4d6a1837-93df-4a81-b424-74e1a8ed2f03,multimodal transport logistics,knowledge,cross-sector
4d85b881-e490-4b4c-897a-2faa4ef53956,http://data.europa.eu/esco/skill/4d85b881-e490-4b4c-897a-2faa4ef53956,manage ICT data architecture,skill/competence,sector-specific
4da171e5-779c-4983-a76f-91c16751e99f,http://data.europa.eu/esco/skill/4da171e5-779c-4983-a76f-91c16751e99f,MySQL,knowledge,sector-specific
4da4587a-fd0b-4ca2-886c-c42a1562d432,http://data.europa.eu/esco/skill/4da4587a-fd0b-4ca2-886c-c42a1562d432,design cloud networks,skill/competence,sector-specific
4dafe480-f2ae-46b5-bd5e-8d4e538f50c7,http://data.europa.eu/esco/skill/4dafe480-f2ae-46b5-bd5e-8d4e538f50c7,identify training needs,skill/competence,cross-sector
4dcd0883-fff2-4010-9a41-55c11be6e559,http://data.europa.eu/esco/skill/4dcd0883-fff2-4010-9a41-55c11be6e559,manage yield,skill/competence,cross-sector
4ddf5204-95f5-4be2-ad35-571e2f493ae5,http://data.europa.eu/esco/skill/4ddf5204-95f5-4be2-ad35-571e2f493ae5,apply business acumen,skill/competence,cross-sector
4df7a57a-9405-4995-8e02-4ca404832247,http://data.europa.eu/esco/skill/4df7a57a-9405-4995-8e02-4ca404832247,manage project changes,skill/competence,cross-sector
4e02ce5a-7321-426b-a809-6c507f30ef52,http://data.europa.eu/esco/skill/4e02ce5a-7321-426b-a809-6c507f30ef52,business valuation techniques,knowledge,cross-sector
4e09e2d2-e317-47d2-bf5e-1d6c66be3efc,http://data.europa.eu/esco/skill/4e09e2d2-e317-47d2-bf5e-1d6c66be3efc,energy performance of buildings,knowledge,cross-sector
4e5687e3-3d3a-4f5e-b76a-93da0124d453,http://data.europa.eu/esco/skill/4e5687e3-3d3a-4f5e-b76a-93da0124d453,operational tactics for emergency responses,knowledge,cross-sector
4e6d2538-a48e-48a7-8dad-14b067cfcb8b,http://data.europa.eu/esco/skill/4e6d2538-a48e-48a7-8dad-14b067cfcb8b,TripleStore,knowledge,sector-specific
4e756773-ae14-4981-838b-9fe27e81c0af,http://data.europa.eu/esco/skill/4e756773-ae14-4981-838b-9fe27e81c0af,carry out financial transactions,skill/competence,occupation-specific
4e8ad2b8-d80c-4701-91aa-cd874142ef2d,http://data.europa.eu/esco/skill/4e8ad2b8-d80c-4701-91aa-cd874142ef2d,network marketing,knowledge,occupation-specific
4eba4667-402e-4aea-a15d-c9fb82da60dd,http://data.europa.eu/esco/skill/4eba4667-402e-4aea-a15d-c9fb82da60dd,combined heat and power generation,knowledge,sector-specific
4ef13dee-380d-4b76-9034-c4995045303f,http://data.europa.eu/esco/skill/4ef13dee-380d-4b76-9034-c4995045303f,evaluate blockchain architectures,skill/competence,cross-sector
4f060129-8b75-4d58-a8dd-515bd8fef349,http://data.europa.eu/esco/skill/4f060129-8b75-4d58-a8dd-515bd8fef349,develop financial statistics reports,skill/competence,cross-sector
4f0e579d-ca7b-427c-ace6-9e2de3eb19c7,http://data.europa.eu/esco/skill/4f0e579d-ca7b-427c-ace6-9e2de3eb19c7,apply advanced manufacturing,skill/competence,cross-sector
4f1afd9d-77a7-40f8-a3c7-fe18b984ce43,http://data.europa.eu/esco/skill/4f1afd9d-77a7-40f8-a3c7-fe18b984ce43,telecommunication trunking,knowledge,sector-specific
4f5c1208-62fd-4e5a-a51e-306c06947e11,http://data.europa.eu/esco/skill/4f5c1208-62fd-4e5a-a51e-306c06947e11,manage findable accessible interoperable and reusable data,skill/competence,cross-sector
4f6e68b2-85c8-446e-a96d-b306ec7e0091,http://data.europa.eu/esco/skill/4f6e68b2-85c8-446e-a96d-b306ec7e0091,training subject expertise,knowledge,cross-sector
4f7fa632-15a6-4739-930b-abbac8055a80,http://data.europa.eu/esco/skill/4f7fa632-15a6-4739-930b-abbac8055a80,firmware,knowledge,cross-sector
4fabca9a-7435-4f33-b1da-3cdb00340fdc,http://data.europa.eu/esco/skill/4fabca9a-7435-4f33-b1da-3cdb00340fdc,perform scientific research,skill/competence,cross-sector
4fb87cb4-6442-4b5d-8bd0-eb1aa743a9ee,http://data.europa.eu/esco/skill/4fb87cb4-6442-4b5d-8bd0-eb1aa743a9ee,application process,knowledge,occupation-specific
4ff17e60-5dfc-457b-b5bc-1750248095d5,http://data.europa.eu/esco/skill/4ff17e60-5dfc-457b-b5bc-1750248095d5,manage legal personal issues,skill/competence,cross-sector
4ffec20b-5bbb-47a2-bed5-eb70c4cbb572,http://data.europa.eu/esco/skill/4ffec20b-5bbb-47a2-bed5-eb70c4cbb572,manage sales channels,skill/competence,sector-specific
501537a7-9d63-491d-ae02-09f04767ff1e,http://data.europa.eu/esco/skill/501537a7-9d63-491d-ae02-09f04767ff1e,attack vectors,knowledge,sector-specific
50181a4b-1cfd-4fbd-ac9a-c1a494b9c5d0,http://data.europa.eu/esco/skill/50181a4b-1cfd-4fbd-ac9a-c1a494b9c5d0,implement customer follow-up,skill/competence,sector-specific
5033c2fb-ec55-4b8e-b0a4-9379593f1e1c,http://data.europa.eu/esco/skill/5033c2fb-ec55-4b8e-b0a4-9379593f1e1c,maintain equipment,skill/competence,cross-sector
50597e96-9b6a-4736-ac79-dd80f36c0269,http://data.europa.eu/esco/skill/50597e96-9b6a-4736-ac79-dd80f36c0269,Metasploit,knowledge,sector-specific
505e4ef3-7ce4-437d-b7b4-5c608f71c258,http://data.europa.eu/esco/skill/505e4ef3-7ce4-437d-b7b4-5c608f71c258,build recommender systems,skill/competence,occupation-specific
5063a99f-975b-4a7c-85e3-69ecb375b4d3,http://data.europa.eu/esco/skill/5063a99f-975b-4a7c-85e3-69ecb375b4d3,internet governance,knowledge,sector-specific
509909a2-4a8f-4ead-8ad0-968df63b77cc,http://data.europa.eu/esco/skill/509909a2-4a8f-4ead-8ad0-968df63b77cc,social media marketing techniques,knowledge,cross-sector
509ff122-3546-40a7-ae02-3ee7395b3a76,http://data.europa.eu/esco/skill/509ff122-3546-40a7-ae02-3ee7395b3a76,road transport legislation,knowledge,sector-specific
50a382c6-e848-467d-b156-7a1a3610b522,http://data.europa.eu/esco/skill/50a382c6-e848-467d-b156-7a1a3610b522,evolution of economic forecasts,knowledge,cross-sector
50ac5186-bb18-4ffb-9f29-00636853c8ea,http://data.europa.eu/esco/skill/50ac5186-bb18-4ffb-9f29-00636853c8ea,design solar energy systems,skill/competence,sector-specific
50b100ea-74fd-4706-99db-3e4ca55e51b8,http://data.europa.eu/esco/skill/50b100ea-74fd-4706-99db-3e4ca55e51b8,perform data cleansing,skill/competence,cross-sector
50b631f8-1ed7-46f5-9b47-96169d06c726,http://data.europa.eu/esco/skill/50b631f8-1ed7-46f5-9b47-96169d06c726,psychological counselling methods,knowledge,cross-sector
50b92084-93fd-4fa4-b2e8-d4be690603b9,http://data.europa.eu/esco/skill/50b92084-93fd-4fa4-b2e8-d4be690603b9,track shipping sites,skill/competence,sector-specific
50b96d21-f2eb-4f35-a8d3-77eee15ef51f,http://data.europa.eu/esco/skill/50b96d21-f2eb-4f35-a8d3-77eee15ef51f,manage visual communications,skill/competence,cross-sector
50f5e41d-7ce3-481b-aed7-ee9484545bc4,http://data.europa.eu/esco/skill/50f5e41d-7ce3-481b-aed7-ee9484545bc4,facilities management in the organisation,knowledge,sector-specific
510dc744-330b-42f0-ad67-ef865df9e772,http://data.europa.eu/esco/skill/510dc744-330b-42f0-ad67-ef865df9e772,review insurance process,skill/competence,sector-specific
5133ed7b-0785-4c28-825d-1dcf518c4b5b,http://data.europa.eu/esco/skill/5133ed7b-0785-4c28-825d-1dcf518c4b5b,align components,skill/competence,cross-sector
51586df8-1c46-4b47-8583-773cb63bf00b,http://data.europa.eu/esco/skill/51586df8-1c46-4b47-8583-773cb63bf00b,R,knowledge,sector-specific
517f678e-001b-4985-acb4-9edc3500d74c,http://data.europa.eu/esco/skill/517f678e-001b-4985-acb4-9edc3500d74c,develop training programmes,skill/competence,sector-specific
518dc04d-092d-4fa1-bd82-88b7a9278ef7,http://data.europa.eu/esco/skill/518dc04d-092d-4fa1-bd82-88b7a9278ef7,manage intellectual property rights,skill/competence,sector-specific
5195eebc-f400-467c-97a3-6f9fbf136169,http://data.europa.eu/esco/skill/5195eebc-f400-467c-97a3-6f9fbf136169,geothermal energy,knowledge,sector-specific
519b3949-b711-4a08-a395-a4bd068f9fa2,http://data.europa.eu/esco/skill/519b3949-b711-4a08-a395-a4bd068f9fa2,safety regulations for warehouses,knowledge,sector-specific
51b18096-85e6-425b-bb15-03a74eeda0dc,http://data.europa.eu/esco/skill/51b18096-85e6-425b-bb15-03a74eeda0dc,identify market requirements for ICT documentation,skill/competence,occupation-specific
5233e3f4-904a-4f68-9327-707f11d93374,http://data.europa.eu/esco/skill/5233e3f4-904a-4f68-9327-707f11d93374,design digital call to action,skill/competence,occupation-specific
5284ecee-93dd-4145-a3c0-584af836c69e,http://data.europa.eu/esco/skill/5284ecee-93dd-4145-a3c0-584af836c69e,use e-tourism platforms,skill/competence,sector-specific
52b38e90-3d05-4042-a9e2-d19dec8dd7c1,http://data.europa.eu/esco/skill/52b38e90-3d05-4042-a9e2-d19dec8dd7c1,test hardware,skill/competence,cross-sector
52cf3037-ab53-4806-85ed-7fd21ea7f6a1,http://data.europa.eu/esco/skill/52cf3037-ab53-4806-85ed-7fd21ea7f6a1,Groovy,knowledge,sector-specific
52e3507b-1cad-409f-9146-3c5e2afe7df9,http://data.europa.eu/esco/skill/52e3507b-1cad-409f-9146-3c5e2afe7df9,manage online communications,skill/competence,sector-specific
52e53619-fa77-4f72-b237-5e4aae784dc2,http://data.europa.eu/esco/skill/52e53619-fa77-4f72-b237-5e4aae784dc2,financial management,knowledge,cross-sector
52f6fca4-1ab6-4588-983d-15a278148961,http://data.europa.eu/esco/skill/52f6fca4-1ab6-4588-983d-15a278148961,administer multi-modal logistics,skill/competence,cross-sector
5303169c-75d6-4751-9136-a4b88343388c,http://data.europa.eu/esco/skill/5303169c-75d6-4751-9136-a4b88343388c,social media management,knowledge,cross-sector
530d8e4d-3618-4300-b8c3-6ffa8bf68cfb,http://data.europa.eu/esco/skill/530d8e4d-3618-4300-b8c3-6ffa8bf68cfb,stay up-to-date with current events,skill/competence,cross-sector
53103efa-a525-4a5b-81e5-282c4331e72c,http://data.europa.eu/esco/skill/53103efa-a525-4a5b-81e5-282c4331e72c,programme work according to incoming orders,skill/competence,sector-specific
53141450-2fa9-4890-a64e-7ffd4e1144be,http://data.europa.eu/esco/skill/53141450-2fa9-4890-a64e-7ffd4e1144be,use electronic health records management system,skill/competence,sector-specific
5330b70e-16f5-43a7-a6de-18fd6a4bd063,http://data.europa.eu/esco/skill/5330b70e-16f5-43a7-a6de-18fd6a4bd063,public relations,knowledge,cross-sector
53456d90-8c0d-4bd2-9f1b-312619b6e2a6,http://data.europa.eu/esco/skill/53456d90-8c0d-4bd2-9f1b-312619b6e2a6,hardware testing methods,knowledge,cross-sector
53780150-1581-4ae6-b435-34068c172caf,http://data.europa.eu/esco/skill/53780150-1581-4ae6-b435-34068c172caf,Vyper,knowledge,sector-specific
53815c73-d352-4d4d-92cb-fb7020cbd8e6,http://data.europa.eu/esco/skill/53815c73-d352-4d4d-92cb-fb7020cbd8e6,carry out inventory control accuracy,skill/competence,sector-specific
539d758d-8625-4b82-bad1-71cddead2a48,http://data.europa.eu/esco/skill/539d758d-8625-4b82-bad1-71cddead2a48,assist in loan applications,skill/competence,cross-sector
53cc0cc2-a9ce-4803-ae55-3cc0d7a5fc2c,http://data.europa.eu/esco/skill/53cc0cc2-a9ce-4803-ae55-3cc0d7a5fc2c,attend trade fairs,skill/competence,cross-sector
541561bc-510c-4a99-881c-2d8bf5a85462,http://data.europa.eu/esco/skill/541561bc-510c-4a99-881c-2d8bf5a85462,use technical drawing software,skill/competence,cross-sector
541cdc23-1eec-4520-81fc-3392eaf538ed,http://data.europa.eu/esco/skill/541cdc23-1eec-4520-81fc-3392eaf538ed,fraud detection,knowledge,cross-sector
542b09e0-b198-4a04-b0f8-6b07ccd80ae8,http://data.europa.eu/esco/skill/542b09e0-b198-4a04-b0f8-6b07ccd80ae8,check finished vehicles for quality control,skill/competence,occupation-specific
545c80e8-7ab2-42fe-af64-242211e94709,http://data.europa.eu/esco/skill/545c80e8-7ab2-42fe-af64-242211e94709,analyse network configuration and performance,skill/competence,sector-specific
54924a2c-daca-40d3-9716-4b38ceb04f38,http://data.europa.eu/esco/skill/54924a2c-daca-40d3-9716-4b38ceb04f38,algorithms,knowledge,cross-sector
54971fec-1c2f-49c0-9396-2f0c9fa5c8c0,http://data.europa.eu/esco/skill/54971fec-1c2f-49c0-9396-2f0c9fa5c8c0,LAMS,knowledge,sector-specific
54ae8c54-2aad-46fc-bff2-9d44d0ec7a6e,http://data.europa.eu/esco/skill/54ae8c54-2aad-46fc-bff2-9d44d0ec7a6e,manage information access aids,skill/competence,sector-specific
54c9c155-9293-4329-8ed2-2e76e8b519d4,http://data.europa.eu/esco/skill/54c9c155-9293-4329-8ed2-2e76e8b519d4,define data quality criteria,skill/competence,sector-specific
54cdc5f2-8000-4ed8-9add-b55a4bf6c269,http://data.europa.eu/esco/skill/54cdc5f2-8000-4ed8-9add-b55a4bf6c269,develop employment policies,skill/competence,sector-specific
54d68400-9da3-4077-a7ee-52e68b390ef6,http://data.europa.eu/esco/skill/54d68400-9da3-4077-a7ee-52e68b390ef6,follow written instructions,skill/competence,cross-sector
54d774a3-de3b-4425-b0d7-c03bc99a0937,http://data.europa.eu/esco/skill/54d774a3-de3b-4425-b0d7-c03bc99a0937,set up cybersecurity training programmes,skill/competence,sector-specific
54e60889-c5cc-435f-8d6d-7aefb67e993a,http://data.europa.eu/esco/skill/54e60889-c5cc-435f-8d6d-7aefb67e993a,organise participation in local or international events,skill/competence,occupation-specific
550e2d00-bd89-4614-8e15-330ae5277af3,http://data.europa.eu/esco/skill/550e2d00-bd89-4614-8e15-330ae5277af3,assess candidates,skill/competence,sector-specific
553ad092-b799-44c9-a94c-65a84fdc7526,http://data.europa.eu/esco/skill/553ad092-b799-44c9-a94c-65a84fdc7526,identify processes for re-engineering,skill/competence,cross-sector
553e1d2d-abf1-4b37-8ac4-c5c78a8edbc0,http://data.europa.eu/esco/skill/553e1d2d-abf1-4b37-8ac4-c5c78a8edbc0,proxy servers,knowledge,sector-specific
555343c3-e580-4b3d-82dc-51af4e1b3b75,http://data.europa.eu/esco/skill/555343c3-e580-4b3d-82dc-51af4e1b3b75,define energy profiles,skill/competence,sector-specific
555ee719-4bc2-49c9-82b2-c2c01bfe3637,http://data.europa.eu/esco/skill/555ee719-4bc2-49c9-82b2-c2c01bfe3637,oversee power equipment operation,skill/competence,sector-specific
556be6f4-225f-46a2-a795-d3d54d98c3f7,http://data.europa.eu/esco/skill/556be6f4-225f-46a2-a795-d3d54d98c3f7,conduct workplace audits,skill/competence,cross-sector
557d1221-0235-4a48-ada5-8fca73443627,http://data.europa.eu/esco/skill/557d1221-0235-4a48-ada5-8fca73443627,electronics principles,knowledge,sector-specific
557e9247-1a2d-4497-aa7f-0cded7768da1,http://data.europa.eu/esco/skill/557e9247-1a2d-4497-aa7f-0cded7768da1,Aircrack (penetration testing tool),knowledge,sector-specific
5592ab32-4e7a-4cda-8e64-ca36d5de8a10,http://data.europa.eu/esco/skill/5592ab32-4e7a-4cda-8e64-ca36d5de8a10,adapt to changing situations,skill/competence,cross-sector
55c16653-343c-4d02-a9de-7d8e864a4592,http://data.europa.eu/esco/skill/55c16653-343c-4d02-a9de-7d8e864a4592,Codenvy,knowledge,sector-specific
55e286cf-b8a0-40bd-9e87-276cbc0284b9,http://data.europa.eu/esco/skill/55e286cf-b8a0-40bd-9e87-276cbc0284b9,types of aircraft,knowledge,sector-specific
56042303-972b-41be-9310-58467599ff7e,http://data.europa.eu/esco/skill/56042303-972b-41be-9310-58467599ff7e,analyse business processes,skill/competence,cross-sector
5608d5a0-6d5e-43b7-be37-616501729bb4,http://data.europa.eu/esco/skill/5608d5a0-6d5e-43b7-be37-616501729bb4,artificial neural networks,knowledge,cross-sector
5609c548-8581-4a28-8afc-5f744868e9c7,http://data.europa.eu/esco/skill/5609c548-8581-4a28-8afc-5f744868e9c7,build rapport with people from different cultural backgrounds,skill/competence,sector-specific
561c2525-5bd8-4d86-8f45-820f4be7db93,http://data.europa.eu/esco/skill/561c2525-5bd8-4d86-8f45-820f4be7db93,report test findings,skill/competence,cross-sector
5641a2af-9eb2-4209-9fc6-856f78f2d2f2,http://data.europa.eu/esco/skill/5641a2af-9eb2-4209-9fc6-856f78f2d2f2,pollution legislation,knowledge,sector-specific
56426cfa-6e92-4ed9-a632-f08849864588,http://data.europa.eu/esco/skill/56426cfa-6e92-4ed9-a632-f08849864588,review investment portfolios,skill/competence,cross-sector
56a10e3e-c9e7-4d39-b6f1-6013398fcb3a,http://data.europa.eu/esco/skill/56a10e3e-c9e7-4d39-b6f1-6013398fcb3a,use content management system software,skill/competence,cross-sector
56a13f47-ad7c-451f-81cf-e550107abc03,http://data.europa.eu/esco/skill/56a13f47-ad7c-451f-81cf-e550107abc03,electrical discharge,knowledge,cross-sector
56a7f561-1d55-43c9-9cd7-36a0a9bc6c50,http://data.europa.eu/esco/skill/56a7f561-1d55-43c9-9cd7-36a0a9bc6c50,ASP.NET,knowledge,sector-specific
56ab5131-93a0-4ce3-b840-6413e687c307,http://data.europa.eu/esco/skill/56ab5131-93a0-4ce3-b840-6413e687c307,present legal arguments,skill/competence,cross-sector
56c59e98-f133-48ad-9d01-f357a8e2c218,http://data.europa.eu/esco/skill/56c59e98-f133-48ad-9d01-f357a8e2c218,estimate profitability,skill/competence,cross-sector
56ec6990-3e5b-475f-88e4-2c209f5625b3,http://data.europa.eu/esco/skill/56ec6990-3e5b-475f-88e4-2c209f5625b3,work with different target groups,skill/competence,sector-specific
56ff27ef-2565-45bf-a70c-f06d78d2a480,http://data.europa.eu/esco/skill/56ff27ef-2565-45bf-a70c-f06d78d2a480,create a financial plan,skill/competence,cross-sector
57231a22-4da7-49c8-97b8-75672feadf1e,http://data.europa.eu/esco/skill/57231a22-4da7-49c8-97b8-75672feadf1e,manage quantitative data,skill/competence,cross-sector
573d3f91-c81c-407e-a56d-0f3a63272b43,http://data.europa.eu/esco/skill/573d3f91-c81c-407e-a56d-0f3a63272b43,adapt teaching to student's capabilities,skill/competence,cross-sector
574257ea-7b64-4100-b7b6-e27c233fe143,http://data.europa.eu/esco/skill/574257ea-7b64-4100-b7b6-e27c233fe143,digital communication and collaboration,,
5753e2ca-8934-45d3-8e52-3877d373239d,http://data.europa.eu/esco/skill/5753e2ca-8934-45d3-8e52-3877d373239d,diplomatic principles,knowledge,cross-sector
576b305e-8c25-4546-8a69-87f975783114,http://data.europa.eu/esco/skill/576b305e-8c25-4546-8a69-87f975783114,meet contract specifications,skill/competence,cross-sector
57869946-cec2-4121-981c-84c9846c58d0,http://data.europa.eu/esco/skill/57869946-cec2-4121-981c-84c9846c58d0,electric current,knowledge,cross-sector
57beaad1-7c5e-4b17-a35f-31f49e1d7378,http://data.europa.eu/esco/skill/57beaad1-7c5e-4b17-a35f-31f49e1d7378,education law,knowledge,cross-sector
57c3021c-defc-4a39-b60b-95db8af25c3a,http://data.europa.eu/esco/skill/57c3021c-defc-4a39-b60b-95db8af25c3a,outplacement,knowledge,occupation-specific
57e7593f-0871-421c-88b2-a02acd85d79e,http://data.europa.eu/esco/skill/57e7593f-0871-421c-88b2-a02acd85d79e,diagnostic radiology,knowledge,cross-sector
580660a6-5d3a-421d-a54f-d85b706c2b2f,http://data.europa.eu/esco/skill/580660a6-5d3a-421d-a54f-d85b706c2b2f,use online tools to collaborate,skill/competence,cross-sector
581070bd-676a-44fb-a563-cdf8cc3c1463,http://data.europa.eu/esco/skill/581070bd-676a-44fb-a563-cdf8cc3c1463,train staff about product features,skill/competence,sector-specific
58240e34-7364-4078-a530-7a4f51649731,http://data.europa.eu/esco/skill/58240e34-7364-4078-a530-7a4f51649731,identify preventive actions,skill/competence,sector-specific
58783f72-5098-4807-b1d1-954ec2ae94c4,http://data.europa.eu/esco/skill/58783f72-5098-4807-b1d1-954ec2ae94c4,Backbox (penetration testing tool),knowledge,sector-specific
58888680-07cd-4baa-8eb1-f846bff7e2d4,http://data.europa.eu/esco/skill/58888680-07cd-4baa-8eb1-f846bff7e2d4,manage membership database,skill/competence,sector-specific
5898d99a-62a4-4e10-a2e3-0d815ce44248,http://data.europa.eu/esco/skill/5898d99a-62a4-4e10-a2e3-0d815ce44248,cyber attack counter-measures,knowledge,sector-specific
58d7a289-dafd-4363-833f-d1dc4140885e,http://data.europa.eu/esco/skill/58d7a289-dafd-4363-833f-d1dc4140885e,APL,knowledge,sector-specific
58d8e348-8bbc-4827-9214-822b1ee0007a,http://data.europa.eu/esco/skill/58d8e348-8bbc-4827-9214-822b1ee0007a,advise on investment,skill/competence,sector-specific
598de5b0-5b58-4ea7-8058-a4bc4d18c742,http://data.europa.eu/esco/skill/598de5b0-5b58-4ea7-8058-a4bc4d18c742,SQL,knowledge,sector-specific
59998878-fa14-458a-9085-06b45e89df1b,http://data.europa.eu/esco/skill/59998878-fa14-458a-9085-06b45e89df1b,types of heat pumps,knowledge,sector-specific
59a8086b-59b3-4e88-9341-21d7fb693b89,http://data.europa.eu/esco/skill/59a8086b-59b3-4e88-9341-21d7fb693b89,moderate in negotiations,skill/competence,cross-sector
59ea80e1-463a-4dba-82c6-d0b6d577d532,http://data.europa.eu/esco/skill/59ea80e1-463a-4dba-82c6-d0b6d577d532,technical drawings,knowledge,cross-sector
59eb177a-2f30-4943-8b30-5f87dd51a80d,http://data.europa.eu/esco/skill/59eb177a-2f30-4943-8b30-5f87dd51a80d,apply teaching strategies,skill/competence,cross-sector
59fe85c4-8202-46ac-b6a5-e28ea25d1848,http://data.europa.eu/esco/skill/59fe85c4-8202-46ac-b6a5-e28ea25d1848,forecast account metrics,skill/competence,cross-sector
5a0bffcf-4ff6-49cf-a7db-4142e63f5f04,http://data.europa.eu/esco/skill/5a0bffcf-4ff6-49cf-a7db-4142e63f5f04,answer incoming calls,skill/competence,cross-sector
5a234b3b-63b4-482f-b481-a1ff9d95bbf8,http://data.europa.eu/esco/skill/5a234b3b-63b4-482f-b481-a1ff9d95bbf8,office equipment,knowledge,sector-specific
5a23ed81-6c48-4631-a2a5-740f8079f50b,http://data.europa.eu/esco/skill/5a23ed81-6c48-4631-a2a5-740f8079f50b,plan supply chain logistics for footwear and leather goods,skill/competence,sector-specific
5a3c7fa1-4f0d-4ede-8e5e-734a2afa5ca7,http://data.europa.eu/esco/skill/5a3c7fa1-4f0d-4ede-8e5e-734a2afa5ca7,promote education course,skill/competence,cross-sector
5a5adfe3-5afe-4a24-b9a8-cee8481995e7,http://data.europa.eu/esco/skill/5a5adfe3-5afe-4a24-b9a8-cee8481995e7,manage distribution channels,skill/competence,cross-sector
5aa57bdc-5765-435e-8fc9-99b3febdb213,http://data.europa.eu/esco/skill/5aa57bdc-5765-435e-8fc9-99b3febdb213,hire human resources,skill/competence,sector-specific
5aa90e70-f661-4c2d-aaa2-70ac38c1ace9,http://data.europa.eu/esco/skill/5aa90e70-f661-4c2d-aaa2-70ac38c1ace9,inspect government policy compliance,skill/competence,cross-sector
5aaf2780-04d7-4bbf-8b06-af36eafe8eba,http://data.europa.eu/esco/skill/5aaf2780-04d7-4bbf-8b06-af36eafe8eba,inventory management rules,knowledge,cross-sector
5acf6408-e084-4202-9442-ffcf0119811c,http://data.europa.eu/esco/skill/5acf6408-e084-4202-9442-ffcf0119811c,security threats,knowledge,cross-sector
5b264a14-d4db-4352-9278-fbb63c5ebed4,http://data.europa.eu/esco/skill/5b264a14-d4db-4352-9278-fbb63c5ebed4,use automotive diagnostic equipment,skill/competence,sector-specific
5b26f08b-88bc-45f0-b901-530d7786466b,http://data.europa.eu/esco/skill/5b26f08b-88bc-45f0-b901-530d7786466b,scientific computing,knowledge,cross-sector
5b6fb4d6-582e-4187-9f17-f6e582f8714f,http://data.europa.eu/esco/skill/5b6fb4d6-582e-4187-9f17-f6e582f8714f,survey techniques,knowledge,cross-sector
5b71cb01-0f37-47e0-a617-abcf08c8aa64,http://data.europa.eu/esco/skill/5b71cb01-0f37-47e0-a617-abcf08c8aa64,interpret law,skill/competence,cross-sector
5b776f2d-cac1-437e-badd-9871876209a5,http://data.europa.eu/esco/skill/5b776f2d-cac1-437e-badd-9871876209a5,develop geological databases,skill/competence,sector-specific
5b84fed1-cd6c-47e1-b017-428db0e5cfb3,http://data.europa.eu/esco/skill/5b84fed1-cd6c-47e1-b017-428db0e5cfb3,manage cultural facility,skill/competence,sector-specific
5b8a3dd2-de10-48a0-8ce5-522f1fff8450,http://data.europa.eu/esco/skill/5b8a3dd2-de10-48a0-8ce5-522f1fff8450,perform contract compliance audits,skill/competence,cross-sector
5b9cde20-f1b9-4adc-bfb3-dbf70b14138d,http://data.europa.eu/esco/skill/5b9cde20-f1b9-4adc-bfb3-dbf70b14138d,use object-oriented programming,skill/competence,sector-specific
5bac4bcc-1846-4688-ba02-ad2b51544282,http://data.europa.eu/esco/skill/5bac4bcc-1846-4688-ba02-ad2b51544282,develop inclusive communication material,skill/competence,cross-sector
5bbaa0e6-0fd7-4df2-9db7-34f78b40dc34,http://data.europa.eu/esco/skill/5bbaa0e6-0fd7-4df2-9db7-34f78b40dc34,marketing management,knowledge,cross-sector
5be3d306-6cf1-4b49-aa1d-01651dd4ba4c,http://data.europa.eu/esco/skill/5be3d306-6cf1-4b49-aa1d-01651dd4ba4c,object-oriented modelling,knowledge,sector-specific
5c003e77-867f-4213-b7e9-0a4671362646,http://data.europa.eu/esco/skill/5c003e77-867f-4213-b7e9-0a4671362646,government policy,knowledge,cross-sector
5c2a951c-9eb3-45a7-af45-39f3bf3a095d,http://data.europa.eu/esco/skill/5c2a951c-9eb3-45a7-af45-39f3bf3a095d,debt classification,knowledge,cross-sector
5c606d18-6404-4047-b235-350f18e11827,http://data.europa.eu/esco/skill/5c606d18-6404-4047-b235-350f18e11827,contract law,knowledge,cross-sector
5c66ce3a-658d-43b1-9d8d-0f39be6c0f2e,http://data.europa.eu/esco/skill/5c66ce3a-658d-43b1-9d8d-0f39be6c0f2e,WebCMS,knowledge,sector-specific
5c98825f-146d-4d35-97cf-207b2afd9ae2,http://data.europa.eu/esco/skill/5c98825f-146d-4d35-97cf-207b2afd9ae2,create technical plans,skill/competence,cross-sector
5c99d21a-9d02-4638-9b52-a6ba840dcb0a,http://data.europa.eu/esco/skill/5c99d21a-9d02-4638-9b52-a6ba840dcb0a,synthesise financial information,skill/competence,cross-sector
5cd78d6b-b414-4a52-a24a-ae3ba1ffe7a1,http://data.europa.eu/esco/skill/5cd78d6b-b414-4a52-a24a-ae3ba1ffe7a1,create credit policy,skill/competence,sector-specific
5ce5236e-93e2-4899-8971-fff526f85a01,http://data.europa.eu/esco/skill/5ce5236e-93e2-4899-8971-fff526f85a01,blockchain applications,knowledge,cross-sector
5ce80f97-b385-4a41-9339-a6593d0709c1,http://data.europa.eu/esco/skill/5ce80f97-b385-4a41-9339-a6593d0709c1,perform video editing,skill/competence,sector-specific
5cfd2ec5-ef34-4e3b-9397-e580b903d716,http://data.europa.eu/esco/skill/5cfd2ec5-ef34-4e3b-9397-e580b903d716,evaluate performance of organisational collaborators,skill/competence,cross-sector
5d00929a-7124-488a-91c1-324bd75bf8ba,http://data.europa.eu/esco/skill/5d00929a-7124-488a-91c1-324bd75bf8ba,negotiate logistics services,skill/competence,sector-specific
5d05068e-7ae7-4ff6-8fa3-e35ea03b48b1,http://data.europa.eu/esco/skill/5d05068e-7ae7-4ff6-8fa3-e35ea03b48b1,check quality of products on the production line,skill/competence,sector-specific
5d26851b-270a-4fbe-abeb-2bfd6eba3e2d,http://data.europa.eu/esco/skill/5d26851b-270a-4fbe-abeb-2bfd6eba3e2d,analyse logistic changes,skill/competence,cross-sector
5d2e82cc-5943-4218-a459-a1956fad2b63,http://data.europa.eu/esco/skill/5d2e82cc-5943-4218-a459-a1956fad2b63,manage warehouse inventory,skill/competence,cross-sector
5d34adde-0b78-42b4-9d3d-69e9388d8398,http://data.europa.eu/esco/skill/5d34adde-0b78-42b4-9d3d-69e9388d8398,oversee quality control,skill/competence,cross-sector
5d53b4b5-f509-4dfd-9910-dd4a833af228,http://data.europa.eu/esco/skill/5d53b4b5-f509-4dfd-9910-dd4a833af228,monitor media industry research figures,skill/competence,cross-sector
5d5ba629-0b4c-424f-8803-000c3736f3f7,http://data.europa.eu/esco/skill/5d5ba629-0b4c-424f-8803-000c3736f3f7,handle personal identifiable information,skill/competence,cross-sector
5d5f0963-a8b7-4a4f-a8f5-05b3142752b9,http://data.europa.eu/esco/skill/5d5f0963-a8b7-4a4f-a8f5-05b3142752b9,risk modelling,knowledge,occupation-specific
5d74614d-32c8-4ca4-9818-6980e52424b1,http://data.europa.eu/esco/skill/5d74614d-32c8-4ca4-9818-6980e52424b1,plan software testing,skill/competence,sector-specific
5d76ed44-f022-4a1f-a6bd-5f0686a2ae3c,http://data.europa.eu/esco/skill/5d76ed44-f022-4a1f-a6bd-5f0686a2ae3c,select camera apertures,skill/competence,sector-specific
5d7890d5-d229-4b79-a5da-6819e38a52b6,http://data.europa.eu/esco/skill/5d7890d5-d229-4b79-a5da-6819e38a52b6,health records management,knowledge,sector-specific
5d9e766b-8f17-4e17-bfab-3bb0e0719791,http://data.europa.eu/esco/skill/5d9e766b-8f17-4e17-bfab-3bb0e0719791,define quality standards,skill/competence,cross-sector
5da3c765-10a3-49eb-934c-ec401ceb1a34,http://data.europa.eu/esco/skill/5da3c765-10a3-49eb-934c-ec401ceb1a34,analyse business plans,skill/competence,cross-sector
5da42cfd-1da8-4e4f-b68e-4f821d005fc5,http://data.europa.eu/esco/skill/5da42cfd-1da8-4e4f-b68e-4f821d005fc5,virtual reality,knowledge,cross-sector
5da73370-f6b9-417d-a94c-09bf01f84aa2,http://data.europa.eu/esco/skill/5da73370-f6b9-417d-a94c-09bf01f84aa2,use access control software,skill/competence,sector-specific
5da8018b-ae85-4cde-ad93-0394369018f3,http://data.europa.eu/esco/skill/5da8018b-ae85-4cde-ad93-0394369018f3,SPARQL,knowledge,sector-specific
5dc193da-e018-457a-b7b2-c8b315660e16,http://data.europa.eu/esco/skill/5dc193da-e018-457a-b7b2-c8b315660e16,decide on insurance applications,skill/competence,sector-specific
5dd01a1e-7ba0-4b7f-a76c-ed811c12bfde,http://data.europa.eu/esco/skill/5dd01a1e-7ba0-4b7f-a76c-ed811c12bfde,apply numeracy skills,skill/competence,cross-sector
5de0599a-8fca-4cdd-a72d-f5d21af8eeb3,http://data.europa.eu/esco/skill/5de0599a-8fca-4cdd-a72d-f5d21af8eeb3,monitor educational developments,skill/competence,cross-sector
5dfd1b83-8b77-444b-94cd-72f8e13472fa,http://data.europa.eu/esco/skill/5dfd1b83-8b77-444b-94cd-72f8e13472fa,legislation in agriculture,knowledge,cross-sector
5e80353d-53ed-4e64-a5ff-0e3ec52156fa,http://data.europa.eu/esco/skill/5e80353d-53ed-4e64-a5ff-0e3ec52156fa,direct logistical functions,skill/competence,sector-specific
5e9de344-2bea-40dc-8410-f940121330e4,http://data.europa.eu/esco/skill/5e9de344-2bea-40dc-8410-f940121330e4,maintain relationships with government agencies,skill/competence,cross-sector
5ea2d808-461b-4a56-b669-69fefc1b80da,http://data.europa.eu/esco/skill/5ea2d808-461b-4a56-b669-69fefc1b80da,capital goods industry,knowledge,sector-specific
5ec3f184-8f2c-46a8-85cd-6931e6dc4877,http://data.europa.eu/esco/skill/5ec3f184-8f2c-46a8-85cd-6931e6dc4877,collect items for laundry service,skill/competence,sector-specific
5ef0c719-5bcb-49f8-b8eb-824388225333,http://data.europa.eu/esco/skill/5ef0c719-5bcb-49f8-b8eb-824388225333,use scripting programming,skill/competence,sector-specific
5f0082ab-2131-49b5-94d6-a1821daf57d6,http://data.europa.eu/esco/skill/5f0082ab-2131-49b5-94d6-a1821daf57d6,apply for research funding,skill/competence,cross-sector
5f00bf83-f776-4488-b312-6725f8b6783a,http://data.europa.eu/esco/skill/5f00bf83-f776-4488-b312-6725f8b6783a,conduct public surveys,skill/competence,cross-sector
5f1d1319-7954-4a9b-90c7-57668e3a0d4b,http://data.europa.eu/esco/skill/5f1d1319-7954-4a9b-90c7-57668e3a0d4b,interpret financial statements,skill/competence,cross-sector
5f1ebff6-98ec-411f-a1d4-0bf04bd03bdf,http://data.europa.eu/esco/skill/5f1ebff6-98ec-411f-a1d4-0bf04bd03bdf,check accounting records,skill/competence,cross-sector
5f2efbdf-08a2-49cd-9c06-bd284e4f0fbf,http://data.europa.eu/esco/skill/5f2efbdf-08a2-49cd-9c06-bd284e4f0fbf,negotiate terms with suppliers,skill/competence,cross-sector
5f302d63-048e-451c-b150-97c124a5a26b,http://data.europa.eu/esco/skill/5f302d63-048e-451c-b150-97c124a5a26b,analyse economic trends,skill/competence,cross-sector
5f5e9350-1d13-4391-b9e1-07f6b2047fc5,http://data.europa.eu/esco/skill/5f5e9350-1d13-4391-b9e1-07f6b2047fc5,e-learning,knowledge,sector-specific
5f95f9c9-30ee-4735-ab63-8045ec8f78f8,http://data.europa.eu/esco/skill/5f95f9c9-30ee-4735-ab63-8045ec8f78f8,agricultural equipment,knowledge,sector-specific
5fd29c67-c905-4e34-98ff-f90ce6446b35,http://data.europa.eu/esco/skill/5fd29c67-c905-4e34-98ff-f90ce6446b35,European vehicle type-approval legislation,knowledge,sector-specific
5fd5c985-eaaa-47aa-8314-62359c54505a,http://data.europa.eu/esco/skill/5fd5c985-eaaa-47aa-8314-62359c54505a,develop digital content,skill/competence,cross-sector
5fe2e5e7-b8a2-4072-b527-f82f3169d989,http://data.europa.eu/esco/skill/5fe2e5e7-b8a2-4072-b527-f82f3169d989,facilitate official agreement,skill/competence,cross-sector
5fed696b-77d6-46e1-aa57-e520928a9837,http://data.europa.eu/esco/skill/5fed696b-77d6-46e1-aa57-e520928a9837,use free typing techniques,skill/competence,cross-sector
5ff0df56-48a7-4f84-937f-ba9a88182f3f,http://data.europa.eu/esco/skill/5ff0df56-48a7-4f84-937f-ba9a88182f3f,promote human rights implementation,skill/competence,sector-specific
60032986-43ac-4c26-a830-c825f3fa205a,http://data.europa.eu/esco/skill/60032986-43ac-4c26-a830-c825f3fa205a,design district heating and cooling energy systems,skill/competence,sector-specific
6014921e-1d25-4039-adc2-04852d61880e,http://data.europa.eu/esco/skill/6014921e-1d25-4039-adc2-04852d61880e,ICT debugging tools,knowledge,sector-specific
604e5cd2-559a-4d49-a1a2-e43b2b472fee,http://data.europa.eu/esco/skill/604e5cd2-559a-4d49-a1a2-e43b2b472fee,perform educational testing,skill/competence,cross-sector
604f62cc-0f04-4903-b9f9-7128f72d4e5a,http://data.europa.eu/esco/skill/604f62cc-0f04-4903-b9f9-7128f72d4e5a,Brightspace (learning management systems),knowledge,sector-specific
605399ce-4736-4b41-b41e-92ecf2139454,http://data.europa.eu/esco/skill/605399ce-4736-4b41-b41e-92ecf2139454,Solidity,knowledge,sector-specific
6053cf28-2f42-44bb-8d27-a43920128b30,http://data.europa.eu/esco/skill/6053cf28-2f42-44bb-8d27-a43920128b30,gather feedback from employees,skill/competence,cross-sector
6078e099-7696-44a5-b3c1-452b9abe886a,http://data.europa.eu/esco/skill/6078e099-7696-44a5-b3c1-452b9abe886a,production engineering,knowledge,sector-specific
60856bbb-e5db-4398-babb-300a24a7fe97,http://data.europa.eu/esco/skill/60856bbb-e5db-4398-babb-300a24a7fe97,adult education,knowledge,cross-sector
60b44dab-03f1-46de-be08-0e5ba8662b3d,http://data.europa.eu/esco/skill/60b44dab-03f1-46de-be08-0e5ba8662b3d,telecommunication industry,knowledge,cross-sector
60d48be0-4260-4b2e-85b9-aedff7a9b7d9,http://data.europa.eu/esco/skill/60d48be0-4260-4b2e-85b9-aedff7a9b7d9,ICT capacity planning strategies,knowledge,sector-specific
60efd7d3-eee4-4f7d-9373-66a54d13b3e0,http://data.europa.eu/esco/skill/60efd7d3-eee4-4f7d-9373-66a54d13b3e0,neuromarketing techniques,knowledge,sector-specific
60f51172-37c0-4933-a27a-cbf55dcd7580,http://data.europa.eu/esco/skill/60f51172-37c0-4933-a27a-cbf55dcd7580,prepare financial statements,skill/competence,cross-sector
611ed16b-99bf-4840-9cab-f55d1d286e0a,http://data.europa.eu/esco/skill/611ed16b-99bf-4840-9cab-f55d1d286e0a,store digital data and systems,skill/competence,cross-sector
6122d586-5978-431f-8e7a-96e61fc1f3fc,http://data.europa.eu/esco/skill/6122d586-5978-431f-8e7a-96e61fc1f3fc,wear appropriate protective gear,skill/competence,cross-sector
61484ab7-e5da-4fc1-82bd-72c3fa6ffab3,http://data.europa.eu/esco/skill/61484ab7-e5da-4fc1-82bd-72c3fa6ffab3,check dangerous goods transport unit,skill/competence,cross-sector
614c627b-2ec9-4a0d-811e-de14be4362f2,http://data.europa.eu/esco/skill/614c627b-2ec9-4a0d-811e-de14be4362f2,brainstorm ideas,skill/competence,cross-sector
6195c5f7-a4fb-425d-a3dd-c4467c4471a3,http://data.europa.eu/esco/skill/6195c5f7-a4fb-425d-a3dd-c4467c4471a3,deploy cloud resource,skill/competence,sector-specific
61970f8b-099c-4e7e-82e0-9ccdced0baf3,http://data.europa.eu/esco/skill/61970f8b-099c-4e7e-82e0-9ccdced0baf3,assist customers,skill/competence,sector-specific
61a9e90d-9013-4323-b114-fb4bc7e6729e,http://data.europa.eu/esco/skill/61a9e90d-9013-4323-b114-fb4bc7e6729e,advise on equipment maintenance,skill/competence,cross-sector
61bef658-d7f9-4759-b1b0-0f9cb3bc581a,http://data.europa.eu/esco/skill/61bef658-d7f9-4759-b1b0-0f9cb3bc581a,biotechnology,knowledge,cross-sector
61c25570-ca90-45ed-ac1c-f7d0fc21b32d,http://data.europa.eu/esco/skill/61c25570-ca90-45ed-ac1c-f7d0fc21b32d,inspect government incomes,skill/competence,sector-specific
61d6ef20-6cc7-40f8-919e-3360db6cf2b3,http://data.europa.eu/esco/skill/61d6ef20-6cc7-40f8-919e-3360db6cf2b3,hardware materials,knowledge,sector-specific
623c75fa-f9f8-460c-b199-e17480687139,http://data.europa.eu/esco/skill/623c75fa-f9f8-460c-b199-e17480687139,meet deadlines for preparing legal cases,skill/competence,cross-sector
625b57ee-29d4-425b-bf99-9fd54dd021fe,http://data.europa.eu/esco/skill/625b57ee-29d4-425b-bf99-9fd54dd021fe,Kali Linux,knowledge,sector-specific
62685d7a-a8be-4070-89e9-8699ad1201b6,http://data.europa.eu/esco/skill/62685d7a-a8be-4070-89e9-8699ad1201b6,ecological principles,knowledge,cross-sector
628664ec-a63b-4486-8d65-02aba81c82a0,http://data.europa.eu/esco/skill/628664ec-a63b-4486-8d65-02aba81c82a0,ICT sales methodologies,knowledge,sector-specific
6290031b-4183-4849-ab02-11a3ea0494da,http://data.europa.eu/esco/skill/6290031b-4183-4849-ab02-11a3ea0494da,test wireless devices,skill/competence,occupation-specific
629685b8-5f9e-4522-8cff-b3e2c4ec625a,http://data.europa.eu/esco/skill/629685b8-5f9e-4522-8cff-b3e2c4ec625a,digital data processing,,
629c9139-8a87-447b-8f61-bfe678cf3e7c,http://data.europa.eu/esco/skill/629c9139-8a87-447b-8f61-bfe678cf3e7c,types of maritime vessels,knowledge,sector-specific
62bf2e21-2613-47f1-a624-fe0fc925e671,http://data.europa.eu/esco/skill/62bf2e21-2613-47f1-a624-fe0fc925e671,market entry strategies,knowledge,cross-sector
62f2caf5-9f94-43a6-ac1c-5962de81643f,http://data.europa.eu/esco/skill/62f2caf5-9f94-43a6-ac1c-5962de81643f,promote virtual reality travelling experiences,skill/competence,sector-specific
6310b25d-2a2f-45d3-a632-c5fa0c2bf48c,http://data.europa.eu/esco/skill/6310b25d-2a2f-45d3-a632-c5fa0c2bf48c,MOEM,knowledge,sector-specific
63359272-1303-41d5-a437-f4522f5abcc2,http://data.europa.eu/esco/skill/63359272-1303-41d5-a437-f4522f5abcc2,manage warehouse organisation,skill/competence,cross-sector
633a3637-2c6b-40ae-ac38-289eb2a62aa6,http://data.europa.eu/esco/skill/633a3637-2c6b-40ae-ac38-289eb2a62aa6,business analysis,knowledge,cross-sector
6345d3a4-7d1a-40a9-9a82-6ed06beffe7b,http://data.europa.eu/esco/skill/6345d3a4-7d1a-40a9-9a82-6ed06beffe7b,online job platforms,knowledge,occupation-specific
6360a934-cc87-4954-9656-b32db20592e3,http://data.europa.eu/esco/skill/6360a934-cc87-4954-9656-b32db20592e3,quantitative analysis,knowledge,cross-sector
6360d655-3494-45f6-bfc6-d5f63afc355b,http://data.europa.eu/esco/skill/6360d655-3494-45f6-bfc6-d5f63afc355b,electrical power safety regulations,knowledge,cross-sector
637ca2e2-0624-48b1-be6e-9ff4580344ac,http://data.europa.eu/esco/skill/637ca2e2-0624-48b1-be6e-9ff4580344ac,proofread text,skill/competence,cross-sector
6391d9ad-165e-4c42-80af-1b478db422e6,http://data.europa.eu/esco/skill/6391d9ad-165e-4c42-80af-1b478db422e6,improve customer traveling experiences with augmented reality,skill/competence,sector-specific
63e85fe0-f941-4f54-b4de-af6f8d43c176,http://data.europa.eu/esco/skill/63e85fe0-f941-4f54-b4de-af6f8d43c176,work with advertising professionals,skill/competence,sector-specific
63f0aa84-5e4c-4eb6-8e8c-876d9feedf1f,http://data.europa.eu/esco/skill/63f0aa84-5e4c-4eb6-8e8c-876d9feedf1f,Outsourcing model,knowledge,sector-specific
6417a4cc-6f61-4459-a114-761a7fa0279d,http://data.europa.eu/esco/skill/6417a4cc-6f61-4459-a114-761a7fa0279d,Puppet (tools for software configuration management),knowledge,sector-specific
6430eb0d-c6de-46b7-a7fc-3dd2e8e62a69,http://data.europa.eu/esco/skill/6430eb0d-c6de-46b7-a7fc-3dd2e8e62a69,use ICT ticketing system,skill/competence,cross-sector
6451e645-67b5-4cc7-aafd-fab19629fa82,http://data.europa.eu/esco/skill/6451e645-67b5-4cc7-aafd-fab19629fa82,archive documentation related to work,skill/competence,sector-specific
6457122e-5eed-4817-9f67-c3edb607fef6,http://data.europa.eu/esco/skill/6457122e-5eed-4817-9f67-c3edb607fef6,evaluate advertising campaign,skill/competence,cross-sector
6468e5fb-f3be-4025-87be-4b6556755c61,http://data.europa.eu/esco/skill/6468e5fb-f3be-4025-87be-4b6556755c61,programmable logic controller,knowledge,cross-sector
646d871b-4503-4dc8-a076-06d7085e4cde,http://data.europa.eu/esco/skill/646d871b-4503-4dc8-a076-06d7085e4cde,promote human rights,skill/competence,cross-sector
6474fc36-67ae-436b-9d39-c14402c6a89b,http://data.europa.eu/esco/skill/6474fc36-67ae-436b-9d39-c14402c6a89b,use ICT hardware,skill/competence,sector-specific
64852ade-6ae1-4760-ba4a-976bf07ca255,http://data.europa.eu/esco/skill/64852ade-6ae1-4760-ba4a-976bf07ca255,manage disaster recovery plans,skill/competence,cross-sector
648782e0-b5e5-4e59-bed0-627aa8ac29f0,http://data.europa.eu/esco/skill/648782e0-b5e5-4e59-bed0-627aa8ac29f0,maintain records of financial transactions,skill/competence,cross-sector
64bd4157-5df0-4166-8259-ede237dd7cdf,http://data.europa.eu/esco/skill/64bd4157-5df0-4166-8259-ede237dd7cdf,estimate impact of risks,skill/competence,sector-specific
64be6a06-52e8-4f5c-b64d-caa516cfa291,http://data.europa.eu/esco/skill/64be6a06-52e8-4f5c-b64d-caa516cfa291,depreciation,knowledge,sector-specific
64c074bf-1d14-4520-b561-e2fa05b7681c,http://data.europa.eu/esco/skill/64c074bf-1d14-4520-b561-e2fa05b7681c,study court hearings,skill/competence,cross-sector
64c813d6-f73a-4f55-8154-8fef4ef54ec7,http://data.europa.eu/esco/skill/64c813d6-f73a-4f55-8154-8fef4ef54ec7,inform customers of activity changes,skill/competence,cross-sector
64db87c7-2360-4e20-88d3-d222402e477c,http://data.europa.eu/esco/skill/64db87c7-2360-4e20-88d3-d222402e477c,write database documentation,skill/competence,sector-specific
64e09849-a7db-4d6b-a932-66264420eb97,http://data.europa.eu/esco/skill/64e09849-a7db-4d6b-a932-66264420eb97,apply social media marketing,skill/competence,cross-sector
64f2c90c-4144-418e-82c6-3150e03d29a3,http://data.europa.eu/esco/skill/64f2c90c-4144-418e-82c6-3150e03d29a3,assess customers,skill/competence,sector-specific
650f44e2-cb4c-41ba-9095-581fe6bea4b1,http://data.europa.eu/esco/skill/650f44e2-cb4c-41ba-9095-581fe6bea4b1,coordinate purchasing activities,skill/competence,sector-specific
65155435-1c5b-41ee-8812-e0b9b03ae480,http://data.europa.eu/esco/skill/65155435-1c5b-41ee-8812-e0b9b03ae480,carry out repair of vehicles,skill/competence,sector-specific
651d7458-ff97-4bee-9290-af375c7ff25f,http://data.europa.eu/esco/skill/651d7458-ff97-4bee-9290-af375c7ff25f,evaluate clients' progress,skill/competence,cross-sector
6542601c-92ee-4a03-abd9-fde0635727a2,http://data.europa.eu/esco/skill/6542601c-92ee-4a03-abd9-fde0635727a2,respond to electrical power contingencies,skill/competence,sector-specific
6543eef3-d05e-4e97-a7dc-379398a1a798,http://data.europa.eu/esco/skill/6543eef3-d05e-4e97-a7dc-379398a1a798,work closely with news teams,skill/competence,sector-specific
6556cbf1-d5c0-4f53-89a9-8707066069a6,http://data.europa.eu/esco/skill/6556cbf1-d5c0-4f53-89a9-8707066069a6,evaluate budgets,skill/competence,cross-sector
6561c8e7-3851-4878-bcf4-d2ffd63d835e,http://data.europa.eu/esco/skill/6561c8e7-3851-4878-bcf4-d2ffd63d835e,use repair manuals,skill/competence,cross-sector
656b2dab-4ace-4afa-bad4-d9ddef577e2b,http://data.europa.eu/esco/skill/656b2dab-4ace-4afa-bad4-d9ddef577e2b,promote organisational communication,skill/competence,cross-sector
65715f7a-c791-416b-b88a-2933a1c81647,http://data.europa.eu/esco/skill/65715f7a-c791-416b-b88a-2933a1c81647,recruit personnel,skill/competence,cross-sector
658a38bd-6954-4a2a-945c-42330c5d13b9,http://data.europa.eu/esco/skill/658a38bd-6954-4a2a-945c-42330c5d13b9,manage corporate bank accounts,skill/competence,cross-sector
65ca5e3c-940c-46b2-b277-aff394cfdd4c,http://data.europa.eu/esco/skill/65ca5e3c-940c-46b2-b277-aff394cfdd4c,establish daily priorities,skill/competence,cross-sector
65e58886-bd1e-4c5b-8ca5-8d9b353c8aa1,http://data.europa.eu/esco/skill/65e58886-bd1e-4c5b-8ca5-8d9b353c8aa1,data visualisation software,knowledge,cross-sector
660060e4-c418-4049-836b-beade5f8a4a8,http://data.europa.eu/esco/skill/660060e4-c418-4049-836b-beade5f8a4a8,create annual marketing budget,skill/competence,cross-sector
666e7d29-247b-4032-a3ce-8ee27554a044,http://data.europa.eu/esco/skill/666e7d29-247b-4032-a3ce-8ee27554a044,customs law,knowledge,sector-specific
668c3fd4-8443-4f27-bc1e-2d96205186b5,http://data.europa.eu/esco/skill/668c3fd4-8443-4f27-bc1e-2d96205186b5,blockchain application areas,knowledge,cross-sector
66aad490-1c20-4e25-b189-634a218ee53e,http://data.europa.eu/esco/skill/66aad490-1c20-4e25-b189-634a218ee53e,legal case management,knowledge,cross-sector
66baba7d-178e-4c51-935f-03a9049ff2f6,http://data.europa.eu/esco/skill/66baba7d-178e-4c51-935f-03a9049ff2f6,communicate with banking professionals,skill/competence,cross-sector
66d47084-9437-48b2-819b-c4c8214ed650,http://data.europa.eu/esco/skill/66d47084-9437-48b2-819b-c4c8214ed650,interview people,skill/competence,sector-specific
66da3162-6c8d-44cb-9dd5-6f9efe1fcf67,http://data.europa.eu/esco/skill/66da3162-6c8d-44cb-9dd5-6f9efe1fcf67,trademarks,knowledge,cross-sector
66db424f-2abe-420d-8e5b-186607266b61,http://data.europa.eu/esco/skill/66db424f-2abe-420d-8e5b-186607266b61,corporate social responsibility,knowledge,sector-specific
66f83eaa-b9ae-471c-ad86-6b9229719e4a,http://data.europa.eu/esco/skill/66f83eaa-b9ae-471c-ad86-6b9229719e4a,analyse foreign affairs policies,skill/competence,cross-sector
66fda9e5-f9f7-4342-b4f1-23355bcdd0b9,http://data.europa.eu/esco/skill/66fda9e5-f9f7-4342-b4f1-23355bcdd0b9,develop promotional tools,skill/competence,cross-sector
6709e92c-7546-46a4-aa57-5e951bd4cb0f,http://data.europa.eu/esco/skill/6709e92c-7546-46a4-aa57-5e951bd4cb0f,building automation,knowledge,cross-sector
670f8eea-f25b-4c3f-97ef-a4729d4c63d6,http://data.europa.eu/esco/skill/670f8eea-f25b-4c3f-97ef-a4729d4c63d6,smart contract,knowledge,sector-specific
676fdcdf-c4ae-4bdd-af92-444392b06a31,http://data.europa.eu/esco/skill/676fdcdf-c4ae-4bdd-af92-444392b06a31,dairy and edible oil products,knowledge,sector-specific
67785eab-0818-41f9-9756-a8e0a215b95b,http://data.europa.eu/esco/skill/67785eab-0818-41f9-9756-a8e0a215b95b,surveying methods,knowledge,sector-specific
6789d5a3-34ca-4417-bb93-331319b01da3,http://data.europa.eu/esco/skill/6789d5a3-34ca-4417-bb93-331319b01da3,draft tender documentation,skill/competence,cross-sector
6789defa-dc57-42a8-b2ed-2b8c349aa3e2,http://data.europa.eu/esco/skill/6789defa-dc57-42a8-b2ed-2b8c349aa3e2,determine salaries,skill/competence,cross-sector
679e221d-4e86-49af-8e91-ae8c6fe8e5ae,http://data.europa.eu/esco/skill/679e221d-4e86-49af-8e91-ae8c6fe8e5ae,approve advertising campaign,skill/competence,cross-sector
67a118f4-8a5f-48f7-8e5f-de34b9ca2c37,http://data.europa.eu/esco/skill/67a118f4-8a5f-48f7-8e5f-de34b9ca2c37,hybrid model,knowledge,sector-specific
67dbfc2a-3dd4-41a1-90bd-97035e7add60,http://data.europa.eu/esco/skill/67dbfc2a-3dd4-41a1-90bd-97035e7add60,stay up to date with social media,skill/competence,sector-specific
67f21527-ca9d-4c76-8571-3cf74e3ce979,http://data.europa.eu/esco/skill/67f21527-ca9d-4c76-8571-3cf74e3ce979,create media plan,skill/competence,sector-specific
6833e58b-eceb-4599-9375-1b7e6ec64087,http://data.europa.eu/esco/skill/6833e58b-eceb-4599-9375-1b7e6ec64087,ensure information security,skill/competence,cross-sector
683bc3e3-6ec1-4ad2-8d62-d0ac1fabbe76,http://data.europa.eu/esco/skill/683bc3e3-6ec1-4ad2-8d62-d0ac1fabbe76,use analytics for commercial purposes,skill/competence,cross-sector
6853886b-ebc5-4b91-98af-9a4ecca803bd,http://data.europa.eu/esco/skill/6853886b-ebc5-4b91-98af-9a4ecca803bd,types of wind turbines,knowledge,cross-sector
68698869-c13c-4563-adc7-118b7644f45d,http://data.europa.eu/esco/skill/68698869-c13c-4563-adc7-118b7644f45d,identify customer's needs,skill/competence,sector-specific
68ad2716-36f4-4445-a437-ebfce0e23430,http://data.europa.eu/esco/skill/68ad2716-36f4-4445-a437-ebfce0e23430,draw up marketing and sales plan,skill/competence,occupation-specific
68b51538-b056-4cb3-bb15-ab8c3e576cc9,http://data.europa.eu/esco/skill/68b51538-b056-4cb3-bb15-ab8c3e576cc9,follow up accounts receivables,skill/competence,cross-sector
68b6ef08-d823-489d-a95c-752ae6f6e6a7,http://data.europa.eu/esco/skill/68b6ef08-d823-489d-a95c-752ae6f6e6a7,read standard blueprints,skill/competence,cross-sector
68babd52-64d1-4904-a476-173828217fd2,http://data.europa.eu/esco/skill/68babd52-64d1-4904-a476-173828217fd2,examine credit ratings,skill/competence,cross-sector
68ef0e4d-5542-4e64-84f4-752cce5a3c22,http://data.europa.eu/esco/skill/68ef0e4d-5542-4e64-84f4-752cce5a3c22,statistical modeling techniques,knowledge,sector-specific
68f6ecc0-51c8-4b08-ad90-a312c0cb07f8,http://data.europa.eu/esco/skill/68f6ecc0-51c8-4b08-ad90-a312c0cb07f8,promote cultural venue events,skill/competence,sector-specific
692ace70-7f97-4214-92bd-88f7637d8a44,http://data.europa.eu/esco/skill/692ace70-7f97-4214-92bd-88f7637d8a44,physics,knowledge,cross-sector
694dc996-52f3-4afa-a802-672e19f061b7,http://data.europa.eu/esco/skill/694dc996-52f3-4afa-a802-672e19f061b7,crowdsourcing strategy,knowledge,sector-specific
694e1e70-3e22-4d72-a3ac-b5f92951423d,http://data.europa.eu/esco/skill/694e1e70-3e22-4d72-a3ac-b5f92951423d,ensure compliance with electricity distribution schedule,skill/competence,cross-sector
695c3249-18e7-4435-bdb8-54a16011159d,http://data.europa.eu/esco/skill/695c3249-18e7-4435-bdb8-54a16011159d,develop documentation in accordance with legal requirements,skill/competence,cross-sector
6962058d-9808-4820-a6bc-d7cabce60cde,http://data.europa.eu/esco/skill/6962058d-9808-4820-a6bc-d7cabce60cde,implement sustainable procurement,skill/competence,sector-specific
696e3b5b-8b61-45af-ae4c-3ab700f197ec,http://data.europa.eu/esco/skill/696e3b5b-8b61-45af-ae4c-3ab700f197ec,information extraction,knowledge,sector-specific
697dcc9f-ae92-4506-b5f2-e770d7589f74,http://data.europa.eu/esco/skill/697dcc9f-ae92-4506-b5f2-e770d7589f74,utilise regular expressions,skill/competence,occupation-specific
699c949a-699a-4858-a02e-a63f66872d6f,http://data.europa.eu/esco/skill/699c949a-699a-4858-a02e-a63f66872d6f,blockchain concept application,knowledge,cross-sector
69a13bed-1b33-455d-bf82-13e603f6c859,http://data.europa.eu/esco/skill/69a13bed-1b33-455d-bf82-13e603f6c859,European political studies,knowledge,sector-specific
69bbd53f-fbb0-4476-b4b2-ef7844464e28,http://data.europa.eu/esco/skill/69bbd53f-fbb0-4476-b4b2-ef7844464e28,web programming,knowledge,sector-specific
69cfc5ed-6569-4aca-a4cc-fd782ba51d9c,http://data.europa.eu/esco/skill/69cfc5ed-6569-4aca-a4cc-fd782ba51d9c,implement ICT risk management,skill/competence,sector-specific
69f0167e-75d9-46cf-847f-72a592880ebb,http://data.europa.eu/esco/skill/69f0167e-75d9-46cf-847f-72a592880ebb,STAF,knowledge,sector-specific
69f23426-9279-4fe6-a283-24c2aa4c855d,http://data.europa.eu/esco/skill/69f23426-9279-4fe6-a283-24c2aa4c855d,ensure equipment availability,skill/competence,cross-sector
69f36674-440a-4fa0-89f9-1b70172ebb9d,http://data.europa.eu/esco/skill/69f36674-440a-4fa0-89f9-1b70172ebb9d,advise on communication strategies,skill/competence,cross-sector
69fe6624-bc7f-412e-ad6d-35c7b0df842e,http://data.europa.eu/esco/skill/69fe6624-bc7f-412e-ad6d-35c7b0df842e,instrument performance elements,knowledge,cross-sector
6a2bc03b-e30d-429b-9549-5784cb92ae2f,http://data.europa.eu/esco/skill/6a2bc03b-e30d-429b-9549-5784cb92ae2f,printed circuit boards,knowledge,cross-sector
6a2c391b-1fcd-4f10-8827-5d1cb4a4d9ad,http://data.europa.eu/esco/skill/6a2c391b-1fcd-4f10-8827-5d1cb4a4d9ad,set brand positioning,skill/competence,occupation-specific
6a322874-e32f-4cd8-9683-badce67a7f73,http://data.europa.eu/esco/skill/6a322874-e32f-4cd8-9683-badce67a7f73,develop automated software tests,skill/competence,sector-specific
6a536b36-c5c7-4d10-bf67-a4fb0f8549b2,http://data.europa.eu/esco/skill/6a536b36-c5c7-4d10-bf67-a4fb0f8549b2,audit techniques,knowledge,cross-sector
6a59e69f-4f2c-4277-bbb3-c7bb792569d5,http://data.europa.eu/esco/skill/6a59e69f-4f2c-4277-bbb3-c7bb792569d5,manage company transport strategy,skill/competence,cross-sector
6a609f8f-1451-4102-ad2d-62c5270e1237,http://data.europa.eu/esco/skill/6a609f8f-1451-4102-ad2d-62c5270e1237,office administration,knowledge,sector-specific
6a7792a9-888a-46ad-afc9-2c0d94c8fde6,http://data.europa.eu/esco/skill/6a7792a9-888a-46ad-afc9-2c0d94c8fde6,create business process models,skill/competence,cross-sector
6a876489-7ad8-4a13-b09c-c9b8e97a302e,http://data.europa.eu/esco/skill/6a876489-7ad8-4a13-b09c-c9b8e97a302e,Waterfall development,knowledge,sector-specific
6a899482-8bcf-40ca-ae67-579a1cc467ab,http://data.europa.eu/esco/skill/6a899482-8bcf-40ca-ae67-579a1cc467ab,manage engineering project,skill/competence,cross-sector
6a8e9cfe-b337-406b-8549-7db7cdc93c96,http://data.europa.eu/esco/skill/6a8e9cfe-b337-406b-8549-7db7cdc93c96,develop tourism products,skill/competence,cross-sector
6abb92c9-0553-4d3d-add8-8240494e182d,http://data.europa.eu/esco/skill/6abb92c9-0553-4d3d-add8-8240494e182d,implement operational business plans,skill/competence,sector-specific
6aef2baa-5fa7-4c16-bd28-3e070ec4e4df,http://data.europa.eu/esco/skill/6aef2baa-5fa7-4c16-bd28-3e070ec4e4df,educate on data confidentiality,skill/competence,cross-sector
6b30644d-bdc5-4bca-b1af-edbf5c6b15ee,http://data.europa.eu/esco/skill/6b30644d-bdc5-4bca-b1af-edbf5c6b15ee,process collected survey data,skill/competence,cross-sector
6b3afb82-c4ea-4f14-be54-a757fb762663,http://data.europa.eu/esco/skill/6b3afb82-c4ea-4f14-be54-a757fb762663,Vagrant,knowledge,sector-specific
6b4f794c-062e-4e05-863a-ae1bad44f395,http://data.europa.eu/esco/skill/6b4f794c-062e-4e05-863a-ae1bad44f395,Monte Carlo simulation,knowledge,cross-sector
6b643893-0a1f-4f6c-83a1-e7eef75849b9,http://data.europa.eu/esco/skill/6b643893-0a1f-4f6c-83a1-e7eef75849b9,develop with cloud services,skill/competence,sector-specific
6b6a9252-2ed7-4862-a02f-1578f4a532ea,http://data.europa.eu/esco/skill/6b6a9252-2ed7-4862-a02f-1578f4a532ea,Eclipse (integrated development environment software),knowledge,sector-specific
6badc79b-4353-4f95-b248-57a9ed07c7ac,http://data.europa.eu/esco/skill/6badc79b-4353-4f95-b248-57a9ed07c7ac,supervise worker safety,skill/competence,cross-sector
6bc02a4a-66af-4b49-9bd3-d07695d52b42,http://data.europa.eu/esco/skill/6bc02a4a-66af-4b49-9bd3-d07695d52b42,abide by business ethical code of conducts,skill/competence,sector-specific
6bf6b5bd-6658-4338-b0ee-dc143e68e6d3,http://data.europa.eu/esco/skill/6bf6b5bd-6658-4338-b0ee-dc143e68e6d3,provide support in financial calculation,skill/competence,cross-sector
6c08403c-a5bb-4868-b8c2-b7d039c0e511,http://data.europa.eu/esco/skill/6c08403c-a5bb-4868-b8c2-b7d039c0e511,design database scheme,skill/competence,sector-specific
6c153605-d62c-4970-81a9-49646ab32032,http://data.europa.eu/esco/skill/6c153605-d62c-4970-81a9-49646ab32032,consumer electronics,knowledge,sector-specific
6c2182f9-9068-42e8-8855-31252d62fbb0,http://data.europa.eu/esco/skill/6c2182f9-9068-42e8-8855-31252d62fbb0,ecotourism,knowledge,sector-specific
6c315001-d329-4930-9294-9cf2c7afb672,http://data.europa.eu/esco/skill/6c315001-d329-4930-9294-9cf2c7afb672,revise quality control systems documentation,skill/competence,cross-sector
6c4b5031-2eaf-449e-af88-8304a66e4eb5,http://data.europa.eu/esco/skill/6c4b5031-2eaf-449e-af88-8304a66e4eb5,fuel distribution systems,knowledge,cross-sector
6c80c47c-3d08-4356-aa82-46f6ec82c898,http://data.europa.eu/esco/skill/6c80c47c-3d08-4356-aa82-46f6ec82c898,advise on manufacturing problems,skill/competence,cross-sector
6c80d53c-d8c9-41fe-998f-091fca208834,http://data.europa.eu/esco/skill/6c80d53c-d8c9-41fe-998f-091fca208834,learning management systems,knowledge,cross-sector
6c870993-9341-438b-91c0-c7fe4f96d8f5,http://data.europa.eu/esco/skill/6c870993-9341-438b-91c0-c7fe4f96d8f5,apply strategic thinking,skill/competence,cross-sector
6c97d04d-7239-4dc7-90ef-3e812ba2b124,http://data.europa.eu/esco/skill/6c97d04d-7239-4dc7-90ef-3e812ba2b124,perform procurement market analysis,skill/competence,sector-specific
6cb9c23b-e3bc-4917-b588-26c4cef9d920,http://data.europa.eu/esco/skill/6cb9c23b-e3bc-4917-b588-26c4cef9d920,maintenance operations,knowledge,cross-sector
6ce5720c-eab2-4d63-98aa-38f0a1c554db,http://data.europa.eu/esco/skill/6ce5720c-eab2-4d63-98aa-38f0a1c554db,conduct training on biomedical equipment,skill/competence,cross-sector
6cfd4a53-f454-43aa-900e-c973cf5827a3,http://data.europa.eu/esco/skill/6cfd4a53-f454-43aa-900e-c973cf5827a3,inspect underground power cables,skill/competence,cross-sector
6d289e8b-2cc1-4eda-ab1f-ad1090ef98f0,http://data.europa.eu/esco/skill/6d289e8b-2cc1-4eda-ab1f-ad1090ef98f0,WordPress,knowledge,sector-specific
6d6ad261-4d81-4d7f-98fb-3587c25deb74,http://data.europa.eu/esco/skill/6d6ad261-4d81-4d7f-98fb-3587c25deb74,promote agricultural policies,skill/competence,sector-specific
6d97bf55-6fb6-4795-8282-3ef915ae0bb8,http://data.europa.eu/esco/skill/6d97bf55-6fb6-4795-8282-3ef915ae0bb8,prospect new customers,skill/competence,sector-specific
6d9f73cd-cccc-4d72-89bd-85b3ac4393b0,http://data.europa.eu/esco/skill/6d9f73cd-cccc-4d72-89bd-85b3ac4393b0,supervise legal case procedures,skill/competence,sector-specific
6dbf93ce-2e5d-4116-a9f5-5468968d59f2,http://data.europa.eu/esco/skill/6dbf93ce-2e5d-4116-a9f5-5468968d59f2,trade foreign currencies,skill/competence,sector-specific
6dc2dfac-3e21-44dd-a71c-9a1c8fe2514c,http://data.europa.eu/esco/skill/6dc2dfac-3e21-44dd-a71c-9a1c8fe2514c,make independent operating decisions,skill/competence,cross-sector
6dd4ce8c-1813-429d-9f06-3382c4833ca3,http://data.europa.eu/esco/skill/6dd4ce8c-1813-429d-9f06-3382c4833ca3,assess procurement needs,skill/competence,sector-specific
6e34b68e-0d61-49f2-bc4d-571c0326d857,http://data.europa.eu/esco/skill/6e34b68e-0d61-49f2-bc4d-571c0326d857,test sensors,skill/competence,cross-sector
6e4f75b4-c60f-4623-a9ba-760c8245753b,http://data.europa.eu/esco/skill/6e4f75b4-c60f-4623-a9ba-760c8245753b,ICT communications protocols,knowledge,sector-specific
6e53fd99-b646-4327-9580-ac062ab21188,http://data.europa.eu/esco/skill/6e53fd99-b646-4327-9580-ac062ab21188,3D lighting,knowledge,sector-specific
6e5b66f0-ff0b-4d18-bce5-ffcd2e7de127,http://data.europa.eu/esco/skill/6e5b66f0-ff0b-4d18-bce5-ffcd2e7de127,analyse legislation,skill/competence,cross-sector
6e66fa0f-4d3b-415e-9693-dc556eb5112a,http://data.europa.eu/esco/skill/6e66fa0f-4d3b-415e-9693-dc556eb5112a,manage corporate training programmes,skill/competence,cross-sector
6ee0f29a-2be7-4dd1-bee3-6ee2a3539376,http://data.europa.eu/esco/skill/6ee0f29a-2be7-4dd1-bee3-6ee2a3539376,tourism market,knowledge,sector-specific
6efef9df-ac86-45ca-8b1b-a8178ef17b5c,http://data.europa.eu/esco/skill/6efef9df-ac86-45ca-8b1b-a8178ef17b5c,solve location and navigation problems by using GPS tools,skill/competence,sector-specific
6eff134b-e34f-4d6e-a6e8-5e47cf2228d0,http://data.europa.eu/esco/skill/6eff134b-e34f-4d6e-a6e8-5e47cf2228d0,risk management,knowledge,cross-sector
6f1edc19-191f-4ba5-a048-ee69aff05bab,http://data.europa.eu/esco/skill/6f1edc19-191f-4ba5-a048-ee69aff05bab,security engineering,knowledge,cross-sector
6f2721bf-40ad-4f5d-8774-a478d1d6f5a6,http://data.europa.eu/esco/skill/6f2721bf-40ad-4f5d-8774-a478d1d6f5a6,work in shifts,skill/competence,cross-sector
6f273e8a-9383-4278-b959-33a0bb406a5e,http://data.europa.eu/esco/skill/6f273e8a-9383-4278-b959-33a0bb406a5e,anti-dumping law,knowledge,sector-specific
6f45a77d-9208-40f2-a116-ac99c77ef580,http://data.europa.eu/esco/skill/6f45a77d-9208-40f2-a116-ac99c77ef580,international commercial transactions rules,knowledge,sector-specific
6f5850ea-5785-4e2c-b062-743066fd5bdb,http://data.europa.eu/esco/skill/6f5850ea-5785-4e2c-b062-743066fd5bdb,environmental legislation,knowledge,cross-sector
6f6163dc-a801-416c-86e9-ce857d71c24d,http://data.europa.eu/esco/skill/6f6163dc-a801-416c-86e9-ce857d71c24d,real estate market,knowledge,cross-sector
6f7512ab-d46d-402a-8c30-a8878d7c1f88,http://data.europa.eu/esco/skill/6f7512ab-d46d-402a-8c30-a8878d7c1f88,SQL Server Integration Services,knowledge,sector-specific
6f8a40d6-f9ce-43ec-a72f-d4213a53f3ed,http://data.europa.eu/esco/skill/6f8a40d6-f9ce-43ec-a72f-d4213a53f3ed,Ansible,knowledge,sector-specific
6f8baa62-bc2b-4cc1-942b-f540c837cfa2,http://data.europa.eu/esco/skill/6f8baa62-bc2b-4cc1-942b-f540c837cfa2,outsourcing strategy,knowledge,sector-specific
6f993130-082b-4732-b62f-52cdf2096ad9,http://data.europa.eu/esco/skill/6f993130-082b-4732-b62f-52cdf2096ad9,use methods of logistical data analysis,skill/competence,cross-sector
6fa1c2c0-a012-4ca0-9642-e01569ba322c,http://data.europa.eu/esco/skill/6fa1c2c0-a012-4ca0-9642-e01569ba322c,ICT system integration,knowledge,sector-specific
6fbb7540-30f7-45dc-980a-fa004463a92b,http://data.europa.eu/esco/skill/6fbb7540-30f7-45dc-980a-fa004463a92b,calculate debt costs,skill/competence,sector-specific
6fce8d3f-a15f-4f26-943a-d200b32f6949,http://data.europa.eu/esco/skill/6fce8d3f-a15f-4f26-943a-d200b32f6949,monitor company policy,skill/competence,cross-sector
6fe019dd-027f-45f3-b19c-d27f7ae00980,http://data.europa.eu/esco/skill/6fe019dd-027f-45f3-b19c-d27f7ae00980,assess students,skill/competence,cross-sector
6fe76a8b-4d5f-4cea-b76b-5908463fb014,http://data.europa.eu/esco/skill/6fe76a8b-4d5f-4cea-b76b-5908463fb014,study website behaviour patterns,skill/competence,cross-sector
70198e4e-86ad-4acc-a9eb-e24e2c107d18,http://data.europa.eu/esco/skill/70198e4e-86ad-4acc-a9eb-e24e2c107d18,machinery products,knowledge,sector-specific
701f0a7d-1be9-4e98-b985-2652b2bf327a,http://data.europa.eu/esco/skill/701f0a7d-1be9-4e98-b985-2652b2bf327a,risk financing techniques,knowledge,sector-specific
7049ac98-0368-4bb2-84d4-5366d1c0f2ac,http://data.europa.eu/esco/skill/7049ac98-0368-4bb2-84d4-5366d1c0f2ac,conduct online competitive analysis,skill/competence,sector-specific
7053c54a-994e-4b87-865d-a520b5c401c7,http://data.europa.eu/esco/skill/7053c54a-994e-4b87-865d-a520b5c401c7,establish relationship with the media,skill/competence,sector-specific
707c54fb-b6b8-45a4-9abd-030a40a582c9,http://data.europa.eu/esco/skill/707c54fb-b6b8-45a4-9abd-030a40a582c9,manage currency exchange risk mitigation techniques,skill/competence,cross-sector
709ef32a-7435-48e2-8fa2-16e389ecab8a,http://data.europa.eu/esco/skill/709ef32a-7435-48e2-8fa2-16e389ecab8a,Cisco,knowledge,sector-specific
70a7b3b3-31ef-4b29-a30f-bb7299dff39b,http://data.europa.eu/esco/skill/70a7b3b3-31ef-4b29-a30f-bb7299dff39b,sensors,knowledge,cross-sector
70aacc9d-30cc-4df1-a37f-a660b1331b25,http://data.europa.eu/esco/skill/70aacc9d-30cc-4df1-a37f-a660b1331b25,ensure compliance with warranty contracts,skill/competence,cross-sector
70de94f5-9575-4edd-bca7-c797b023b9d6,http://data.europa.eu/esco/skill/70de94f5-9575-4edd-bca7-c797b023b9d6,Oracle WebLogic,knowledge,sector-specific
71057622-0cc1-4cce-b36c-b32a7071b017,http://data.europa.eu/esco/skill/71057622-0cc1-4cce-b36c-b32a7071b017,facilitate job market access,skill/competence,sector-specific
7109d172-c370-47fe-ac81-8fe93550a9e3,http://data.europa.eu/esco/skill/7109d172-c370-47fe-ac81-8fe93550a9e3,impact investing,knowledge,sector-specific
7110bf9f-b245-4adc-9159-5081013fd64d,http://data.europa.eu/esco/skill/7110bf9f-b245-4adc-9159-5081013fd64d,communicate in healthcare,skill/competence,cross-sector
7111b95d-0ce3-441a-9d92-4c75d05c4388,http://data.europa.eu/esco/skill/7111b95d-0ce3-441a-9d92-4c75d05c4388,project management,knowledge,sector-specific
71152876-b629-4a99-b9ea-0f25a0d07e4e,http://data.europa.eu/esco/skill/71152876-b629-4a99-b9ea-0f25a0d07e4e,negotiate sales contracts,skill/competence,sector-specific
713f1ba8-c7a8-43e5-a5cc-0b869474efe7,http://data.europa.eu/esco/skill/713f1ba8-c7a8-43e5-a5cc-0b869474efe7,food legislation,knowledge,sector-specific
713fb616-118e-40bc-9366-4a69879a49d5,http://data.europa.eu/esco/skill/713fb616-118e-40bc-9366-4a69879a49d5,implement data quality processes,skill/competence,cross-sector
714eebcb-569a-4f1b-b592-28f70b59a9ba,http://data.europa.eu/esco/skill/714eebcb-569a-4f1b-b592-28f70b59a9ba,develop staff,skill/competence,cross-sector
7159e587-c7cb-4ec0-a662-03e1dee2cccb,http://data.europa.eu/esco/skill/7159e587-c7cb-4ec0-a662-03e1dee2cccb,research design,knowledge,cross-sector
71717c33-dd63-4acf-b052-a5fd5d9fc490,http://data.europa.eu/esco/skill/71717c33-dd63-4acf-b052-a5fd5d9fc490,ensure information privacy,skill/competence,sector-specific
71746a0b-e58d-4dc4-ad03-bd84082eae21,http://data.europa.eu/esco/skill/71746a0b-e58d-4dc4-ad03-bd84082eae21,collect customer feedback on applications,skill/competence,cross-sector
7193cb6d-8334-494f-86e5-21e6d03a47c3,http://data.europa.eu/esco/skill/7193cb6d-8334-494f-86e5-21e6d03a47c3,unified modelling language,knowledge,sector-specific
719d8699-a221-4b5a-8fc3-68a8645cbe03,http://data.europa.eu/esco/skill/719d8699-a221-4b5a-8fc3-68a8645cbe03,adobe creative suite,knowledge,sector-specific
71a495fe-fd76-4a70-8d77-2ef99c5ce30d,http://data.europa.eu/esco/skill/71a495fe-fd76-4a70-8d77-2ef99c5ce30d,product packaging requirements,knowledge,cross-sector
71ae4f64-6505-4b6f-91b9-5acfa5721798,http://data.europa.eu/esco/skill/71ae4f64-6505-4b6f-91b9-5acfa5721798,obtain financial information,skill/competence,cross-sector
71c2f41e-14de-4b23-82ad-5dbcd54ba5b0,http://data.europa.eu/esco/skill/71c2f41e-14de-4b23-82ad-5dbcd54ba5b0,deploy ICT systems,skill/competence,sector-specific
71dde84c-0058-4c52-a556-523369333db8,http://data.europa.eu/esco/skill/71dde84c-0058-4c52-a556-523369333db8,use office systems,skill/competence,cross-sector
7229b6dc-e2ef-44fe-b9a1-06b1c1075d8f,http://data.europa.eu/esco/skill/7229b6dc-e2ef-44fe-b9a1-06b1c1075d8f,automatic control system,knowledge,cross-sector
7234e847-451d-499a-9c7b-0050a4e758d6,http://data.europa.eu/esco/skill/7234e847-451d-499a-9c7b-0050a4e758d6,utilise content types,skill/competence,cross-sector
7236d0d1-127f-4307-a7d4-9730ee8a9167,http://data.europa.eu/esco/skill/7236d0d1-127f-4307-a7d4-9730ee8a9167,determine loan conditions,skill/competence,sector-specific
7253d98c-4a6d-4e37-8b6c-accca9f4b639,http://data.europa.eu/esco/skill/7253d98c-4a6d-4e37-8b6c-accca9f4b639,develop ICT test suite,skill/competence,sector-specific
726abd5a-d23c-44b9-abb0-f22bbe95f1d3,http://data.europa.eu/esco/skill/726abd5a-d23c-44b9-abb0-f22bbe95f1d3,operational research,knowledge,cross-sector
7287dff1-7420-4d24-939a-5f4eb15b752b,http://data.europa.eu/esco/skill/7287dff1-7420-4d24-939a-5f4eb15b752b,consult information sources,skill/competence,cross-sector
728ad40d-4a79-4b4d-b77b-a48d094d73fa,http://data.europa.eu/esco/skill/728ad40d-4a79-4b4d-b77b-a48d094d73fa,evaluate training,skill/competence,cross-sector
72a74f69-5cf1-43c5-99b9-62a444578919,http://data.europa.eu/esco/skill/72a74f69-5cf1-43c5-99b9-62a444578919,engineering processes,knowledge,sector-specific
731101d9-94bc-4805-bff4-9578d1bf03b5,http://data.europa.eu/esco/skill/731101d9-94bc-4805-bff4-9578d1bf03b5,learning difficulties,knowledge,cross-sector
73225018-7139-433b-bdba-2b90774761d9,http://data.europa.eu/esco/skill/73225018-7139-433b-bdba-2b90774761d9,issue purchase orders,skill/competence,sector-specific
732cb4dd-af91-4c88-9a9f-5fc62144e500,http://data.europa.eu/esco/skill/732cb4dd-af91-4c88-9a9f-5fc62144e500,provide information,skill/competence,cross-sector
734187e4-650e-4a0a-a7f8-826cd4757229,http://data.europa.eu/esco/skill/734187e4-650e-4a0a-a7f8-826cd4757229,check payrolls,skill/competence,sector-specific
734b6025-0d14-499d-8e95-fdf512058e77,http://data.europa.eu/esco/skill/734b6025-0d14-499d-8e95-fdf512058e77,image formation,knowledge,cross-sector
7364cc39-b9c0-449f-9416-57723e2fd9c4,http://data.europa.eu/esco/skill/7364cc39-b9c0-449f-9416-57723e2fd9c4,use methodologies for user-centered design,skill/competence,sector-specific
7369f779-4b71-4aab-8836-48b69c676eec,http://data.europa.eu/esco/skill/7369f779-4b71-4aab-8836-48b69c676eec,operate relational database management system,skill/competence,sector-specific
736ef286-fbd3-4e5c-a4b4-d1e2008c9898,http://data.europa.eu/esco/skill/736ef286-fbd3-4e5c-a4b4-d1e2008c9898,plan digital marketing,skill/competence,cross-sector
7378b8c3-3b62-46de-9d67-1c9528954615,http://data.europa.eu/esco/skill/7378b8c3-3b62-46de-9d67-1c9528954615,adapt to type of media,skill/competence,sector-specific
737f8895-46df-4283-8f38-13f3f0fc3b77,http://data.europa.eu/esco/skill/737f8895-46df-4283-8f38-13f3f0fc3b77,digital twin technology,knowledge,sector-specific
739194a6-407a-40e9-b8bf-2e9934b77632,http://data.europa.eu/esco/skill/739194a6-407a-40e9-b8bf-2e9934b77632,assist police investigations,skill/competence,cross-sector
73de691d-d112-444b-a99f-606888fa9414,http://data.europa.eu/esco/skill/73de691d-d112-444b-a99f-606888fa9414,transportation methods,knowledge,sector-specific
73e7e2f4-7e5f-4e6c-86c2-3b5fbd191172,http://data.europa.eu/esco/skill/73e7e2f4-7e5f-4e6c-86c2-3b5fbd191172,maintain privacy of service users,skill/competence,cross-sector
74374d09-7a54-4a05-ae78-d5940423de7c,http://data.europa.eu/esco/skill/74374d09-7a54-4a05-ae78-d5940423de7c,use testing equipment,skill/competence,cross-sector
744442ac-c157-4350-8be0-ce454df4f5c5,http://data.europa.eu/esco/skill/744442ac-c157-4350-8be0-ce454df4f5c5,perform ICT troubleshooting,skill/competence,cross-sector
74688c5d-2af1-4f7a-9d1c-00e808eaa1e6,http://data.europa.eu/esco/skill/74688c5d-2af1-4f7a-9d1c-00e808eaa1e6,budgetary principles,knowledge,sector-specific
746d4d58-7e6b-417c-a0b3-3f0c44564a2e,http://data.europa.eu/esco/skill/746d4d58-7e6b-417c-a0b3-3f0c44564a2e,plan facilities management policies,skill/competence,sector-specific
7482a123-e801-48de-9733-262125671410,http://data.europa.eu/esco/skill/7482a123-e801-48de-9733-262125671410,task algorithmisation,knowledge,cross-sector
749ce4c2-4dfd-461a-a8f3-0f6914814d3e,http://data.europa.eu/esco/skill/749ce4c2-4dfd-461a-a8f3-0f6914814d3e,securities,knowledge,cross-sector
74cb80c4-df6b-4d79-a153-cb7b3b3b6eb0,http://data.europa.eu/esco/skill/74cb80c4-df6b-4d79-a153-cb7b3b3b6eb0,plan social media marketing campaigns,skill/competence,sector-specific
74e49482-75e8-4637-bdb1-fff868d02f7a,http://data.europa.eu/esco/skill/74e49482-75e8-4637-bdb1-fff868d02f7a,scientific literature,knowledge,cross-sector
750caee5-12a0-46ba-b8aa-1e56370deaf9,http://data.europa.eu/esco/skill/750caee5-12a0-46ba-b8aa-1e56370deaf9,analyse consumer buying trends,skill/competence,cross-sector
750f86d2-18be-4015-84b1-d4a26d9b2d88,http://data.europa.eu/esco/skill/750f86d2-18be-4015-84b1-d4a26d9b2d88,online ads campaign techniques,knowledge,cross-sector
751941a0-5645-4f8b-b97e-b252909d5edb,http://data.europa.eu/esco/skill/751941a0-5645-4f8b-b97e-b252909d5edb,develop ICT workflow,skill/competence,sector-specific
751f6baf-de47-4d67-a657-4133066703f4,http://data.europa.eu/esco/skill/751f6baf-de47-4d67-a657-4133066703f4,identify policy breach,skill/competence,sector-specific
7530bc44-f09d-4dd2-8911-92b98333e442,http://data.europa.eu/esco/skill/7530bc44-f09d-4dd2-8911-92b98333e442,assist students with equipment,skill/competence,cross-sector
753c53a3-22c2-434c-b343-32cc89b12449,http://data.europa.eu/esco/skill/753c53a3-22c2-434c-b343-32cc89b12449,attend parliament plenaries,skill/competence,sector-specific
754690ad-6207-4e1c-9df7-9a2b58afa587,http://data.europa.eu/esco/skill/754690ad-6207-4e1c-9df7-9a2b58afa587,define brand identity,skill/competence,cross-sector
7557f0f4-b8bc-4ac0-b91e-222ab1ba744f,http://data.europa.eu/esco/skill/7557f0f4-b8bc-4ac0-b91e-222ab1ba744f,tools for ICT test automation,knowledge,sector-specific
755a5df2-863e-44c1-b4a2-83eb33bac492,http://data.europa.eu/esco/skill/755a5df2-863e-44c1-b4a2-83eb33bac492,design brand's online communication plan,skill/competence,occupation-specific
756ae350-9e1f-4cb9-9c27-6bd99806dadc,http://data.europa.eu/esco/skill/756ae350-9e1f-4cb9-9c27-6bd99806dadc,sales promotion techniques,knowledge,sector-specific
757e2bb2-efe6-4e93-80b3-2ce35fc1ebb2,http://data.europa.eu/esco/skill/757e2bb2-efe6-4e93-80b3-2ce35fc1ebb2,establish educational network,skill/competence,sector-specific
75b30aeb-34c0-40f4-b77d-271d75a98b14,http://data.europa.eu/esco/skill/75b30aeb-34c0-40f4-b77d-271d75a98b14,improve business processes,skill/competence,cross-sector
75dfe1ee-5935-42ce-b820-697f827825c3,http://data.europa.eu/esco/skill/75dfe1ee-5935-42ce-b820-697f827825c3,maintain customer service,skill/competence,cross-sector
75f312e1-622b-4751-8d93-815b32feaf8d,http://data.europa.eu/esco/skill/75f312e1-622b-4751-8d93-815b32feaf8d,pollution prevention,knowledge,cross-sector
75f839c2-fd9a-4ad3-8921-6e734608568d,http://data.europa.eu/esco/skill/75f839c2-fd9a-4ad3-8921-6e734608568d,use query languages,skill/competence,sector-specific
761de590-ca64-423f-a5a7-8639abd8c615,http://data.europa.eu/esco/skill/761de590-ca64-423f-a5a7-8639abd8c615,energy micro-generation technologies,knowledge,sector-specific
761e1acc-d38b-4524-9890-6a119fb7e98c,http://data.europa.eu/esco/skill/761e1acc-d38b-4524-9890-6a119fb7e98c,support local tourism,skill/competence,sector-specific
76415d7f-0fde-4364-b45f-5c044580d2aa,http://data.europa.eu/esco/skill/76415d7f-0fde-4364-b45f-5c044580d2aa,create CAD drawings,skill/competence,cross-sector
764db027-9063-4468-acb3-c73ecfc76f35,http://data.europa.eu/esco/skill/764db027-9063-4468-acb3-c73ecfc76f35,develop manufacturing policies,skill/competence,cross-sector
76eeb2ff-8df6-4b04-afbb-c5813da826c2,http://data.europa.eu/esco/skill/76eeb2ff-8df6-4b04-afbb-c5813da826c2,monitor charity's budget,skill/competence,sector-specific
76ef6ed3-1658-4a1a-9593-204d799c6d0c,http://data.europa.eu/esco/skill/76ef6ed3-1658-4a1a-9593-204d799c6d0c,NoSQL,knowledge,sector-specific
76f22707-8d30-453f-9eb7-3376e2960311,http://data.europa.eu/esco/skill/76f22707-8d30-453f-9eb7-3376e2960311,handle mail,skill/competence,sector-specific
770d4956-b5e0-4d44-bf42-3a766b232c5d,http://data.europa.eu/esco/skill/770d4956-b5e0-4d44-bf42-3a766b232c5d,maintain a central project repository,skill/competence,cross-sector
7726fc5e-a972-4f0a-abbe-6be3043422f9,http://data.europa.eu/esco/skill/7726fc5e-a972-4f0a-abbe-6be3043422f9,represent clients in courts,skill/competence,cross-sector
772a9c72-abef-4333-9788-f4cb48ad8e08,http://data.europa.eu/esco/skill/772a9c72-abef-4333-9788-f4cb48ad8e08,identify software for warehouse management,skill/competence,cross-sector
773e217c-8b21-4d8c-b384-68752a2243a9,http://data.europa.eu/esco/skill/773e217c-8b21-4d8c-b384-68752a2243a9,quantitative risk analysis techniques,knowledge,sector-specific
77505a2a-b6a7-4571-9509-b45448167c0e,http://data.europa.eu/esco/skill/77505a2a-b6a7-4571-9509-b45448167c0e,negotiate service with providers,skill/competence,cross-sector
778ca7ad-6c5d-4868-9b96-a7777dca799c,http://data.europa.eu/esco/skill/778ca7ad-6c5d-4868-9b96-a7777dca799c,ICT help platforms,knowledge,sector-specific
77931759-69af-4637-8b26-c8376f9240e2,http://data.europa.eu/esco/skill/77931759-69af-4637-8b26-c8376f9240e2,international business,knowledge,cross-sector
77980af4-bd9a-44c1-ae3b-9bcb98848ba5,http://data.europa.eu/esco/skill/77980af4-bd9a-44c1-ae3b-9bcb98848ba5,lathe machine parts,knowledge,cross-sector
77e1563f-84fb-48dd-98f2-59a4e33908ca,http://data.europa.eu/esco/skill/77e1563f-84fb-48dd-98f2-59a4e33908ca,cadastral taxation,knowledge,cross-sector
77e7cb08-2c6f-42ab-881b-b34b2318acbe,http://data.europa.eu/esco/skill/77e7cb08-2c6f-42ab-881b-b34b2318acbe,manage administrative systems,skill/competence,sector-specific
77f109c4-3107-4d2a-a512-5160ac103933,http://data.europa.eu/esco/skill/77f109c4-3107-4d2a-a512-5160ac103933,analyse environmental data,skill/competence,sector-specific
7800332c-a8eb-4792-8d72-50d509616154,http://data.europa.eu/esco/skill/7800332c-a8eb-4792-8d72-50d509616154,draft press releases,skill/competence,cross-sector
7814e88f-c133-4c3b-b27f-857afa145d42,http://data.europa.eu/esco/skill/7814e88f-c133-4c3b-b27f-857afa145d42,ICT security legislation,knowledge,sector-specific
781797f4-c2c3-49a4-a80d-eb81eb4f818c,http://data.europa.eu/esco/skill/781797f4-c2c3-49a4-a80d-eb81eb4f818c,liquidity management,knowledge,cross-sector
7832b684-580c-4eaf-a8b3-322164b041ab,http://data.europa.eu/esco/skill/7832b684-580c-4eaf-a8b3-322164b041ab,provide information on solar panels,skill/competence,cross-sector
78482aac-638e-42da-a7a9-5eefe1bffdea,http://data.europa.eu/esco/skill/78482aac-638e-42da-a7a9-5eefe1bffdea,use theoretical marketing models,skill/competence,cross-sector
7849ac25-1166-4b96-955e-a754e72fdd4c,http://data.europa.eu/esco/skill/7849ac25-1166-4b96-955e-a754e72fdd4c,calculate sales commission,skill/competence,occupation-specific
786a74d6-7ecd-44d5-ae4f-87ff02fe3dbf,http://data.europa.eu/esco/skill/786a74d6-7ecd-44d5-ae4f-87ff02fe3dbf,assess character,skill/competence,cross-sector
7893605c-18cc-4c68-8c22-4f969df1a673,http://data.europa.eu/esco/skill/7893605c-18cc-4c68-8c22-4f969df1a673,liaise with advertising agencies,skill/competence,cross-sector
78a74fd1-efc6-49dc-adb1-1b0fbe35c22c,http://data.europa.eu/esco/skill/78a74fd1-efc6-49dc-adb1-1b0fbe35c22c,provide software testing documentation,skill/competence,sector-specific
78d90f00-5226-44fc-95c2-0d8dac6b081b,http://data.europa.eu/esco/skill/78d90f00-5226-44fc-95c2-0d8dac6b081b,technology education,knowledge,sector-specific
7903f946-aeff-4024-b146-8e48018d4eb9,http://data.europa.eu/esco/skill/7903f946-aeff-4024-b146-8e48018d4eb9,provide assistance with job search,skill/competence,occupation-specific
790a335b-2005-4b8a-b6fe-47ff7701ebb7,http://data.europa.eu/esco/skill/790a335b-2005-4b8a-b6fe-47ff7701ebb7,topography,knowledge,sector-specific
7961413f-61d0-4722-9cd9-20a050a29899,http://data.europa.eu/esco/skill/7961413f-61d0-4722-9cd9-20a050a29899,perform software unit testing,skill/competence,sector-specific
797a4416-0b8d-44f3-8fcd-eb10bd0be6b4,http://data.europa.eu/esco/skill/797a4416-0b8d-44f3-8fcd-eb10bd0be6b4,develop software prototype,skill/competence,sector-specific
79a5bc25-5b59-47bc-a4c2-fb8e8cb1ddf6,http://data.europa.eu/esco/skill/79a5bc25-5b59-47bc-a4c2-fb8e8cb1ddf6,smart grids systems,knowledge,sector-specific
79aa4ec0-399d-432e-aae8-7a390ce89bcc,http://data.europa.eu/esco/skill/79aa4ec0-399d-432e-aae8-7a390ce89bcc,perform maintenance on installed equipment,skill/competence,cross-sector
79c36c91-28a5-44b7-ab9b-7093b2d4b21e,http://data.europa.eu/esco/skill/79c36c91-28a5-44b7-ab9b-7093b2d4b21e,advise on financial matters,skill/competence,cross-sector
79e29b8b-47d1-470d-b7b1-32506bfe7d9a,http://data.europa.eu/esco/skill/79e29b8b-47d1-470d-b7b1-32506bfe7d9a,collect ICT data,skill/competence,cross-sector
79f24a62-7718-46e1-9b41-37be0560a5ca,http://data.europa.eu/esco/skill/79f24a62-7718-46e1-9b41-37be0560a5ca,organisational resilience,knowledge,sector-specific
7a17d7ce-01a2-4746-bbcc-22ffe22fa16e,http://data.europa.eu/esco/skill/7a17d7ce-01a2-4746-bbcc-22ffe22fa16e,monitor technology trends,skill/competence,cross-sector
7a1dcd86-8c78-40a8-b446-269438f24d72,http://data.europa.eu/esco/skill/7a1dcd86-8c78-40a8-b446-269438f24d72,subsidiary operations,knowledge,cross-sector
7a66b8a3-502f-408e-ac69-46e72dec6ede,http://data.europa.eu/esco/skill/7a66b8a3-502f-408e-ac69-46e72dec6ede,deal with pressure from unexpected circumstances,skill/competence,sector-specific
7a757fa5-9a6f-43ab-9e66-f8f4dba1ffcb,http://data.europa.eu/esco/skill/7a757fa5-9a6f-43ab-9e66-f8f4dba1ffcb,use CAM software,skill/competence,cross-sector
7a8fb784-67fa-41e9-a75c-6b491d91f800,http://data.europa.eu/esco/skill/7a8fb784-67fa-41e9-a75c-6b491d91f800,develop strategy to solve problems,skill/competence,cross-sector
7a986287-84f2-4e5d-9ab4-fd7ec424ecf3,http://data.europa.eu/esco/skill/7a986287-84f2-4e5d-9ab4-fd7ec424ecf3,define measurable marketing objectives,skill/competence,cross-sector
7aa52bdc-9c56-4341-be65-e8e30f64403f,http://data.europa.eu/esco/skill/7aa52bdc-9c56-4341-be65-e8e30f64403f,monitor automated machines,skill/competence,cross-sector
7ab41e7d-6f5c-49f7-858d-e6cb3070e9eb,http://data.europa.eu/esco/skill/7ab41e7d-6f5c-49f7-858d-e6cb3070e9eb,set inclusion policies,skill/competence,sector-specific
7adb8473-bcc6-4ff8-9850-76d945d40092,http://data.europa.eu/esco/skill/7adb8473-bcc6-4ff8-9850-76d945d40092,analyse ICT system,skill/competence,sector-specific
7add3681-17b6-4027-8a9d-ee92d2b96a42,http://data.europa.eu/esco/skill/7add3681-17b6-4027-8a9d-ee92d2b96a42,manage workflow processes,skill/competence,cross-sector
7ae62140-fe02-4ee3-a0c5-fb5668a2870d,http://data.europa.eu/esco/skill/7ae62140-fe02-4ee3-a0c5-fb5668a2870d,consumer protection,knowledge,cross-sector
7af6e9e8-1e11-4c0b-b7c6-ac96bbbbc674,http://data.europa.eu/esco/skill/7af6e9e8-1e11-4c0b-b7c6-ac96bbbbc674,coordinate engineering teams,skill/competence,cross-sector
7b0d5000-00da-4864-b776-6de49a87a669,http://data.europa.eu/esco/skill/7b0d5000-00da-4864-b776-6de49a87a669,computer vision,knowledge,cross-sector
7b3abd38-61ae-42a4-88bb-0884784f9ee1,http://data.europa.eu/esco/skill/7b3abd38-61ae-42a4-88bb-0884784f9ee1,advise client on technical possibilities,skill/competence,cross-sector
7b5cce4d-c7fe-4119-b48f-70aa05391787,http://data.europa.eu/esco/skill/7b5cce4d-c7fe-4119-b48f-70aa05391787,computer science,knowledge,cross-sector
7bb5d9af-0a7e-48a7-a860-0e1ded0f6e75,http://data.europa.eu/esco/skill/7bb5d9af-0a7e-48a7-a860-0e1ded0f6e75,design customer experiences,skill/competence,cross-sector
7bdcdadb-146c-475f-8cff-921c6fd5f858,http://data.europa.eu/esco/skill/7bdcdadb-146c-475f-8cff-921c6fd5f858,test for behavioural patterns,skill/competence,cross-sector
7bf4539a-3f2e-4485-876b-1c9306b181af,http://data.europa.eu/esco/skill/7bf4539a-3f2e-4485-876b-1c9306b181af,John The Ripper (penetration testing tool),knowledge,sector-specific
7c32a84c-2733-4bc7-8909-3b3413c9cc88,http://data.europa.eu/esco/skill/7c32a84c-2733-4bc7-8909-3b3413c9cc88,make logistical arrangements,skill/competence,cross-sector
7c3865d1-e5a9-4043-a7a4-2e9e30468c0b,http://data.europa.eu/esco/skill/7c3865d1-e5a9-4043-a7a4-2e9e30468c0b,perform office routine activities,skill/competence,cross-sector
7c5b66c6-36a1-4e03-bb57-64e8688b8f58,http://data.europa.eu/esco/skill/7c5b66c6-36a1-4e03-bb57-64e8688b8f58,operate private branch exchange,skill/competence,sector-specific
7c72e251-4437-4e02-bfc1-8ea6137ac498,http://data.europa.eu/esco/skill/7c72e251-4437-4e02-bfc1-8ea6137ac498,forecast occupancy demand,skill/competence,cross-sector
7c86c1b1-4a06-4804-afbc-7e857145b6a5,http://data.europa.eu/esco/skill/7c86c1b1-4a06-4804-afbc-7e857145b6a5,collect tax,skill/competence,cross-sector
7c89d065-c50d-4129-b963-b73e62e58ba4,http://data.europa.eu/esco/skill/7c89d065-c50d-4129-b963-b73e62e58ba4,identify education needs,skill/competence,cross-sector
7c939ef4-adb2-4c0c-aa27-9cc1aefd7c81,http://data.europa.eu/esco/skill/7c939ef4-adb2-4c0c-aa27-9cc1aefd7c81,blockchain-based services regulation,knowledge,cross-sector
7cacd304-996d-47d1-88ef-4ddb9ce102bd,http://data.europa.eu/esco/skill/7cacd304-996d-47d1-88ef-4ddb9ce102bd,microeconomics,knowledge,occupation-specific
7cf2762d-32e1-4b21-8ef8-574e40310c18,http://data.europa.eu/esco/skill/7cf2762d-32e1-4b21-8ef8-574e40310c18,morality,knowledge,cross-sector
7d0f5a31-96c4-4848-bbd3-0a29206925dd,http://data.europa.eu/esco/skill/7d0f5a31-96c4-4848-bbd3-0a29206925dd,organise auditions,skill/competence,cross-sector
7d10fcb2-b368-48ab-996b-7c9fafcf68ed,http://data.europa.eu/esco/skill/7d10fcb2-b368-48ab-996b-7c9fafcf68ed,use automatic programming,skill/competence,sector-specific
7d23c508-c007-4221-bb84-0c9a479b8ea6,http://data.europa.eu/esco/skill/7d23c508-c007-4221-bb84-0c9a479b8ea6,show intercultural awareness,skill/competence,cross-sector
7d35602d-bc94-4975-aa7c-f4e8e05ce8e0,http://data.europa.eu/esco/skill/7d35602d-bc94-4975-aa7c-f4e8e05ce8e0,cost management,knowledge,sector-specific
7d4e4636-f136-46f6-ae23-2a7639d6b861,http://data.europa.eu/esco/skill/7d4e4636-f136-46f6-ae23-2a7639d6b861,geodesy,knowledge,cross-sector
7d5ff73e-7bea-436d-974f-3a51ce24a138,http://data.europa.eu/esco/skill/7d5ff73e-7bea-436d-974f-3a51ce24a138,develop virtual game engine,skill/competence,sector-specific
7d913551-e17a-40ba-baf7-48d0c3b12e50,http://data.europa.eu/esco/skill/7d913551-e17a-40ba-baf7-48d0c3b12e50,predictive maintenance,knowledge,occupation-specific
7da0b396-34d7-4714-ada4-78d222e515a0,http://data.europa.eu/esco/skill/7da0b396-34d7-4714-ada4-78d222e515a0,immigration law,knowledge,cross-sector
7ddbfce9-902d-4d1c-b751-30274f4b49ce,http://data.europa.eu/esco/skill/7ddbfce9-902d-4d1c-b751-30274f4b49ce,document evidence,skill/competence,cross-sector
7e1f9657-ab4e-407c-842f-b846197060e3,http://data.europa.eu/esco/skill/7e1f9657-ab4e-407c-842f-b846197060e3,execute ICT audits,skill/competence,sector-specific
7e251454-2496-4f09-99fe-3da59bc4c10a,http://data.europa.eu/esco/skill/7e251454-2496-4f09-99fe-3da59bc4c10a,manage account department,skill/competence,cross-sector
7e305865-5b6d-4225-a4f7-ee5c10aaa134,http://data.europa.eu/esco/skill/7e305865-5b6d-4225-a4f7-ee5c10aaa134,perform dunning activities,skill/competence,cross-sector
7e5147d1-60b1-4a68-804b-1f5cb0396b91,http://data.europa.eu/esco/skill/7e5147d1-60b1-4a68-804b-1f5cb0396b91,problem-solving with digital tools,,
7e5a7bec-0e19-4a35-b27b-1c4a6d9c4de0,http://data.europa.eu/esco/skill/7e5a7bec-0e19-4a35-b27b-1c4a6d9c4de0,mathematical physics,knowledge,sector-specific
7e6509bd-9642-4af5-bad3-5b2cec29b6f9,http://data.europa.eu/esco/skill/7e6509bd-9642-4af5-bad3-5b2cec29b6f9,control reorder points,skill/competence,occupation-specific
7e796b51-49d7-4e73-95af-2e7323763f15,http://data.europa.eu/esco/skill/7e796b51-49d7-4e73-95af-2e7323763f15,design database in the cloud,skill/competence,sector-specific
7e7bbf72-2bfb-49c2-a341-04c02932f916,http://data.europa.eu/esco/skill/7e7bbf72-2bfb-49c2-a341-04c02932f916,define risk policies,skill/competence,occupation-specific
7eb4c570-9dc7-4f4d-83d2-f4c4c87b6e49,http://data.europa.eu/esco/skill/7eb4c570-9dc7-4f4d-83d2-f4c4c87b6e49,handle mergers and acquisitions,skill/competence,sector-specific
7ec3c77b-1955-4397-9bd3-7b7b9d0b8531,http://data.europa.eu/esco/skill/7ec3c77b-1955-4397-9bd3-7b7b9d0b8531,manage personnel agenda,skill/competence,cross-sector
7edc05fe-378b-4c9e-bbb2-e5a29c5a845f,http://data.europa.eu/esco/skill/7edc05fe-378b-4c9e-bbb2-e5a29c5a845f,perform public relations,skill/competence,cross-sector
7ee4c2ea-b349-4bd2-81a3-ec31475d4833,http://data.europa.eu/esco/skill/7ee4c2ea-b349-4bd2-81a3-ec31475d4833,statistics,knowledge,cross-sector
7ee872de-db39-4ae3-8e19-75d1a2cdf697,http://data.europa.eu/esco/skill/7ee872de-db39-4ae3-8e19-75d1a2cdf697,develop learning curriculum,skill/competence,cross-sector
7ee9fb56-91b1-4363-b51f-ea54ae1b5761,http://data.europa.eu/esco/skill/7ee9fb56-91b1-4363-b51f-ea54ae1b5761,negotiate price,skill/competence,cross-sector
7f0b1a66-ebaf-4c8a-b606-4c1844eb692e,http://data.europa.eu/esco/skill/7f0b1a66-ebaf-4c8a-b606-4c1844eb692e,attend to ICT systems quality,skill/competence,sector-specific
7f0f5ec6-6874-4428-97b4-a7e373410806,http://data.europa.eu/esco/skill/7f0f5ec6-6874-4428-97b4-a7e373410806,receive actors' resumes,skill/competence,cross-sector
7f1a7abb-9208-48b7-8b84-2c1f283a50a0,http://data.europa.eu/esco/skill/7f1a7abb-9208-48b7-8b84-2c1f283a50a0,call routing,knowledge,cross-sector
7f27f1ff-2e17-4b69-990e-c23334478313,http://data.europa.eu/esco/skill/7f27f1ff-2e17-4b69-990e-c23334478313,assessment of risks and threats,knowledge,cross-sector
7f2afce6-e98b-4bbe-8441-d52b45e28ab8,http://data.europa.eu/esco/skill/7f2afce6-e98b-4bbe-8441-d52b45e28ab8,telecom regulations,knowledge,sector-specific
7f42541b-d3ce-44e0-acd3-443947a13bed,http://data.europa.eu/esco/skill/7f42541b-d3ce-44e0-acd3-443947a13bed,keep up to date on local events,skill/competence,sector-specific
7f4d1dee-bc5a-495a-926b-17b383b8d8fd,http://data.europa.eu/esco/skill/7f4d1dee-bc5a-495a-926b-17b383b8d8fd,green building standards,knowledge,sector-specific
7f70572d-f0c1-4039-9954-b57dc69981f6,http://data.europa.eu/esco/skill/7f70572d-f0c1-4039-9954-b57dc69981f6,keep updated on innovations in various business fields,skill/competence,cross-sector
7f7756fc-d89d-41d5-93ef-85991603f4ad,http://data.europa.eu/esco/skill/7f7756fc-d89d-41d5-93ef-85991603f4ad,manage financial risk,skill/competence,cross-sector
7f783956-f734-4d56-85de-10f0c1706f8a,http://data.europa.eu/esco/skill/7f783956-f734-4d56-85de-10f0c1706f8a,record customers' personal data,skill/competence,sector-specific
7fb699d9-182a-430e-b7a0-6d8ed05c284b,http://data.europa.eu/esco/skill/7fb699d9-182a-430e-b7a0-6d8ed05c284b,graphic design,knowledge,cross-sector
7fc4c18a-68f3-425a-aadf-f83633be47a1,http://data.europa.eu/esco/skill/7fc4c18a-68f3-425a-aadf-f83633be47a1,learning technologies,knowledge,sector-specific
7feca0cc-f0b3-470d-ba03-48c0f7cff286,http://data.europa.eu/esco/skill/7feca0cc-f0b3-470d-ba03-48c0f7cff286,educate on sustainable tourism,skill/competence,sector-specific
7ff2c668-0e86-418a-a962-4958262ee337,http://data.europa.eu/esco/skill/7ff2c668-0e86-418a-a962-4958262ee337,use communication techniques,skill/competence,cross-sector
7ff9cce1-6518-48db-8f59-2beb81508fb2,http://data.europa.eu/esco/skill/7ff9cce1-6518-48db-8f59-2beb81508fb2,provide information on wind turbines,skill/competence,sector-specific
8029637c-00eb-4764-ae88-387611176c4b,http://data.europa.eu/esco/skill/8029637c-00eb-4764-ae88-387611176c4b,analyse logistic needs,skill/competence,sector-specific
80458486-d231-48c8-b4ae-665c454772a5,http://data.europa.eu/esco/skill/80458486-d231-48c8-b4ae-665c454772a5,manage creative department,skill/competence,cross-sector
8071881c-d652-46e7-9cf4-e06a7f1e57c7,http://data.europa.eu/esco/skill/8071881c-d652-46e7-9cf4-e06a7f1e57c7,manage major incidents,skill/competence,cross-sector
8088750d-8388-4170-a76f-48354c469c44,http://data.europa.eu/esco/skill/8088750d-8388-4170-a76f-48354c469c44,cyber security,knowledge,sector-specific
80ae18bf-f3a4-4f83-b372-7c5c9d686865,http://data.europa.eu/esco/skill/80ae18bf-f3a4-4f83-b372-7c5c9d686865,manage commercial risks,skill/competence,cross-sector
811acf0c-4dd7-4dda-a4fa-7ca498a95204,http://data.europa.eu/esco/skill/811acf0c-4dd7-4dda-a4fa-7ca498a95204,negotiate employment agreements,skill/competence,sector-specific
811bdb9d-5bf7-4b5a-a3f5-4fc2002f6d57,http://data.europa.eu/esco/skill/811bdb9d-5bf7-4b5a-a3f5-4fc2002f6d57,financial capability,knowledge,cross-sector
812590e4-7108-4016-baba-957dcf8213ae,http://data.europa.eu/esco/skill/812590e4-7108-4016-baba-957dcf8213ae,keep updated on the political landscape,skill/competence,cross-sector
81513fdf-5ea9-4375-9bc4-67ad959ac5de,http://data.europa.eu/esco/skill/81513fdf-5ea9-4375-9bc4-67ad959ac5de,contact customers,skill/competence,sector-specific
81633a44-f1db-4a01-a940-804c6905e330,http://data.europa.eu/esco/skill/81633a44-f1db-4a01-a940-804c6905e330,use word processing software,skill/competence,cross-sector
816cb632-848e-43ee-9be0-d13b685498f8,http://data.europa.eu/esco/skill/816cb632-848e-43ee-9be0-d13b685498f8,joint ventures,knowledge,cross-sector
8181aa4c-42bc-4036-a3d2-5cb6bbb34239,http://data.europa.eu/esco/skill/8181aa4c-42bc-4036-a3d2-5cb6bbb34239,handle cybersecurity incidents,skill/competence,sector-specific
81a2db2c-7e55-44d0-9cd9-74c25147d7cd,http://data.europa.eu/esco/skill/81a2db2c-7e55-44d0-9cd9-74c25147d7cd,analyse test data,skill/competence,cross-sector
81a51be0-b205-4853-b8a7-3e11aaf2ad64,http://data.europa.eu/esco/skill/81a51be0-b205-4853-b8a7-3e11aaf2ad64,assess areas for power line installation,skill/competence,cross-sector
81a66a2f-6286-466f-be26-307c85136d6a,http://data.europa.eu/esco/skill/81a66a2f-6286-466f-be26-307c85136d6a,manage vehicle services' financial resources,skill/competence,occupation-specific
81ad8286-cc55-4a08-92a6-38474c35c893,http://data.europa.eu/esco/skill/81ad8286-cc55-4a08-92a6-38474c35c893,instructional strategies,knowledge,sector-specific
81af8698-9873-4b3d-b6d2-8eb275bf170b,http://data.europa.eu/esco/skill/81af8698-9873-4b3d-b6d2-8eb275bf170b,environmental threats,knowledge,sector-specific
81b082fb-9a00-4660-976a-10c985979100,http://data.europa.eu/esco/skill/81b082fb-9a00-4660-976a-10c985979100,IBM InfoSphere Information Server,knowledge,sector-specific
81c50c62-f78e-4aa1-a252-5a714318c7aa,http://data.europa.eu/esco/skill/81c50c62-f78e-4aa1-a252-5a714318c7aa,manipulate medical devices materials,skill/competence,cross-sector
81db5616-3c98-4317-a728-5dae08d44bd4,http://data.europa.eu/esco/skill/81db5616-3c98-4317-a728-5dae08d44bd4,comprehend financial business terminology,skill/competence,cross-sector
81dc035c-921b-4fea-a453-94538e86097c,http://data.europa.eu/esco/skill/81dc035c-921b-4fea-a453-94538e86097c,disseminate messages to people,skill/competence,cross-sector
81e812e6-cf9e-4166-9b3c-b0b8492fe354,http://data.europa.eu/esco/skill/81e812e6-cf9e-4166-9b3c-b0b8492fe354,manage development of promotional material,skill/competence,cross-sector
8215234e-d2eb-45cf-8a1a-c57c2ebef1b7,http://data.europa.eu/esco/skill/8215234e-d2eb-45cf-8a1a-c57c2ebef1b7,analyse education system,skill/competence,cross-sector
82313e12-9d39-47d1-b7c9-78bbd6bb50e2,http://data.europa.eu/esco/skill/82313e12-9d39-47d1-b7c9-78bbd6bb50e2,CAE software,knowledge,cross-sector
82887396-e5bf-4306-af51-3fe8d82790b2,http://data.europa.eu/esco/skill/82887396-e5bf-4306-af51-3fe8d82790b2,civil engineering,knowledge,cross-sector
82ae17ef-a422-4803-923e-d62da42476a9,http://data.europa.eu/esco/skill/82ae17ef-a422-4803-923e-d62da42476a9,revise legal documents,skill/competence,cross-sector
82b14cde-76e7-4d4b-b564-c45c014f3ce4,http://data.europa.eu/esco/skill/82b14cde-76e7-4d4b-b564-c45c014f3ce4,waste removal regulations,knowledge,sector-specific
82de2df7-0d6c-42b1-94ac-b3e9a029e917,http://data.europa.eu/esco/skill/82de2df7-0d6c-42b1-94ac-b3e9a029e917,use back-up and recovery tools,skill/competence,cross-sector
82fea746-853f-4f1b-8ab7-55de8619cccd,http://data.europa.eu/esco/skill/82fea746-853f-4f1b-8ab7-55de8619cccd,lean manufacturing,knowledge,cross-sector
8300443c-c793-4102-bff5-aa917a0cb39f,http://data.europa.eu/esco/skill/8300443c-c793-4102-bff5-aa917a0cb39f,define roadmap for blockchain in applications,skill/competence,cross-sector
8316979b-df5a-4dc7-98ef-61ec6a10df84,http://data.europa.eu/esco/skill/8316979b-df5a-4dc7-98ef-61ec6a10df84,conduct quantitative research,skill/competence,cross-sector
8318ca1f-117e-4a21-a07a-5d7515a21035,http://data.europa.eu/esco/skill/8318ca1f-117e-4a21-a07a-5d7515a21035,provide training in sustainable tourism development and management,skill/competence,sector-specific
83218cac-3599-417e-93d2-26013cdccd98,http://data.europa.eu/esco/skill/83218cac-3599-417e-93d2-26013cdccd98,service-oriented modelling,knowledge,sector-specific
8327754d-3990-4056-b07e-4faa49cfcd26,http://data.europa.eu/esco/skill/8327754d-3990-4056-b07e-4faa49cfcd26,innovate in ICT,skill/competence,sector-specific
833289fa-3646-4010-9d9e-93ba8c9ef2d8,http://data.europa.eu/esco/skill/833289fa-3646-4010-9d9e-93ba8c9ef2d8,apply research ethics and scientific integrity principles in research activities,skill/competence,cross-sector
8359bd04-d2cb-4757-af1f-39a921df9efe,http://data.europa.eu/esco/skill/8359bd04-d2cb-4757-af1f-39a921df9efe,remove computer virus or malware from a computer,skill/competence,cross-sector
8360f128-ef04-41f6-8fd0-203f41dc05dc,http://data.europa.eu/esco/skill/8360f128-ef04-41f6-8fd0-203f41dc05dc,receive appropriate permissions for use of recorded audiovisual examples,skill/competence,sector-specific
8369c2d6-c100-4cf6-bd83-9668d8678433,http://data.europa.eu/esco/skill/8369c2d6-c100-4cf6-bd83-9668d8678433,utilise machine learning,skill/competence,sector-specific
8369ede5-4200-4a44-be2e-bc60ef959259,http://data.europa.eu/esco/skill/8369ede5-4200-4a44-be2e-bc60ef959259,Microsoft Visual C++,knowledge,sector-specific
83723a7f-e905-4d6c-82ba-f40ab873883d,http://data.europa.eu/esco/skill/83723a7f-e905-4d6c-82ba-f40ab873883d,demonstrate intercultural competences in hospitality services,skill/competence,sector-specific
83934f53-5ffa-478f-9f8f-b779e9b4fc7a,http://data.europa.eu/esco/skill/83934f53-5ffa-478f-9f8f-b779e9b4fc7a,self-service technologies in tourism,knowledge,sector-specific
83b33952-3872-46ec-9a2e-b28f91303a7e,http://data.europa.eu/esco/skill/83b33952-3872-46ec-9a2e-b28f91303a7e,oversee development of software,skill/competence,sector-specific
83e97138-899a-4af8-9187-47823e875841,http://data.europa.eu/esco/skill/83e97138-899a-4af8-9187-47823e875841,follow the statutory obligations,skill/competence,cross-sector
83fc0b2b-6cd2-46af-b1ff-d3fc83604c26,http://data.europa.eu/esco/skill/83fc0b2b-6cd2-46af-b1ff-d3fc83604c26,energy efficiency,knowledge,sector-specific
84251cb1-babf-4d17-a3cd-baa642c24c8d,http://data.europa.eu/esco/skill/84251cb1-babf-4d17-a3cd-baa642c24c8d,IBM Informix,knowledge,sector-specific
84605f91-5ab4-4965-a1ad-cdc1901a820d,http://data.europa.eu/esco/skill/84605f91-5ab4-4965-a1ad-cdc1901a820d,marketing department processes,knowledge,sector-specific
846f6e5c-1a74-491d-b756-753c01d785dd,http://data.europa.eu/esco/skill/846f6e5c-1a74-491d-b756-753c01d785dd,execute after sales activities,skill/competence,sector-specific
84f583f4-f32a-4202-9b92-e25f0c978410,http://data.europa.eu/esco/skill/84f583f4-f32a-4202-9b92-e25f0c978410,core banking software,knowledge,sector-specific
84f58e3d-8669-4d83-8c1d-5dd1e73a654f,http://data.europa.eu/esco/skill/84f58e3d-8669-4d83-8c1d-5dd1e73a654f,create database diagrams,skill/competence,sector-specific
85038d57-1fdd-40de-b908-2c005545a8c3,http://data.europa.eu/esco/skill/85038d57-1fdd-40de-b908-2c005545a8c3,SketchBook Pro,knowledge,sector-specific
852d758c-f222-4edc-99ad-31c9e3bd8079,http://data.europa.eu/esco/skill/852d758c-f222-4edc-99ad-31c9e3bd8079,provide operational efficiency training to employees,skill/competence,cross-sector
855dceb9-78cf-448b-8113-33f59f281117,http://data.europa.eu/esco/skill/855dceb9-78cf-448b-8113-33f59f281117,ensure price competitiveness,skill/competence,cross-sector
855f15f1-3add-44b9-a724-7d0be617fdb2,http://data.europa.eu/esco/skill/855f15f1-3add-44b9-a724-7d0be617fdb2,advise on career,skill/competence,sector-specific
85616cc4-98bf-4355-9cf1-72ff11752848,http://data.europa.eu/esco/skill/85616cc4-98bf-4355-9cf1-72ff11752848,develop ICT device driver,skill/competence,occupation-specific
857e8624-4db0-4725-a758-5914bd8cc350,http://data.europa.eu/esco/skill/857e8624-4db0-4725-a758-5914bd8cc350,thermodynamics,knowledge,cross-sector
85aa1871-db96-42f7-801f-c39f924de2d7,http://data.europa.eu/esco/skill/85aa1871-db96-42f7-801f-c39f924de2d7,plan shifts of employees,skill/competence,cross-sector
85c11255-469f-41bd-a6d1-382bc4a87783,http://data.europa.eu/esco/skill/85c11255-469f-41bd-a6d1-382bc4a87783,interpret technical texts,skill/competence,sector-specific
85e6b82a-8244-45f6-8300-a6b2d62ee748,http://data.europa.eu/esco/skill/85e6b82a-8244-45f6-8300-a6b2d62ee748,communicate test results to other departments,skill/competence,cross-sector
85f46538-ae70-498a-bfbc-b8ddafe96c7d,http://data.europa.eu/esco/skill/85f46538-ae70-498a-bfbc-b8ddafe96c7d,levels of software testing,knowledge,sector-specific
86065a19-7537-4bd5-b41c-7e0638d67b58,http://data.europa.eu/esco/skill/86065a19-7537-4bd5-b41c-7e0638d67b58,follow standards for machinery safety,skill/competence,sector-specific
860e85ee-5992-445a-b3d3-9bab524f7600,http://data.europa.eu/esco/skill/860e85ee-5992-445a-b3d3-9bab524f7600,manage resources for educational purposes,skill/competence,sector-specific
861313ba-3a1a-4d33-842a-1b8e45e2415b,http://data.europa.eu/esco/skill/861313ba-3a1a-4d33-842a-1b8e45e2415b,manage ICT legacy implication,skill/competence,sector-specific
8614b988-b907-473e-a701-47b525959dc8,http://data.europa.eu/esco/skill/8614b988-b907-473e-a701-47b525959dc8,advise on heating systems energy efficiency,skill/competence,cross-sector
861cc783-6d4c-442e-9081-3a6e389be454,http://data.europa.eu/esco/skill/861cc783-6d4c-442e-9081-3a6e389be454,install electronic communication equipment,skill/competence,sector-specific
867137fb-ff1b-4ca3-99f3-cb6969aa2c68,http://data.europa.eu/esco/skill/867137fb-ff1b-4ca3-99f3-cb6969aa2c68,TypeScript,knowledge,sector-specific
86945516-619a-456e-b0d0-2fb31d927992,http://data.europa.eu/esco/skill/86945516-619a-456e-b0d0-2fb31d927992,perform surveying calculations,skill/competence,cross-sector
8696aff0-18c0-4ba6-a4d0-9a21861b3e5e,http://data.europa.eu/esco/skill/8696aff0-18c0-4ba6-a4d0-9a21861b3e5e,World Wide Web Consortium standards,knowledge,cross-sector
86d2e2ea-1ba2-4aa6-b465-8a1f9abc81b8,http://data.europa.eu/esco/skill/86d2e2ea-1ba2-4aa6-b465-8a1f9abc81b8,apply information security policies,skill/competence,sector-specific
86f0bb12-6491-4be7-8306-c88900e91a63,http://data.europa.eu/esco/skill/86f0bb12-6491-4be7-8306-c88900e91a63,green bonds,knowledge,sector-specific
86f7126d-97fd-4da5-be96-d1cf6ecd54e6,http://data.europa.eu/esco/skill/86f7126d-97fd-4da5-be96-d1cf6ecd54e6,Microsoft Visio,knowledge,sector-specific
872a1632-f1db-4feb-bb27-0a6a359b7591,http://data.europa.eu/esco/skill/872a1632-f1db-4feb-bb27-0a6a359b7591,promote open innovation in research,skill/competence,cross-sector
873f205a-05f8-45f8-b544-fe963a3edc1e,http://data.europa.eu/esco/skill/873f205a-05f8-45f8-b544-fe963a3edc1e,address identified risks,skill/competence,sector-specific
8744f28f-59a9-45af-8ef6-6944cb5a1473,http://data.europa.eu/esco/skill/8744f28f-59a9-45af-8ef6-6944cb5a1473,risk identification,knowledge,cross-sector
874ad0e1-cb4a-46e4-8bb7-38c4025fc0a9,http://data.europa.eu/esco/skill/874ad0e1-cb4a-46e4-8bb7-38c4025fc0a9,apply immigration law,skill/competence,sector-specific
875eeec4-fc70-4e6a-80ef-4d18356976e3,http://data.europa.eu/esco/skill/875eeec4-fc70-4e6a-80ef-4d18356976e3,forecast workload,skill/competence,cross-sector
8764d4b1-e069-44f2-8baa-fb1eee1850ec,http://data.europa.eu/esco/skill/8764d4b1-e069-44f2-8baa-fb1eee1850ec,Oracle Application Development Framework,knowledge,sector-specific
8770350e-746f-4adb-9556-18ca68104be6,http://data.europa.eu/esco/skill/8770350e-746f-4adb-9556-18ca68104be6,market research,knowledge,cross-sector
8785ccda-6f9f-4cf3-9033-fda10653d0be,http://data.europa.eu/esco/skill/8785ccda-6f9f-4cf3-9033-fda10653d0be,JSSS,knowledge,sector-specific
87af00b5-30fa-41c8-bfa5-357f22c8d589,http://data.europa.eu/esco/skill/87af00b5-30fa-41c8-bfa5-357f22c8d589,replace defect components,skill/competence,cross-sector
87cadd76-4e3a-47e5-b66d-559fbc1e8993,http://data.europa.eu/esco/skill/87cadd76-4e3a-47e5-b66d-559fbc1e8993,respond to enquiries,skill/competence,cross-sector
87de6e49-ca1c-42a4-8751-5ff0b991966b,http://data.europa.eu/esco/skill/87de6e49-ca1c-42a4-8751-5ff0b991966b,negotiate with stakeholders,skill/competence,cross-sector
88033500-d3a7-4a94-ba88-0f1680b9d017,http://data.europa.eu/esco/skill/88033500-d3a7-4a94-ba88-0f1680b9d017,surface-mount technology,knowledge,sector-specific
8804d963-5a31-4609-b5df-f741b7199fb7,http://data.europa.eu/esco/skill/8804d963-5a31-4609-b5df-f741b7199fb7,internal auditing,knowledge,cross-sector
880c54f9-866e-4f37-b5fa-25ef8a7d49b6,http://data.europa.eu/esco/skill/880c54f9-866e-4f37-b5fa-25ef8a7d49b6,accounting techniques,knowledge,cross-sector
8836a5a5-e2ff-4baf-aae3-bfb78a4cca7f,http://data.europa.eu/esco/skill/8836a5a5-e2ff-4baf-aae3-bfb78a4cca7f,criminal law,knowledge,cross-sector
88564d2d-2dc9-4789-864a-f9cb73f389ec,http://data.europa.eu/esco/skill/88564d2d-2dc9-4789-864a-f9cb73f389ec,maintain data entry requirements,skill/competence,sector-specific
885808f7-f42b-406e-95f2-28efcd45ddda,http://data.europa.eu/esco/skill/885808f7-f42b-406e-95f2-28efcd45ddda,carry out energy management of facilities,skill/competence,cross-sector
8867088a-e54d-41bc-81e8-a21ff98e81d3,http://data.europa.eu/esco/skill/8867088a-e54d-41bc-81e8-a21ff98e81d3,calibrate electronic instruments,skill/competence,cross-sector
88680a21-57f9-46b6-8268-7d8e42aef849,http://data.europa.eu/esco/skill/88680a21-57f9-46b6-8268-7d8e42aef849,architecture regulations,knowledge,sector-specific
887a5c70-5524-4c7d-96cc-6cdcf1c5309f,http://data.europa.eu/esco/skill/887a5c70-5524-4c7d-96cc-6cdcf1c5309f,inspect building systems,skill/competence,cross-sector
8899ee6c-7df4-41dd-9dc5-36be940864ee,http://data.europa.eu/esco/skill/8899ee6c-7df4-41dd-9dc5-36be940864ee,coordinate export transportation activities,skill/competence,sector-specific
88af9294-b697-4687-ae19-aefbb6234dfa,http://data.europa.eu/esco/skill/88af9294-b697-4687-ae19-aefbb6234dfa,economics,knowledge,cross-sector
88b406d0-72e2-4087-be19-d5992d259473,http://data.europa.eu/esco/skill/88b406d0-72e2-4087-be19-d5992d259473,personnel management,knowledge,cross-sector
88ba6ce6-d285-49ef-80db-07ecfaec03db,http://data.europa.eu/esco/skill/88ba6ce6-d285-49ef-80db-07ecfaec03db,examine advertisement layout,skill/competence,cross-sector
88ec9e5e-8798-475d-81a3-dd5ea7e96215,http://data.europa.eu/esco/skill/88ec9e5e-8798-475d-81a3-dd5ea7e96215,qualitative risk analysis techniques,knowledge,sector-specific
88f823da-ab17-4559-8985-69b1507675ca,http://data.europa.eu/esco/skill/88f823da-ab17-4559-8985-69b1507675ca,discharge employees,skill/competence,cross-sector
89602bfd-eba0-4989-bd1a-19398df22420,http://data.europa.eu/esco/skill/89602bfd-eba0-4989-bd1a-19398df22420,negotiate prices for transport of cargo,skill/competence,sector-specific
896563fc-6255-4419-89c2-ffed30159ad6,http://data.europa.eu/esco/skill/896563fc-6255-4419-89c2-ffed30159ad6,conduct research interview,skill/competence,cross-sector
897b393f-e7e0-4248-a40d-d77119694e83,http://data.europa.eu/esco/skill/897b393f-e7e0-4248-a40d-d77119694e83,distributed computing,knowledge,sector-specific
899e57b3-b1a6-44c6-95d8-faa058294366,http://data.europa.eu/esco/skill/899e57b3-b1a6-44c6-95d8-faa058294366,support community-based tourism,skill/competence,sector-specific
89ba58e8-a67e-4d2b-ad42-6acab25c241b,http://data.europa.eu/esco/skill/89ba58e8-a67e-4d2b-ad42-6acab25c241b,measure customer feedback,skill/competence,cross-sector
89c1d71c-f443-4e60-a7c3-f824ecb10597,http://data.europa.eu/esco/skill/89c1d71c-f443-4e60-a7c3-f824ecb10597,types of media,knowledge,cross-sector
89cd5be3-b045-4172-82a3-f23b9faca79d,http://data.europa.eu/esco/skill/89cd5be3-b045-4172-82a3-f23b9faca79d,create patent draft,skill/competence,cross-sector
89d574b8-f0ea-4ae8-9008-f575e37e9f11,http://data.europa.eu/esco/skill/89d574b8-f0ea-4ae8-9008-f575e37e9f11,implement smart contracts,skill/competence,cross-sector
89f6560b-2194-45c9-9ece-d33049a73eef,http://data.europa.eu/esco/skill/89f6560b-2194-45c9-9ece-d33049a73eef,computer engineering,knowledge,cross-sector
89ff28d6-342c-435d-83aa-83e71dbbbc96,http://data.europa.eu/esco/skill/89ff28d6-342c-435d-83aa-83e71dbbbc96,conduct financial audits,skill/competence,cross-sector
8a16add0-6faa-4387-896c-ee641568d89f,http://data.europa.eu/esco/skill/8a16add0-6faa-4387-896c-ee641568d89f,trigonometry,knowledge,sector-specific
8a30eb28-eca0-4ab6-8c05-32c47d3e0dd6,http://data.europa.eu/esco/skill/8a30eb28-eca0-4ab6-8c05-32c47d3e0dd6,BlackArch,knowledge,sector-specific
8a326ee1-169c-4c44-b38b-8f1bb20ec79b,http://data.europa.eu/esco/skill/8a326ee1-169c-4c44-b38b-8f1bb20ec79b,identify accounting errors,skill/competence,cross-sector
8a43795b-bb38-4f29-91df-a6c92ad4643c,http://data.europa.eu/esco/skill/8a43795b-bb38-4f29-91df-a6c92ad4643c,analyse financial performance of a company,skill/competence,cross-sector
8a753714-9a19-4418-9b37-77e79d72c705,http://data.europa.eu/esco/skill/8a753714-9a19-4418-9b37-77e79d72c705,integrate new products in manufacturing,skill/competence,cross-sector
8abdc43c-2bfd-417c-97c2-27fcdaf53171,http://data.europa.eu/esco/skill/8abdc43c-2bfd-417c-97c2-27fcdaf53171,promote environmental awareness,skill/competence,cross-sector
8add048c-4d51-41c5-8aa2-f57412c4a637,http://data.europa.eu/esco/skill/8add048c-4d51-41c5-8aa2-f57412c4a637,enhance production workflow,skill/competence,cross-sector
8af15e52-c743-43da-94aa-c4ea52d4f3e8,http://data.europa.eu/esco/skill/8af15e52-c743-43da-94aa-c4ea52d4f3e8,conduct educational activities,skill/competence,sector-specific
8af372fa-7b85-4bab-ab20-3f2eb980c400,http://data.europa.eu/esco/skill/8af372fa-7b85-4bab-ab20-3f2eb980c400,total quality control,knowledge,sector-specific
8afe68ff-b261-4fa8-ab25-bb30b0e5c292,http://data.europa.eu/esco/skill/8afe68ff-b261-4fa8-ab25-bb30b0e5c292,motion graphics,knowledge,cross-sector
8b0f73ff-d36b-4196-bb83-464c3a6ef07d,http://data.europa.eu/esco/skill/8b0f73ff-d36b-4196-bb83-464c3a6ef07d,game theory,knowledge,cross-sector
8b4e63f6-0194-4e3b-8dcc-e9636e6276b8,http://data.europa.eu/esco/skill/8b4e63f6-0194-4e3b-8dcc-e9636e6276b8,record court procedures,skill/competence,cross-sector
8b7409b0-e18e-4dfc-9ad9-8ddbcce38849,http://data.europa.eu/esco/skill/8b7409b0-e18e-4dfc-9ad9-8ddbcce38849,keep records of customer interaction,skill/competence,cross-sector
8b79c118-1687-4d8e-84d1-e96da860d432,http://data.europa.eu/esco/skill/8b79c118-1687-4d8e-84d1-e96da860d432,assess students' preliminary learning experiences,skill/competence,sector-specific
8b8ed44b-5d29-4a42-a87f-a77739b5bfcd,http://data.europa.eu/esco/skill/8b8ed44b-5d29-4a42-a87f-a77739b5bfcd,promote employment policy,skill/competence,sector-specific
8b9332c7-2551-4527-9a64-a615713d8b02,http://data.europa.eu/esco/skill/8b9332c7-2551-4527-9a64-a615713d8b02,evaluate employees,skill/competence,cross-sector
8b94aa1e-89c9-459d-b3b4-1dfab8dec2df,http://data.europa.eu/esco/skill/8b94aa1e-89c9-459d-b3b4-1dfab8dec2df,use software libraries,skill/competence,sector-specific
8bad61b8-75f7-4bdc-b994-f7158f4b90f0,http://data.europa.eu/esco/skill/8bad61b8-75f7-4bdc-b994-f7158f4b90f0,set organisational policies,skill/competence,cross-sector
8bbdb795-0deb-478f-91e4-5238867ed8ba,http://data.europa.eu/esco/skill/8bbdb795-0deb-478f-91e4-5238867ed8ba,blockchain terminology,knowledge,sector-specific
8bc11ec8-90a3-4d4d-aba3-1c48c71e8fe2,http://data.europa.eu/esco/skill/8bc11ec8-90a3-4d4d-aba3-1c48c71e8fe2,manage third-party logistics providers,skill/competence,occupation-specific
8bc1c7da-c832-4896-a441-30d087c46aad,http://data.europa.eu/esco/skill/8bc1c7da-c832-4896-a441-30d087c46aad,examine engineering principles,skill/competence,cross-sector
8bc3c77c-30c3-45e6-bd61-069ba433ecfe,http://data.europa.eu/esco/skill/8bc3c77c-30c3-45e6-bd61-069ba433ecfe,e-learning software infrastructure,knowledge,sector-specific
8bc75dce-beba-40f9-93fc-66c9708ed74b,http://data.europa.eu/esco/skill/8bc75dce-beba-40f9-93fc-66c9708ed74b,advise on efficiency improvements,skill/competence,cross-sector
8bdc520c-6293-4e99-bf6f-a44d5da3ebcb,http://data.europa.eu/esco/skill/8bdc520c-6293-4e99-bf6f-a44d5da3ebcb,monitor legislation developments,skill/competence,cross-sector
8c1ffdbd-3581-4102-bcf9-d802ded713fa,http://data.europa.eu/esco/skill/8c1ffdbd-3581-4102-bcf9-d802ded713fa,types of pensions,knowledge,cross-sector
8c4b7305-4b83-4586-9d42-2817f96c60ea,http://data.europa.eu/esco/skill/8c4b7305-4b83-4586-9d42-2817f96c60ea,pose questions referring to documents,skill/competence,cross-sector
8c4c49d4-9708-433f-8ca7-bf2c5211ee49,http://data.europa.eu/esco/skill/8c4c49d4-9708-433f-8ca7-bf2c5211ee49,develop creative ideas,skill/competence,cross-sector
8c855071-e09d-4f08-9af9-bdc9de6d909e,http://data.europa.eu/esco/skill/8c855071-e09d-4f08-9af9-bdc9de6d909e,perform media outlets research,skill/competence,cross-sector
8c88d336-c249-4537-b26e-d679a85c4b9b,http://data.europa.eu/esco/skill/8c88d336-c249-4537-b26e-d679a85c4b9b,Ajax Framework,knowledge,sector-specific
8ccbc13b-2856-4363-ba61-8a47be4d2eca,http://data.europa.eu/esco/skill/8ccbc13b-2856-4363-ba61-8a47be4d2eca,teach marketing principles,skill/competence,cross-sector
8d10ae08-3b0d-4bbb-86c5-25dd2c6858cd,http://data.europa.eu/esco/skill/8d10ae08-3b0d-4bbb-86c5-25dd2c6858cd,teach customer service techniques,skill/competence,sector-specific
8d202e22-85e9-47b1-a1e0-3296d17244cd,http://data.europa.eu/esco/skill/8d202e22-85e9-47b1-a1e0-3296d17244cd,observe confidentiality,skill/competence,cross-sector
8d3deb53-3998-42eb-97f3-4e8ccb7591a5,http://data.europa.eu/esco/skill/8d3deb53-3998-42eb-97f3-4e8ccb7591a5,promote financial products,skill/competence,sector-specific
8d4271ca-c9fd-40b3-875f-15f78332a49e,http://data.europa.eu/esco/skill/8d4271ca-c9fd-40b3-875f-15f78332a49e,quality standards,knowledge,cross-sector
8d49f760-3765-4612-8d40-a2bdd50738fe,http://data.europa.eu/esco/skill/8d49f760-3765-4612-8d40-a2bdd50738fe,fill out forms,skill/competence,cross-sector
8d5ee30c-4b1c-465f-84a1-7bb7a05aaca6,http://data.europa.eu/esco/skill/8d5ee30c-4b1c-465f-84a1-7bb7a05aaca6,monitor banking activities,skill/competence,occupation-specific
8dba2a16-2804-4d60-a385-73c0734db749,http://data.europa.eu/esco/skill/8dba2a16-2804-4d60-a385-73c0734db749,coordinate automotive repair and maintenance service,skill/competence,occupation-specific
8dc71fcf-2f4e-4877-92da-73d58547f2c0,http://data.europa.eu/esco/skill/8dc71fcf-2f4e-4877-92da-73d58547f2c0,assist judge,skill/competence,sector-specific
8dcbcabe-09f7-4d11-940d-125af57bbc40,http://data.europa.eu/esco/skill/8dcbcabe-09f7-4d11-940d-125af57bbc40,track key performance indicators,skill/competence,cross-sector
8dd2806f-6dcf-477c-a5bf-66b5d6e02637,http://data.europa.eu/esco/skill/8dd2806f-6dcf-477c-a5bf-66b5d6e02637,prepare correspondence for customers,skill/competence,cross-sector
8de195a5-ffd6-4d99-aee8-9ec4a24dbafa,http://data.europa.eu/esco/skill/8de195a5-ffd6-4d99-aee8-9ec4a24dbafa,manage media services department,skill/competence,cross-sector
8dee09d8-07da-493a-a171-d2d7737498ff,http://data.europa.eu/esco/skill/8dee09d8-07da-493a-a171-d2d7737498ff,research equipment needs,skill/competence,cross-sector
8df59017-f8e3-4a48-b321-79a38c597748,http://data.europa.eu/esco/skill/8df59017-f8e3-4a48-b321-79a38c597748,manage tests,skill/competence,cross-sector
8e91c9b3-45de-4db2-91df-138d10031cf0,http://data.europa.eu/esco/skill/8e91c9b3-45de-4db2-91df-138d10031cf0,log transmitter readings,skill/competence,sector-specific
8ebb2c0a-0baa-43bf-95cf-094047c57427,http://data.europa.eu/esco/skill/8ebb2c0a-0baa-43bf-95cf-094047c57427,maintain professional administration,skill/competence,cross-sector
8ee39fb7-8b46-490e-ae21-6e8b32854dd6,http://data.europa.eu/esco/skill/8ee39fb7-8b46-490e-ae21-6e8b32854dd6,manage dispatch software systems,skill/competence,sector-specific
8efa6a7a-6556-4cb8-908d-59d3b5c58d2f,http://data.europa.eu/esco/skill/8efa6a7a-6556-4cb8-908d-59d3b5c58d2f,cloud monitoring and reporting,knowledge,sector-specific
8f1a24be-d770-470d-94c8-d074f4087754,http://data.europa.eu/esco/skill/8f1a24be-d770-470d-94c8-d074f4087754,"hardware, plumbing and heating equipment products",knowledge,sector-specific
8f32e02a-9290-47ab-ad28-6567bfc2f17a,http://data.europa.eu/esco/skill/8f32e02a-9290-47ab-ad28-6567bfc2f17a,design process for blockchain-based systems,skill/competence,sector-specific
8f370faa-4123-4bdd-8dd3-304edd188076,http://data.europa.eu/esco/skill/8f370faa-4123-4bdd-8dd3-304edd188076,make price recommendations,skill/competence,sector-specific
8f585def-6ade-41b3-b897-3d71fba4151d,http://data.europa.eu/esco/skill/8f585def-6ade-41b3-b897-3d71fba4151d,alternative energy,knowledge,cross-sector
8f6ed69b-29d0-4c01-81ba-f05920a185f3,http://data.europa.eu/esco/skill/8f6ed69b-29d0-4c01-81ba-f05920a185f3,digital curation,knowledge,occupation-specific
8f9e8842-94f3-48d5-8d09-c43829bcabc5,http://data.europa.eu/esco/skill/8f9e8842-94f3-48d5-8d09-c43829bcabc5,liaise with shareholders,skill/competence,cross-sector
8fa510d0-a8a6-4932-a361-00f8442cfe23,http://data.europa.eu/esco/skill/8fa510d0-a8a6-4932-a361-00f8442cfe23,Wireshark,knowledge,sector-specific
8fa840f7-e66a-4370-8e6d-7d554260c31c,http://data.europa.eu/esco/skill/8fa840f7-e66a-4370-8e6d-7d554260c31c,forecast future ICT network needs,skill/competence,sector-specific
8faefbc1-4745-4b3f-9889-81cd1d40b67c,http://data.europa.eu/esco/skill/8faefbc1-4745-4b3f-9889-81cd1d40b67c,evaluate tender,skill/competence,sector-specific
8fcf2beb-b6f1-4517-8649-84096e011042,http://data.europa.eu/esco/skill/8fcf2beb-b6f1-4517-8649-84096e011042,improve customer interaction,skill/competence,sector-specific
8ff015a0-98ea-4d80-a23e-1f68110a919e,http://data.europa.eu/esco/skill/8ff015a0-98ea-4d80-a23e-1f68110a919e,software design methodologies,knowledge,sector-specific
901105f8-3a08-453e-b1dc-23619e317fd3,http://data.europa.eu/esco/skill/901105f8-3a08-453e-b1dc-23619e317fd3,create flowchart diagram,skill/competence,cross-sector
9013b46e-5a9b-4929-8918-fcadfdfd37ce,http://data.europa.eu/esco/skill/9013b46e-5a9b-4929-8918-fcadfdfd37ce,supervise daily information operations,skill/competence,cross-sector
90267570-aad1-4c54-9c9c-5a1a5847a819,http://data.europa.eu/esco/skill/90267570-aad1-4c54-9c9c-5a1a5847a819,advise on training courses,skill/competence,cross-sector
902fb91c-3113-4004-9b4f-79aa86b638b7,http://data.europa.eu/esco/skill/902fb91c-3113-4004-9b4f-79aa86b638b7,web application security threats,knowledge,sector-specific
9035afc4-5317-455d-ab60-f32e2ecc6bfc,http://data.europa.eu/esco/skill/9035afc4-5317-455d-ab60-f32e2ecc6bfc,blockchain platforms,knowledge,sector-specific
90398aca-82b7-4f56-8e0f-814d949162b4,http://data.europa.eu/esco/skill/90398aca-82b7-4f56-8e0f-814d949162b4,coordinate marketing plan actions,skill/competence,cross-sector
905b6acd-377b-46b9-9d80-e47e9ca789ca,http://data.europa.eu/esco/skill/905b6acd-377b-46b9-9d80-e47e9ca789ca,financial markets,knowledge,cross-sector
906323f4-00c4-4c3b-ab5a-8af77be3456e,http://data.europa.eu/esco/skill/906323f4-00c4-4c3b-ab5a-8af77be3456e,create data sets,skill/competence,cross-sector
906c9e66-bdee-4f8e-93d7-88d9fcf39a0a,http://data.europa.eu/esco/skill/906c9e66-bdee-4f8e-93d7-88d9fcf39a0a,fix meetings,skill/competence,cross-sector
9091c8e5-9357-4c29-bceb-ddb1792c22e8,http://data.europa.eu/esco/skill/9091c8e5-9357-4c29-bceb-ddb1792c22e8,advise on conflict management,skill/competence,cross-sector
909a28ce-d4b6-4567-9b74-d111f1ed9633,http://data.europa.eu/esco/skill/909a28ce-d4b6-4567-9b74-d111f1ed9633,maintain plan for continuity of operations,skill/competence,sector-specific
90a4035a-f72e-48d3-9d4e-1c6be84c9ae5,http://data.europa.eu/esco/skill/90a4035a-f72e-48d3-9d4e-1c6be84c9ae5,communicate with shipment forwarders,skill/competence,sector-specific
90be83d9-56f1-46a4-a6bc-96c51f6c9025,http://data.europa.eu/esco/skill/90be83d9-56f1-46a4-a6bc-96c51f6c9025,acquire system component,skill/competence,sector-specific
91003b4a-f2aa-4472-a9c1-4597abb518f2,http://data.europa.eu/esco/skill/91003b4a-f2aa-4472-a9c1-4597abb518f2,insolvency law,knowledge,cross-sector
91306a20-9b81-4f3d-97eb-f5368b607da7,http://data.europa.eu/esco/skill/91306a20-9b81-4f3d-97eb-f5368b607da7,perform customer management,skill/competence,cross-sector
9136cbf1-7916-4f1c-bc9a-0318ee1d6016,http://data.europa.eu/esco/skill/9136cbf1-7916-4f1c-bc9a-0318ee1d6016,human-computer interaction,knowledge,sector-specific
913e7e83-b8f8-4574-b1ca-1b38f3fd974a,http://data.europa.eu/esco/skill/913e7e83-b8f8-4574-b1ca-1b38f3fd974a,execute software tests,skill/competence,sector-specific
91816e1a-d026-4d21-9b1c-59ca5cf488de,http://data.europa.eu/esco/skill/91816e1a-d026-4d21-9b1c-59ca5cf488de,analyse internal factors of companies,skill/competence,cross-sector
918f5211-b99f-4b29-9a34-6e475583ef55,http://data.europa.eu/esco/skill/918f5211-b99f-4b29-9a34-6e475583ef55,write work-related reports,skill/competence,cross-sector
9190d87f-9792-42e0-bb7f-64294a656bcd,http://data.europa.eu/esco/skill/9190d87f-9792-42e0-bb7f-64294a656bcd,monitor system performance,skill/competence,sector-specific
9194696f-8a5a-4f7b-bf8a-a680da41c320,http://data.europa.eu/esco/skill/9194696f-8a5a-4f7b-bf8a-a680da41c320,forming of public opinion,knowledge,cross-sector
91abe492-18be-4cce-93c7-0dca07072363,http://data.europa.eu/esco/skill/91abe492-18be-4cce-93c7-0dca07072363,meet deadlines,skill/competence,cross-sector
91ba97f5-7518-4638-b2d2-308996db3cf8,http://data.europa.eu/esco/skill/91ba97f5-7518-4638-b2d2-308996db3cf8,perform image editing,skill/competence,cross-sector
91be6910-bd67-4e1f-95b0-32513b399b24,http://data.europa.eu/esco/skill/91be6910-bd67-4e1f-95b0-32513b399b24,communicate problems to senior colleagues,skill/competence,cross-sector
922032c3-9dfa-45dd-9bcd-f14dedf4709e,http://data.europa.eu/esco/skill/922032c3-9dfa-45dd-9bcd-f14dedf4709e,beverage products,knowledge,sector-specific
923dc3f7-5e76-4159-a736-402be592fbfe,http://data.europa.eu/esco/skill/923dc3f7-5e76-4159-a736-402be592fbfe,perform road testing of vehicles,skill/competence,cross-sector
9242ad54-dc3d-41b3-9cfe-142fa8582511,http://data.europa.eu/esco/skill/9242ad54-dc3d-41b3-9cfe-142fa8582511,brand marketing techniques,knowledge,cross-sector
925463a7-d51f-4d5b-9f79-4d28cf30acde,http://data.europa.eu/esco/skill/925463a7-d51f-4d5b-9f79-4d28cf30acde,integrated development environment software,knowledge,sector-specific
925ac396-118c-4a07-b4c2-31eb519e2268,http://data.europa.eu/esco/skill/925ac396-118c-4a07-b4c2-31eb519e2268,develop cultural activities,skill/competence,cross-sector
925cb6fb-9506-48a5-9106-400088a4a436,http://data.europa.eu/esco/skill/925cb6fb-9506-48a5-9106-400088a4a436,arrange audit,skill/competence,cross-sector
92721092-fe7c-4689-96bd-4f02385bc0e7,http://data.europa.eu/esco/skill/92721092-fe7c-4689-96bd-4f02385bc0e7,manage contracts,skill/competence,cross-sector
9295d1c5-8d7d-423e-a6ce-dfbc1d991f88,http://data.europa.eu/esco/skill/9295d1c5-8d7d-423e-a6ce-dfbc1d991f88,apply digital mapping,skill/competence,cross-sector
929e89f9-ac69-4bcb-9eea-37257aa5aff9,http://data.europa.eu/esco/skill/929e89f9-ac69-4bcb-9eea-37257aa5aff9,prepare for job interview,skill/competence,sector-specific
92c1f0ea-f4e0-4dc5-9557-27ac896f2425,http://data.europa.eu/esco/skill/92c1f0ea-f4e0-4dc5-9557-27ac896f2425,investigate competition restrictions,skill/competence,sector-specific
92e4064a-a93c-4e22-a63b-8da91757b90c,http://data.europa.eu/esco/skill/92e4064a-a93c-4e22-a63b-8da91757b90c,detect bottlenecks,skill/competence,cross-sector
933e7ccf-5d56-46ba-aca4-857f826a6b3a,http://data.europa.eu/esco/skill/933e7ccf-5d56-46ba-aca4-857f826a6b3a,administer appointments,skill/competence,cross-sector
933efc5f-a797-4581-8a8b-c08956ff7d58,http://data.europa.eu/esco/skill/933efc5f-a797-4581-8a8b-c08956ff7d58,Grovo,knowledge,sector-specific
93aaf65c-5aad-4e6f-a7ba-ce9bf7c0e6e6,http://data.europa.eu/esco/skill/93aaf65c-5aad-4e6f-a7ba-ce9bf7c0e6e6,information categorisation,knowledge,sector-specific
93b22bbf-ece1-4e2d-8d47-0c9392c5a4fd,http://data.europa.eu/esco/skill/93b22bbf-ece1-4e2d-8d47-0c9392c5a4fd,develop blockchain technology,skill/competence,cross-sector
93e65de1-923c-437e-aa5b-e6002967ce71,http://data.europa.eu/esco/skill/93e65de1-923c-437e-aa5b-e6002967ce71,web based collaborative platforms,knowledge,sector-specific
93f1caa3-df33-4de7-98da-40f5fc30fd52,http://data.europa.eu/esco/skill/93f1caa3-df33-4de7-98da-40f5fc30fd52,forensic intelligence,knowledge,cross-sector
940a70fa-7c58-423b-8d03-34920b59f0f7,http://data.europa.eu/esco/skill/940a70fa-7c58-423b-8d03-34920b59f0f7,manage processes,skill/competence,cross-sector
941364b9-1375-4add-9889-d67bae99bc8c,http://data.europa.eu/esco/skill/941364b9-1375-4add-9889-d67bae99bc8c,write technical reports,skill/competence,cross-sector
945b8655-5577-4c3a-946a-842d4527afa8,http://data.europa.eu/esco/skill/945b8655-5577-4c3a-946a-842d4527afa8,digital image processing,knowledge,cross-sector
946c1229-1171-40d4-82cc-fe3f483ca100,http://data.europa.eu/esco/skill/946c1229-1171-40d4-82cc-fe3f483ca100,perform escalation procedure,skill/competence,cross-sector
94747ff4-603d-47d4-9780-bf53be41e190,http://data.europa.eu/esco/skill/94747ff4-603d-47d4-9780-bf53be41e190,inspect industrial equipment,skill/competence,cross-sector
94758266-bb0f-4e41-bedb-349ecacfaf5c,http://data.europa.eu/esco/skill/94758266-bb0f-4e41-bedb-349ecacfaf5c,create freight rate databases,skill/competence,occupation-specific
947e6a15-5539-43e2-b62f-6a52fd57e0a0,http://data.europa.eu/esco/skill/947e6a15-5539-43e2-b62f-6a52fd57e0a0,consumer law,knowledge,cross-sector
949ced5f-7536-4614-ac60-563ffc91a2f2,http://data.europa.eu/esco/skill/949ced5f-7536-4614-ac60-563ffc91a2f2,strategic planning,knowledge,cross-sector
94b2c46e-6338-4a1d-950a-d44eef018c53,http://data.europa.eu/esco/skill/94b2c46e-6338-4a1d-950a-d44eef018c53,collaborate with engineers,skill/competence,cross-sector
94dd823c-148e-4614-a6e8-99249b16357d,http://data.europa.eu/esco/skill/94dd823c-148e-4614-a6e8-99249b16357d,ICT project management,knowledge,sector-specific
94e3fa6e-54d7-42a8-a3fe-7f1b5f6d14e4,http://data.europa.eu/esco/skill/94e3fa6e-54d7-42a8-a3fe-7f1b5f6d14e4,consult with editor,skill/competence,cross-sector
94e7a22f-16b8-4eee-98ba-a5b09e9cdf96,http://data.europa.eu/esco/skill/94e7a22f-16b8-4eee-98ba-a5b09e9cdf96,develop strategies for electricity contingencies,skill/competence,sector-specific
9525dcdf-5085-4143-bbae-544263acd63a,http://data.europa.eu/esco/skill/9525dcdf-5085-4143-bbae-544263acd63a,coordinate educational programmes,skill/competence,cross-sector
9531fe02-1e1f-4a36-95f7-a76a77cd4b8d,http://data.europa.eu/esco/skill/9531fe02-1e1f-4a36-95f7-a76a77cd4b8d,consult with business clients,skill/competence,sector-specific
953445c0-4770-4be0-91cf-270a64c0e297,http://data.europa.eu/esco/skill/953445c0-4770-4be0-91cf-270a64c0e297,implement strategic management,skill/competence,cross-sector
953c0b65-537a-42fe-a90b-26cd36c64361,http://data.europa.eu/esco/skill/953c0b65-537a-42fe-a90b-26cd36c64361,manage logistics,skill/competence,cross-sector
956487a3-5b0b-4d03-8d0e-01e71fb65482,http://data.europa.eu/esco/skill/956487a3-5b0b-4d03-8d0e-01e71fb65482,social bonds,knowledge,sector-specific
958b8802-ec3e-4813-97f7-6c8f48610dbd,http://data.europa.eu/esco/skill/958b8802-ec3e-4813-97f7-6c8f48610dbd,identify process improvements,skill/competence,sector-specific
95c35c3a-035f-47c2-90cf-7e934d20fc08,http://data.europa.eu/esco/skill/95c35c3a-035f-47c2-90cf-7e934d20fc08,electronics,knowledge,cross-sector
95ee5e38-5c1e-4cd2-a21d-6921390025a9,http://data.europa.eu/esco/skill/95ee5e38-5c1e-4cd2-a21d-6921390025a9,usability engineering,knowledge,sector-specific
95fc86de-8e74-4753-9344-281179aa74b0,http://data.europa.eu/esco/skill/95fc86de-8e74-4753-9344-281179aa74b0,maintain credit history of clients,skill/competence,cross-sector
9601b2a8-68e4-4906-9306-a23679b8f0b0,http://data.europa.eu/esco/skill/9601b2a8-68e4-4906-9306-a23679b8f0b0,supervise staff,skill/competence,cross-sector
96550830-539b-4746-96aa-92aa4959945d,http://data.europa.eu/esco/skill/96550830-539b-4746-96aa-92aa4959945d,apply risk management processes,skill/competence,cross-sector
96a67da1-881f-4d09-927e-ac75fcff4d93,http://data.europa.eu/esco/skill/96a67da1-881f-4d09-927e-ac75fcff4d93,compile content,skill/competence,cross-sector
96a893b6-4520-4daa-89c1-b79487505da2,http://data.europa.eu/esco/skill/96a893b6-4520-4daa-89c1-b79487505da2,key risk indicators,knowledge,sector-specific
96ae5ab6-d696-4d4f-be1c-d02e722c6f55,http://data.europa.eu/esco/skill/96ae5ab6-d696-4d4f-be1c-d02e722c6f55,apply grammar and spelling rules,skill/competence,cross-sector
96d549bb-3e62-4c45-92a7-f114df089581,http://data.europa.eu/esco/skill/96d549bb-3e62-4c45-92a7-f114df089581,analyse supply chain strategies,skill/competence,cross-sector
96d901a6-c931-4e8d-b685-a47e1deaaa1b,http://data.europa.eu/esco/skill/96d901a6-c931-4e8d-b685-a47e1deaaa1b,identify energy needs,skill/competence,sector-specific
96eb286a-58b7-45ff-a916-5578d0b79b8c,http://data.europa.eu/esco/skill/96eb286a-58b7-45ff-a916-5578d0b79b8c,Rapid application development,knowledge,sector-specific
96ec2d53-4f41-4172-8ef2-70742c4bb540,http://data.europa.eu/esco/skill/96ec2d53-4f41-4172-8ef2-70742c4bb540,assess supplier risks,skill/competence,sector-specific
9707091a-323b-4240-877a-5999a19286f0,http://data.europa.eu/esco/skill/9707091a-323b-4240-877a-5999a19286f0,apply ICT system usage policies,skill/competence,sector-specific
9710092c-f174-4e84-95bf-2064d39ad7a0,http://data.europa.eu/esco/skill/9710092c-f174-4e84-95bf-2064d39ad7a0,manage content metadata,skill/competence,cross-sector
9714735d-6f60-440b-bdbc-aaf45ebcbe78,http://data.europa.eu/esco/skill/9714735d-6f60-440b-bdbc-aaf45ebcbe78,analyse the context of an organisation,skill/competence,cross-sector
9763c3d0-f464-455c-9a22-8bd0798012f3,http://data.europa.eu/esco/skill/9763c3d0-f464-455c-9a22-8bd0798012f3,negotiate tourism experience purchases,skill/competence,sector-specific
976455eb-5bbe-4493-ae64-ed16c3b009ea,http://data.europa.eu/esco/skill/976455eb-5bbe-4493-ae64-ed16c3b009ea,mobile operating systems,knowledge,sector-specific
978657cb-f84f-4ddd-a1c0-36bf7b3b8682,http://data.europa.eu/esco/skill/978657cb-f84f-4ddd-a1c0-36bf7b3b8682,select optimal distribution channel,skill/competence,cross-sector
978db6a1-7297-4c89-819a-47605f2c3ba8,http://data.europa.eu/esco/skill/978db6a1-7297-4c89-819a-47605f2c3ba8,manage software releases,skill/competence,occupation-specific
97902800-f9e0-4a73-8826-6cc42f874a18,http://data.europa.eu/esco/skill/97902800-f9e0-4a73-8826-6cc42f874a18,green logistics,knowledge,cross-sector
97965983-0da4-4902-9daf-d5cd2693ef73,http://data.europa.eu/esco/skill/97965983-0da4-4902-9daf-d5cd2693ef73,3D modelling,knowledge,cross-sector
979cf728-896f-4f2c-8fa8-2698ca0d4930,http://data.europa.eu/esco/skill/979cf728-896f-4f2c-8fa8-2698ca0d4930,publish academic research,skill/competence,cross-sector
97b23993-8836-4e66-9092-19c7b3324e5f,http://data.europa.eu/esco/skill/97b23993-8836-4e66-9092-19c7b3324e5f,perform brand analysis,skill/competence,occupation-specific
97b246e3-4f45-4708-9734-cd3158d868cf,http://data.europa.eu/esco/skill/97b246e3-4f45-4708-9734-cd3158d868cf,demonstrate motivation for sales,skill/competence,sector-specific
97b473ae-8535-498d-9999-cc77549c5e50,http://data.europa.eu/esco/skill/97b473ae-8535-498d-9999-cc77549c5e50,identify fitted source for heat pumps,skill/competence,sector-specific
97b713f0-b9e8-4903-8dee-7e0b4019a1c0,http://data.europa.eu/esco/skill/97b713f0-b9e8-4903-8dee-7e0b4019a1c0,employment law,knowledge,cross-sector
97bcbb41-c42b-4777-ab26-1f8f7dcfafd8,http://data.europa.eu/esco/skill/97bcbb41-c42b-4777-ab26-1f8f7dcfafd8,negotiate improvement with suppliers,skill/competence,sector-specific
97bd1c21-66b2-4b7e-ad0f-e3cda590e378,http://data.europa.eu/esco/skill/97bd1c21-66b2-4b7e-ad0f-e3cda590e378,data analytics,knowledge,cross-sector
97bdd757-29d4-4126-92a6-07608825aa3b,http://data.europa.eu/esco/skill/97bdd757-29d4-4126-92a6-07608825aa3b,QlikView Expressor,knowledge,sector-specific
97c2e91e-3480-4651-a9e3-1c29ddeaa0cb,http://data.europa.eu/esco/skill/97c2e91e-3480-4651-a9e3-1c29ddeaa0cb,develop immigration policies,skill/competence,sector-specific
981616a1-2718-419c-b99f-53460cd873a8,http://data.europa.eu/esco/skill/981616a1-2718-419c-b99f-53460cd873a8,European Structural and Investment Funds regulations,knowledge,sector-specific
98301d4a-2cc3-439d-8d7f-0b6ac76302bb,http://data.europa.eu/esco/skill/98301d4a-2cc3-439d-8d7f-0b6ac76302bb,business process modelling,knowledge,sector-specific
9836f5d5-1471-4403-8c09-82d1187e4912,http://data.europa.eu/esco/skill/9836f5d5-1471-4403-8c09-82d1187e4912,develop medical device test procedures,skill/competence,sector-specific
987a848a-01ec-4938-9f31-1af1c7bef651,http://data.europa.eu/esco/skill/987a848a-01ec-4938-9f31-1af1c7bef651,maintain test equipment,skill/competence,cross-sector
9889b795-d755-41b2-8afd-2e3c87a65a38,http://data.europa.eu/esco/skill/9889b795-d755-41b2-8afd-2e3c87a65a38,use customer relationship management software,skill/competence,cross-sector
988f4ac3-a37c-4b0a-a40f-4e0e56b5919e,http://data.europa.eu/esco/skill/988f4ac3-a37c-4b0a-a40f-4e0e56b5919e,promote the transfer of knowledge,skill/competence,cross-sector
989dc903-5838-4d84-8e04-e5b7a2ba97c5,http://data.europa.eu/esco/skill/989dc903-5838-4d84-8e04-e5b7a2ba97c5,apply safety management,skill/competence,cross-sector
98a1dec3-8138-4f46-a596-5e2a83b884b9,http://data.europa.eu/esco/skill/98a1dec3-8138-4f46-a596-5e2a83b884b9,business analytics,knowledge,sector-specific
98a57799-0146-4849-a1d2-41021c4b7b8f,http://data.europa.eu/esco/skill/98a57799-0146-4849-a1d2-41021c4b7b8f,blockchain applications security principles,knowledge,sector-specific
98b32477-cccd-47ea-8c85-d4a16b18af08,http://data.europa.eu/esco/skill/98b32477-cccd-47ea-8c85-d4a16b18af08,assist clients with personal development,skill/competence,sector-specific
99207709-d076-4cce-ba38-e90d3bb28806,http://data.europa.eu/esco/skill/99207709-d076-4cce-ba38-e90d3bb28806,resource description framework query language,knowledge,sector-specific
993b1e23-f2de-4bd8-b33f-f86dde1c8e9d,http://data.europa.eu/esco/skill/993b1e23-f2de-4bd8-b33f-f86dde1c8e9d,CoffeeScript,knowledge,sector-specific
99571e68-801f-49af-a897-5f75996642e1,http://data.europa.eu/esco/skill/99571e68-801f-49af-a897-5f75996642e1,financial analysis,knowledge,cross-sector
996243ee-543f-4c36-a31a-e0f2403c0c5d,http://data.europa.eu/esco/skill/996243ee-543f-4c36-a31a-e0f2403c0c5d,relate empathetically,skill/competence,cross-sector
9973a5a2-7822-4161-99e9-95c781eb63f8,http://data.europa.eu/esco/skill/9973a5a2-7822-4161-99e9-95c781eb63f8,Objective-C,knowledge,sector-specific
99b163e8-7815-43e2-83f3-a47f3076354c,http://data.europa.eu/esco/skill/99b163e8-7815-43e2-83f3-a47f3076354c,accounting entries,knowledge,cross-sector
99c45fa5-093a-4fb9-b682-4ca46e552e33,http://data.europa.eu/esco/skill/99c45fa5-093a-4fb9-b682-4ca46e552e33,develop transportation cost metrics,skill/competence,sector-specific
99c4c69a-025c-464f-adda-874c7f107a31,http://data.europa.eu/esco/skill/99c4c69a-025c-464f-adda-874c7f107a31,engage with stakeholders,skill/competence,cross-sector
99ca6ed2-b6b8-4eb0-8180-92e750e546be,http://data.europa.eu/esco/skill/99ca6ed2-b6b8-4eb0-8180-92e750e546be,liaise with quality assurance,skill/competence,cross-sector
99fc129e-360c-4174-9553-5c666a64a395,http://data.europa.eu/esco/skill/99fc129e-360c-4174-9553-5c666a64a395,prepare scientific reports,skill/competence,cross-sector
9a0d0abc-010d-440b-8242-7e31510471ba,http://data.europa.eu/esco/skill/9a0d0abc-010d-440b-8242-7e31510471ba,information governance compliance,knowledge,occupation-specific
9a16345b-337f-4c0b-a344-68182cd015c6,http://data.europa.eu/esco/skill/9a16345b-337f-4c0b-a344-68182cd015c6,intermodal options,knowledge,sector-specific
9a35cb50-8106-45f9-8aba-2df99dd6f913,http://data.europa.eu/esco/skill/9a35cb50-8106-45f9-8aba-2df99dd6f913,ABBYY FineReader,knowledge,sector-specific
9a58cd26-58eb-4a1c-b1b6-64037fe9cfa1,http://data.europa.eu/esco/skill/9a58cd26-58eb-4a1c-b1b6-64037fe9cfa1,think abstractly,skill/competence,cross-sector
9af252ce-bf4d-411b-8daa-beb91df4257d,http://data.europa.eu/esco/skill/9af252ce-bf4d-411b-8daa-beb91df4257d,channel marketing,knowledge,cross-sector
9b862976-aa05-4bde-8ed6-8f39790edd0f,http://data.europa.eu/esco/skill/9b862976-aa05-4bde-8ed6-8f39790edd0f,procurement legislation,knowledge,cross-sector
9b9dc550-351e-4dde-ac2b-7bd411e80e23,http://data.europa.eu/esco/skill/9b9dc550-351e-4dde-ac2b-7bd411e80e23,review distribution management procedures,skill/competence,sector-specific
9b9de2a4-d8af-4a7b-933a-a8334ae60067,http://data.europa.eu/esco/skill/9b9de2a4-d8af-4a7b-933a-a8334ae60067,JavaScript Framework,knowledge,sector-specific
9ba8fd27-275d-4bad-8c48-f668aa99a578,http://data.europa.eu/esco/skill/9ba8fd27-275d-4bad-8c48-f668aa99a578,balance database resources,skill/competence,sector-specific
9bb7a97a-1a16-431e-8ea6-ad0f9f59aa0a,http://data.europa.eu/esco/skill/9bb7a97a-1a16-431e-8ea6-ad0f9f59aa0a,control objectives for information and related technology,knowledge,occupation-specific
9bb92e10-a5a9-437e-8101-8be2d7f631ff,http://data.europa.eu/esco/skill/9bb92e10-a5a9-437e-8101-8be2d7f631ff,advise on legal decisions,skill/competence,cross-sector
9bbe0d37-822c-4096-8b56-8729e5783b4b,http://data.europa.eu/esco/skill/9bbe0d37-822c-4096-8b56-8729e5783b4b,implement procurement of innovation,skill/competence,sector-specific
9bcff7ef-1f9e-4054-b8fa-3c640e491a11,http://data.europa.eu/esco/skill/9bcff7ef-1f9e-4054-b8fa-3c640e491a11,design electric power systems,skill/competence,sector-specific
9be758b6-a45d-403c-8943-68390ee2c961,http://data.europa.eu/esco/skill/9be758b6-a45d-403c-8943-68390ee2c961,quantity surveying,knowledge,sector-specific
9c071f1d-eac3-449d-b004-c14775b5a3b9,http://data.europa.eu/esco/skill/9c071f1d-eac3-449d-b004-c14775b5a3b9,mechanical engineering,knowledge,sector-specific
9c6974e1-8d8b-43e9-b6b0-75da7634bfc9,http://data.europa.eu/esco/skill/9c6974e1-8d8b-43e9-b6b0-75da7634bfc9,fundamental analysis,knowledge,sector-specific
9c6e951f-aa88-4890-983d-e7a6ee49f5bb,http://data.europa.eu/esco/skill/9c6e951f-aa88-4890-983d-e7a6ee49f5bb,plan marketing campaigns,skill/competence,cross-sector
9cd87d80-9718-47e1-9ed4-cd85cbfebd0a,http://data.europa.eu/esco/skill/9cd87d80-9718-47e1-9ed4-cd85cbfebd0a,microassembly,knowledge,cross-sector
9ce52938-fe28-4548-b38d-0c783933e19a,http://data.europa.eu/esco/skill/9ce52938-fe28-4548-b38d-0c783933e19a,edit digital moving images,skill/competence,sector-specific
9ce670ec-318c-4a91-9179-03437db728dc,http://data.europa.eu/esco/skill/9ce670ec-318c-4a91-9179-03437db728dc,ICT software specifications,knowledge,sector-specific
9ce7c497-a019-435b-90ca-27b6889c2cb9,http://data.europa.eu/esco/skill/9ce7c497-a019-435b-90ca-27b6889c2cb9,estimate costs of installing telecommunication devices,skill/competence,sector-specific
9cf681c7-89ec-470c-b651-7fe03786f586,http://data.europa.eu/esco/skill/9cf681c7-89ec-470c-b651-7fe03786f586,query languages,knowledge,sector-specific
9d0d89be-bffa-4393-b6f6-8d05bea49051,http://data.europa.eu/esco/skill/9d0d89be-bffa-4393-b6f6-8d05bea49051,"data extraction, transformation and loading tools",knowledge,cross-sector
9d1b08b3-ba1e-41f6-a466-1ac1e62eb5f0,http://data.europa.eu/esco/skill/9d1b08b3-ba1e-41f6-a466-1ac1e62eb5f0,conduct ICT code review,skill/competence,sector-specific
9d2e926f-53d9-41f5-98f3-19dfaa687f3f,http://data.europa.eu/esco/skill/9d2e926f-53d9-41f5-98f3-19dfaa687f3f,tools for software configuration management,knowledge,sector-specific
9d2f77af-4307-4ac5-bc50-a9980cec7e83,http://data.europa.eu/esco/skill/9d2f77af-4307-4ac5-bc50-a9980cec7e83,develop reporting software,skill/competence,occupation-specific
9d5521f9-44d7-4db4-b7ac-0ba7d389f44d,http://data.europa.eu/esco/skill/9d5521f9-44d7-4db4-b7ac-0ba7d389f44d,liaise with colleagues,skill/competence,cross-sector
9d59f4e5-20a5-428e-b8b3-645043500457,http://data.europa.eu/esco/skill/9d59f4e5-20a5-428e-b8b3-645043500457,create a work atmosphere of continuous improvement,skill/competence,cross-sector
9d916d7c-89b3-4084-a6d9-e2b0b3091404,http://data.europa.eu/esco/skill/9d916d7c-89b3-4084-a6d9-e2b0b3091404,manage payroll,skill/competence,cross-sector
9d9ba780-4aa2-43d2-888c-95a41a713fb9,http://data.europa.eu/esco/skill/9d9ba780-4aa2-43d2-888c-95a41a713fb9,introduce new employees,skill/competence,cross-sector
9da22795-4383-4bea-9ac5-e80fdf16ece5,http://data.europa.eu/esco/skill/9da22795-4383-4bea-9ac5-e80fdf16ece5,perform debt investigation,skill/competence,cross-sector
9df34bc3-25d4-4452-a896-4d19b94ef896,http://data.europa.eu/esco/skill/9df34bc3-25d4-4452-a896-4d19b94ef896,keep personal administration,skill/competence,cross-sector
9e06bac6-6b91-48ca-8b7d-c1f48cdecd7c,http://data.europa.eu/esco/skill/9e06bac6-6b91-48ca-8b7d-c1f48cdecd7c,solve ICT system problems,skill/competence,cross-sector
9e14c1d8-72f2-45ba-815d-0d12e12d19fa,http://data.europa.eu/esco/skill/9e14c1d8-72f2-45ba-815d-0d12e12d19fa,create thematic maps,skill/competence,cross-sector
9e7ffb8a-e034-4024-8370-0cf68cd05352,http://data.europa.eu/esco/skill/9e7ffb8a-e034-4024-8370-0cf68cd05352,set tolerances,skill/competence,sector-specific
9e84a506-df06-4be3-874a-fa01293e3dd5,http://data.europa.eu/esco/skill/9e84a506-df06-4be3-874a-fa01293e3dd5,business processes,knowledge,cross-sector
9e9a4209-c7cf-4f6e-973e-dc2ffadccc74,http://data.europa.eu/esco/skill/9e9a4209-c7cf-4f6e-973e-dc2ffadccc74,perform procurement processes,skill/competence,cross-sector
9ec4252d-cbe8-4134-88fa-549dee1883f3,http://data.europa.eu/esco/skill/9ec4252d-cbe8-4134-88fa-549dee1883f3,human anatomy,knowledge,cross-sector
9ef0f3a0-9ce2-4ef1-a987-0366b5cb2dbe,http://data.europa.eu/esco/skill/9ef0f3a0-9ce2-4ef1-a987-0366b5cb2dbe,database development tools,knowledge,sector-specific
9effa3d7-c0c4-4583-ad94-b496ba5e5f2c,http://data.europa.eu/esco/skill/9effa3d7-c0c4-4583-ad94-b496ba5e5f2c,data mining methods,knowledge,cross-sector
9f10e94b-a43d-4772-9f60-24e9bbbdedb7,http://data.europa.eu/esco/skill/9f10e94b-a43d-4772-9f60-24e9bbbdedb7,maximise sales revenues,skill/competence,cross-sector
9f6946f7-60aa-409a-b33d-152f244299d8,http://data.europa.eu/esco/skill/9f6946f7-60aa-409a-b33d-152f244299d8,provide advice on breaches of regulation,skill/competence,cross-sector
9fc400ac-8ed2-4aff-915f-aa4f2609ec7b,http://data.europa.eu/esco/skill/9fc400ac-8ed2-4aff-915f-aa4f2609ec7b,multidisciplinary research,knowledge,cross-sector
9ff9db9d-d14b-426e-83f3-e7449af6c79f,http://data.europa.eu/esco/skill/9ff9db9d-d14b-426e-83f3-e7449af6c79f,manage data,skill/competence,sector-specific
a006ac4c-3585-43e9-ac1d-a89b80d28e1d,http://data.europa.eu/esco/skill/a006ac4c-3585-43e9-ac1d-a89b80d28e1d,assess prior learning,skill/competence,occupation-specific
a05ead02-1728-4d60-929c-7e7c3a87672c,http://data.europa.eu/esco/skill/a05ead02-1728-4d60-929c-7e7c3a87672c,operate financial instruments,skill/competence,cross-sector
a0bf9b9d-e53f-418c-a839-5d99eff718fe,http://data.europa.eu/esco/skill/a0bf9b9d-e53f-418c-a839-5d99eff718fe,conduct search engine optimisation,skill/competence,cross-sector
a0c4e4a2-9d7c-499d-af51-4e32dd028418,http://data.europa.eu/esco/skill/a0c4e4a2-9d7c-499d-af51-4e32dd028418,manage key performance indicators of call centres,skill/competence,sector-specific
a0d79341-8398-4019-ad1b-27888ec35aaa,http://data.europa.eu/esco/skill/a0d79341-8398-4019-ad1b-27888ec35aaa,use accounting systems,skill/competence,cross-sector
a0e23745-6ba4-45e2-9510-df6e71ed1230,http://data.europa.eu/esco/skill/a0e23745-6ba4-45e2-9510-df6e71ed1230,apply knowledge of human behaviour,skill/competence,cross-sector
a117f32c-662b-4dd9-b739-1230dd04cb60,http://data.europa.eu/esco/skill/a117f32c-662b-4dd9-b739-1230dd04cb60,pedagogy,knowledge,cross-sector
a125a4c2-3b0a-4996-9a63-57043d4d9159,http://data.europa.eu/esco/skill/a125a4c2-3b0a-4996-9a63-57043d4d9159,industrial tools,knowledge,sector-specific
a1388163-462a-4b76-8649-67470ea858a1,http://data.europa.eu/esco/skill/a1388163-462a-4b76-8649-67470ea858a1,search databases,skill/competence,cross-sector
a15dab55-f1da-4f85-ae3e-2b5c5b5333ca,http://data.europa.eu/esco/skill/a15dab55-f1da-4f85-ae3e-2b5c5b5333ca,provide high quality customer service,skill/competence,sector-specific
a1670c61-bc6a-4c40-9d98-88fb272f945a,http://data.europa.eu/esco/skill/a1670c61-bc6a-4c40-9d98-88fb272f945a,media formats,knowledge,sector-specific
a16e3fc6-c77d-46e3-aa18-c691fed47fd1,http://data.europa.eu/esco/skill/a16e3fc6-c77d-46e3-aa18-c691fed47fd1,freight transport methods,knowledge,cross-sector
a17286c5-238d-4f0b-bc24-29e9121345de,http://data.europa.eu/esco/skill/a17286c5-238d-4f0b-bc24-29e9121345de,listen actively,skill/competence,cross-sector
a1816dfd-dbdc-4499-bef3-ff81dd895b33,http://data.europa.eu/esco/skill/a1816dfd-dbdc-4499-bef3-ff81dd895b33,industrial engineering,knowledge,cross-sector
a1bbc0e9-58d1-4bbc-bf68-de5679bef07f,http://data.europa.eu/esco/skill/a1bbc0e9-58d1-4bbc-bf68-de5679bef07f,outdoor advertising,knowledge,sector-specific
a1eef0f4-133f-464a-a8f1-68fe3e8cc1b4,http://data.europa.eu/esco/skill/a1eef0f4-133f-464a-a8f1-68fe3e8cc1b4,healthcare analytics,knowledge,sector-specific
a1efea8f-62a8-4f9e-bd07-7d0c193f725e,http://data.europa.eu/esco/skill/a1efea8f-62a8-4f9e-bd07-7d0c193f725e,check official documents,skill/competence,cross-sector
a1f2e26f-b2ba-47dc-a0e8-8c53424a508d,http://data.europa.eu/esco/skill/a1f2e26f-b2ba-47dc-a0e8-8c53424a508d,apply certification and payment procedures,skill/competence,sector-specific
a1f79d57-2e4d-4876-a7ac-4ab19e0861dc,http://data.europa.eu/esco/skill/a1f79d57-2e4d-4876-a7ac-4ab19e0861dc,hear witness accounts,skill/competence,cross-sector
a2b5dcf3-5b6a-453d-876c-cff540c0faf1,http://data.europa.eu/esco/skill/a2b5dcf3-5b6a-453d-876c-cff540c0faf1,CAD software,knowledge,cross-sector
a2bd1707-d1b8-47f6-a720-bc2002000982,http://data.europa.eu/esco/skill/a2bd1707-d1b8-47f6-a720-bc2002000982,perform inspections required by international conventions,skill/competence,sector-specific
a2fef437-6719-47c2-8552-73b9fe81df86,http://data.europa.eu/esco/skill/a2fef437-6719-47c2-8552-73b9fe81df86,plan ICT capacity,skill/competence,occupation-specific
a3aa300b-6636-40fc-abe7-4ab3808dd742,http://data.europa.eu/esco/skill/a3aa300b-6636-40fc-abe7-4ab3808dd742,international law,knowledge,cross-sector
a3ce2bf7-5562-4639-9b52-fdb4850a3904,http://data.europa.eu/esco/skill/a3ce2bf7-5562-4639-9b52-fdb4850a3904,ICT problem management techniques,knowledge,sector-specific
a3e7ebba-5183-4df8-9203-35b9b9b8f4fa,http://data.europa.eu/esco/skill/a3e7ebba-5183-4df8-9203-35b9b9b8f4fa,collect customer data,skill/competence,sector-specific
a432ffcd-b58d-4417-836c-ea3282b626ca,http://data.europa.eu/esco/skill/a432ffcd-b58d-4417-836c-ea3282b626ca,run simulations,skill/competence,cross-sector
a4346013-a967-4a58-a533-6b32ad1364c5,http://data.europa.eu/esco/skill/a4346013-a967-4a58-a533-6b32ad1364c5,data protection,knowledge,sector-specific
a47d194d-0ffd-4aaa-b695-fbbe0255000e,http://data.europa.eu/esco/skill/a47d194d-0ffd-4aaa-b695-fbbe0255000e,design information system,skill/competence,sector-specific
a4881e54-6055-4e61-855a-0a56ced7cfa3,http://data.europa.eu/esco/skill/a4881e54-6055-4e61-855a-0a56ced7cfa3,web strategy assessment,knowledge,sector-specific
a4a882a1-0263-4dd2-b29a-f0028cac2393,http://data.europa.eu/esco/skill/a4a882a1-0263-4dd2-b29a-f0028cac2393,define integration strategy,skill/competence,sector-specific
a4b7f1be-7058-45e4-ac90-66580499187f,http://data.europa.eu/esco/skill/a4b7f1be-7058-45e4-ac90-66580499187f,plan events,skill/competence,cross-sector
a4bbd0d9-a6be-4472-b05d-291e60cf6b4b,http://data.europa.eu/esco/skill/a4bbd0d9-a6be-4472-b05d-291e60cf6b4b,develop business case,skill/competence,cross-sector
a4c2aa71-086f-4a46-b481-2619673c9dfe,http://data.europa.eu/esco/skill/a4c2aa71-086f-4a46-b481-2619673c9dfe,execute ICT user research activities,skill/competence,sector-specific
a4d336a6-9ffd-402a-91cc-f359716ba4e0,http://data.europa.eu/esco/skill/a4d336a6-9ffd-402a-91cc-f359716ba4e0,ML (computer programming),knowledge,sector-specific
a4e31589-3632-4926-91d0-15b889c90b9b,http://data.europa.eu/esco/skill/a4e31589-3632-4926-91d0-15b889c90b9b,IBM WebSphere,knowledge,sector-specific
a4e50b95-8962-4408-81f9-f5de71461276,http://data.europa.eu/esco/skill/a4e50b95-8962-4408-81f9-f5de71461276,calculate employee benefits,skill/competence,sector-specific
a56054aa-4ffd-4c8b-8b63-437435d98187,http://data.europa.eu/esco/skill/a56054aa-4ffd-4c8b-8b63-437435d98187,maintain trusts,skill/competence,cross-sector
a56dec32-05ef-45de-a256-ee6741f356db,http://data.europa.eu/esco/skill/a56dec32-05ef-45de-a256-ee6741f356db,information confidentiality,knowledge,sector-specific
a571ae14-3e16-4fd3-a615-5646e0b0b696,http://data.europa.eu/esco/skill/a571ae14-3e16-4fd3-a615-5646e0b0b696,inspect data,skill/competence,cross-sector
a572fd00-6735-428b-9fb1-fd2bf6262b21,http://data.europa.eu/esco/skill/a572fd00-6735-428b-9fb1-fd2bf6262b21,monitor online competitors,skill/competence,occupation-specific
a5735dd9-2e74-4fb1-b785-50b98498fc25,http://data.europa.eu/esco/skill/a5735dd9-2e74-4fb1-b785-50b98498fc25,manage sub-contract labour,skill/competence,cross-sector
a57a54b6-2f2e-43e4-9621-b52f4a63cb08,http://data.europa.eu/esco/skill/a57a54b6-2f2e-43e4-9621-b52f4a63cb08,LDAP,knowledge,sector-specific
a584a638-a2c0-4b3c-bdf3-a64f87225be9,http://data.europa.eu/esco/skill/a584a638-a2c0-4b3c-bdf3-a64f87225be9,mentor individuals,skill/competence,cross-sector
a59708e3-e654-4e37-8b8a-741c3b756eee,http://data.europa.eu/esco/skill/a59708e3-e654-4e37-8b8a-741c3b756eee,multimedia systems,knowledge,cross-sector
a5b0cd5c-e13a-4ab3-8d93-4d242adcfb01,http://data.europa.eu/esco/skill/a5b0cd5c-e13a-4ab3-8d93-4d242adcfb01,teamwork principles,knowledge,cross-sector
a6532ae5-efc4-4ca4-b172-c11471940d09,http://data.europa.eu/esco/skill/a6532ae5-efc4-4ca4-b172-c11471940d09,electronic business,knowledge,sector-specific
a69841b3-3607-4ede-b6e1-972d70cda24c,http://data.europa.eu/esco/skill/a69841b3-3607-4ede-b6e1-972d70cda24c,manage physical resources,skill/competence,sector-specific
a6ae7a34-5a5c-48dd-9b82-8beccca63e3c,http://data.europa.eu/esco/skill/a6ae7a34-5a5c-48dd-9b82-8beccca63e3c,ensure compliance with purchasing and contracting regulations,skill/competence,sector-specific
a6c06345-6ca0-42f2-b01e-bb4078fef1e2,http://data.europa.eu/esco/skill/a6c06345-6ca0-42f2-b01e-bb4078fef1e2,determine image composition,skill/competence,sector-specific
a6d697d1-80ba-4175-82d4-43440ed04270,http://data.europa.eu/esco/skill/a6d697d1-80ba-4175-82d4-43440ed04270,process refunds,skill/competence,sector-specific
a703b581-ad64-4791-8bb3-624aea569fa5,http://data.europa.eu/esco/skill/a703b581-ad64-4791-8bb3-624aea569fa5,maintain contract administration,skill/competence,cross-sector
a71577b2-7550-4222-88ee-dcbd2d881516,http://data.europa.eu/esco/skill/a71577b2-7550-4222-88ee-dcbd2d881516,graphics editor software,knowledge,sector-specific
a7242a8d-3762-42b7-b430-3369351bbd7d,http://data.europa.eu/esco/skill/a7242a8d-3762-42b7-b430-3369351bbd7d,colour grade images with digital intermediate,skill/competence,sector-specific
a727b46f-880a-4acb-9138-b7531b9d4121,http://data.europa.eu/esco/skill/a727b46f-880a-4acb-9138-b7531b9d4121,mortgage loans,knowledge,cross-sector
a7a14be2-78b5-4b4a-ba77-2658285e2756,http://data.europa.eu/esco/skill/a7a14be2-78b5-4b4a-ba77-2658285e2756,apply reverse engineering,skill/competence,sector-specific
a7b9e3cd-cd39-4ea1-b617-3f5b651fd535,http://data.europa.eu/esco/skill/a7b9e3cd-cd39-4ea1-b617-3f5b651fd535,conduct full-scale emergency plan exercises,skill/competence,cross-sector
a7f0fbe0-c546-4f30-8e41-34a58c64567e,http://data.europa.eu/esco/skill/a7f0fbe0-c546-4f30-8e41-34a58c64567e,data storage,knowledge,sector-specific
a800a15c-2d1b-4151-8bf3-b21d47f709a1,http://data.europa.eu/esco/skill/a800a15c-2d1b-4151-8bf3-b21d47f709a1,develop online community plan,skill/competence,sector-specific
a80fb090-63f4-4b05-83a5-2f090deb7757,http://data.europa.eu/esco/skill/a80fb090-63f4-4b05-83a5-2f090deb7757,manage data collection systems,skill/competence,sector-specific
a812b11d-6e0a-4c5a-87ae-02bcc5ccfc9c,http://data.europa.eu/esco/skill/a812b11d-6e0a-4c5a-87ae-02bcc5ccfc9c,work independently in sales,skill/competence,sector-specific
a8460be3-f4ba-44a0-a961-0389069a3614,http://data.europa.eu/esco/skill/a8460be3-f4ba-44a0-a961-0389069a3614,handle stressful situations in the work place,skill/competence,cross-sector
a846cb9e-c152-41e7-bd34-45e7ff941e3b,http://data.europa.eu/esco/skill/a846cb9e-c152-41e7-bd34-45e7ff941e3b,legal requirements of ICT products,knowledge,cross-sector
a8585efe-4011-47b2-9aed-cd01bd3652c0,http://data.europa.eu/esco/skill/a8585efe-4011-47b2-9aed-cd01bd3652c0,legal research,knowledge,cross-sector
a8797f21-1af0-4c5e-98ca-bf1442929363,http://data.europa.eu/esco/skill/a8797f21-1af0-4c5e-98ca-bf1442929363,interact with users to gather requirements,skill/competence,sector-specific
a87c1c42-8927-4183-97c7-a17554c22b29,http://data.europa.eu/esco/skill/a87c1c42-8927-4183-97c7-a17554c22b29,Litmos,knowledge,sector-specific
a88da605-095f-4a4f-be1c-d1444df8228a,http://data.europa.eu/esco/skill/a88da605-095f-4a4f-be1c-d1444df8228a,digital media,knowledge,cross-sector
a89a94fb-c417-49b4-a9a9-9a22e0f12697,http://data.europa.eu/esco/skill/a89a94fb-c417-49b4-a9a9-9a22e0f12697,manage data for legal matters,skill/competence,sector-specific
a8b25e83-4289-4687-bba3-e1d80c1fc73d,http://data.europa.eu/esco/skill/a8b25e83-4289-4687-bba3-e1d80c1fc73d,identify stress points of customer interaction,skill/competence,occupation-specific
a8b3957f-08b4-4a76-927d-0b2e3d0dbd39,http://data.europa.eu/esco/skill/a8b3957f-08b4-4a76-927d-0b2e3d0dbd39,synthesise research publications,skill/competence,cross-sector
a8d07b5a-c1a1-42c6-9d53-db9c7a2ca996,http://data.europa.eu/esco/skill/a8d07b5a-c1a1-42c6-9d53-db9c7a2ca996,PostgreSQL,knowledge,sector-specific
a8d24a95-47b3-4f88-92e7-06600bcd3612,http://data.europa.eu/esco/skill/a8d24a95-47b3-4f88-92e7-06600bcd3612,manage personal professional development,skill/competence,cross-sector
a8da58c7-42fc-4fd6-b25a-b06b74c00179,http://data.europa.eu/esco/skill/a8da58c7-42fc-4fd6-b25a-b06b74c00179,nanotechnology,knowledge,cross-sector
a8f2a095-9d03-43f0-980d-2b9fcc59a994,http://data.europa.eu/esco/skill/a8f2a095-9d03-43f0-980d-2b9fcc59a994,shape corporate culture,skill/competence,cross-sector
a93011ca-e6ab-4182-8a05-4d4b282cff27,http://data.europa.eu/esco/skill/a93011ca-e6ab-4182-8a05-4d4b282cff27,check quality of raw materials,skill/competence,cross-sector
a9622bbb-3a6f-4819-a3fe-cd6a447a78e9,http://data.europa.eu/esco/skill/a9622bbb-3a6f-4819-a3fe-cd6a447a78e9,Sakai,knowledge,sector-specific
a9640376-8d72-4a70-a4a3-7a18e2e8f3c0,http://data.europa.eu/esco/skill/a9640376-8d72-4a70-a4a3-7a18e2e8f3c0,advise on public finance,skill/competence,cross-sector
a99c6783-50c0-4f7a-99df-bf93429ef6dc,http://data.europa.eu/esco/skill/a99c6783-50c0-4f7a-99df-bf93429ef6dc,use precision tools,skill/competence,cross-sector
a9bf8565-8a09-4118-9922-932d65a79d69,http://data.europa.eu/esco/skill/a9bf8565-8a09-4118-9922-932d65a79d69,manage localisation,skill/competence,cross-sector
a9c205ef-365a-4ae4-b905-cb48ba761ff0,http://data.europa.eu/esco/skill/a9c205ef-365a-4ae4-b905-cb48ba761ff0,impart business plans to collaborators,skill/competence,cross-sector
a9dc9e40-14a6-4899-93ec-29d5c79c2ebd,http://data.europa.eu/esco/skill/a9dc9e40-14a6-4899-93ec-29d5c79c2ebd,manage procurement planning,skill/competence,sector-specific
aa0d8201-5a8e-417f-81f4-c04601139582,http://data.europa.eu/esco/skill/aa0d8201-5a8e-417f-81f4-c04601139582,digitization,knowledge,cross-sector
aa238394-8126-4ada-be2f-9dfe065cf314,http://data.europa.eu/esco/skill/aa238394-8126-4ada-be2f-9dfe065cf314,adhere to organisational guidelines,skill/competence,cross-sector
aa56a80c-b4d5-495c-9c15-70b5a7933911,http://data.europa.eu/esco/skill/aa56a80c-b4d5-495c-9c15-70b5a7933911,rhetoric,knowledge,cross-sector
aa7eac5f-dc9d-401a-b197-c9c455d78c95,http://data.europa.eu/esco/skill/aa7eac5f-dc9d-401a-b197-c9c455d78c95,integrate marketing strategies with the global strategy,skill/competence,cross-sector
aa8b0abf-7ff0-4fbb-b85e-5364badbf214,http://data.europa.eu/esco/skill/aa8b0abf-7ff0-4fbb-b85e-5364badbf214,create advertisements,skill/competence,sector-specific
aaa638f1-1027-47e6-a2fb-c4389f8dd27d,http://data.europa.eu/esco/skill/aaa638f1-1027-47e6-a2fb-c4389f8dd27d,develop microelectromechanical system test procedures,skill/competence,sector-specific
aaa84f7f-4006-4d9b-81e0-e8eeacdde025,http://data.europa.eu/esco/skill/aaa84f7f-4006-4d9b-81e0-e8eeacdde025,perform a feasibility study on biogas energy,skill/competence,sector-specific
ab1e97ed-2319-4293-a8b7-072d2648822f,http://data.europa.eu/esco/skill/ab1e97ed-2319-4293-a8b7-072d2648822f,database management systems,knowledge,sector-specific
ab20726a-14dd-4536-9aa1-6166bc1a5832,http://data.europa.eu/esco/skill/ab20726a-14dd-4536-9aa1-6166bc1a5832,evaluate cost of software products,skill/competence,occupation-specific
ab49f767-296b-47d5-af56-0b4a69515b03,http://data.europa.eu/esco/skill/ab49f767-296b-47d5-af56-0b4a69515b03,maintain ICT identity management,skill/competence,sector-specific
ab67fbfb-0ca7-4345-8bf6-af8f59480212,http://data.europa.eu/esco/skill/ab67fbfb-0ca7-4345-8bf6-af8f59480212,design database backup specifications,skill/competence,sector-specific
ab6b2887-0ecf-462d-8c9d-70da02e5d475,http://data.europa.eu/esco/skill/ab6b2887-0ecf-462d-8c9d-70da02e5d475,manage securities trading,skill/competence,sector-specific
ab927ee8-acd9-41c2-aef0-2020364a1003,http://data.europa.eu/esco/skill/ab927ee8-acd9-41c2-aef0-2020364a1003,principles of insurance,knowledge,sector-specific
ab95b8eb-b5ec-4f4f-9eb9-52c7912faee7,http://data.europa.eu/esco/skill/ab95b8eb-b5ec-4f4f-9eb9-52c7912faee7,purchase automotive equipment,skill/competence,occupation-specific
ab986bc4-df92-4351-9ac1-aa75af943cf7,http://data.europa.eu/esco/skill/ab986bc4-df92-4351-9ac1-aa75af943cf7,perform clerical duties,skill/competence,cross-sector
aba1f05b-f312-47d8-be71-7c574134de8f,http://data.europa.eu/esco/skill/aba1f05b-f312-47d8-be71-7c574134de8f,advertising techniques,knowledge,cross-sector
aba2e61d-ef78-45bd-a9bc-392a718d4877,http://data.europa.eu/esco/skill/aba2e61d-ef78-45bd-a9bc-392a718d4877,"heating, ventilation, air conditioning and refrigeration parts",knowledge,cross-sector
abdc7ac8-151f-40c6-bc1a-1e9b4b073290,http://data.europa.eu/esco/skill/abdc7ac8-151f-40c6-bc1a-1e9b4b073290,augmented reality,knowledge,cross-sector
ac516e9b-8bfa-4b72-8e3e-340b0a3a51d5,http://data.europa.eu/esco/skill/ac516e9b-8bfa-4b72-8e3e-340b0a3a51d5,manage content development projects,skill/competence,sector-specific
ac6ff889-328b-46ea-a8ee-e196443b2447,http://data.europa.eu/esco/skill/ac6ff889-328b-46ea-a8ee-e196443b2447,counsel clients,skill/competence,cross-sector
acf0a78c-f4e3-4bd9-a5cc-9cf4791b3b95,http://data.europa.eu/esco/skill/acf0a78c-f4e3-4bd9-a5cc-9cf4791b3b95,implement a virtual private network,skill/competence,sector-specific
acfaffa2-9607-44fd-b014-19b817362089,http://data.europa.eu/esco/skill/acfaffa2-9607-44fd-b014-19b817362089,microoptics,knowledge,sector-specific
ad28c970-6bc7-4fff-9c01-0f4d67769de3,http://data.europa.eu/esco/skill/ad28c970-6bc7-4fff-9c01-0f4d67769de3,develop revenue generation strategies,skill/competence,sector-specific
ad59afe4-6f8a-4bc4-acfd-0f228277508a,http://data.europa.eu/esco/skill/ad59afe4-6f8a-4bc4-acfd-0f228277508a,statistical analysis system software,knowledge,cross-sector
ad7dbf6b-7c37-42c0-8566-328249a3d21d,http://data.europa.eu/esco/skill/ad7dbf6b-7c37-42c0-8566-328249a3d21d,investigation research methods,knowledge,cross-sector
ad89f303-4ba6-4868-b0ca-b2ad341240ab,http://data.europa.eu/esco/skill/ad89f303-4ba6-4868-b0ca-b2ad341240ab,tourism sector policies,knowledge,sector-specific
ad903700-6511-4804-afc6-f9a2e9344a59,http://data.europa.eu/esco/skill/ad903700-6511-4804-afc6-f9a2e9344a59,draft bill of materials,skill/competence,cross-sector
adcca622-b933-4ba3-bc43-bf371879edc3,http://data.europa.eu/esco/skill/adcca622-b933-4ba3-bc43-bf371879edc3,data security principles,knowledge,sector-specific
ae25d3a9-a85f-415c-a601-806013ea8229,http://data.europa.eu/esco/skill/ae25d3a9-a85f-415c-a601-806013ea8229,compare contractors' bids,skill/competence,cross-sector
ae4ea3e1-3c1a-45b0-96a7-106988c053c0,http://data.europa.eu/esco/skill/ae4ea3e1-3c1a-45b0-96a7-106988c053c0,provide customer information related to repairs,skill/competence,sector-specific
ae4f0cc6-e0b9-47f5-bdca-2fc2e6316dce,http://data.europa.eu/esco/skill/ae4f0cc6-e0b9-47f5-bdca-2fc2e6316dce,manage ICT virtualisation environments,skill/competence,sector-specific
ae57a9c3-f761-4b03-be2b-99a781704c73,http://data.europa.eu/esco/skill/ae57a9c3-f761-4b03-be2b-99a781704c73,use sales forecasting softwares,skill/competence,cross-sector
ae6af2c6-890d-40a7-9849-326a8c21df76,http://data.europa.eu/esco/skill/ae6af2c6-890d-40a7-9849-326a8c21df76,coordinate advertising campaigns,skill/competence,cross-sector
ae6c1227-dd33-4df0-a64e-439cfdf948ea,http://data.europa.eu/esco/skill/ae6c1227-dd33-4df0-a64e-439cfdf948ea,develop food scanner devices,skill/competence,sector-specific
af0f7625-b9fc-4f97-a71d-d7c7648bfc35,http://data.europa.eu/esco/skill/af0f7625-b9fc-4f97-a71d-d7c7648bfc35,prepare paychecks,skill/competence,occupation-specific
af1df253-5103-46d7-a757-b17bf5a4e581,http://data.europa.eu/esco/skill/af1df253-5103-46d7-a757-b17bf5a4e581,operate surveying instruments,skill/competence,sector-specific
af2e97dc-fa66-421e-a793-ba4e4afa2dad,http://data.europa.eu/esco/skill/af2e97dc-fa66-421e-a793-ba4e4afa2dad,types of packaging used in industrial shipments,knowledge,sector-specific
af313ba1-a39e-49ac-99ec-94630fbe4f7f,http://data.europa.eu/esco/skill/af313ba1-a39e-49ac-99ec-94630fbe4f7f,develop code exploits,skill/competence,sector-specific
af607e5e-4ba1-4e5f-a2a6-dc05806567c7,http://data.europa.eu/esco/skill/af607e5e-4ba1-4e5f-a2a6-dc05806567c7,coordinate technological activities,skill/competence,sector-specific
af6ea157-8c10-4c5b-8015-0e184946127a,http://data.europa.eu/esco/skill/af6ea157-8c10-4c5b-8015-0e184946127a,outline blockchain-based identity management,skill/competence,cross-sector
af76c813-5c7f-4a08-a560-b4b70f96f3ff,http://data.europa.eu/esco/skill/af76c813-5c7f-4a08-a560-b4b70f96f3ff,evaluate interview reports,skill/competence,cross-sector
af7ae54f-4649-4c16-87c7-59ba41d4d57f,http://data.europa.eu/esco/skill/af7ae54f-4649-4c16-87c7-59ba41d4d57f,SPARK,knowledge,sector-specific
af8ca5cf-7fd1-4275-a886-e951c335d497,http://data.europa.eu/esco/skill/af8ca5cf-7fd1-4275-a886-e951c335d497,assist multimedia operator,skill/competence,sector-specific
afa14e38-5973-4cce-a077-f796c1ced2cc,http://data.europa.eu/esco/skill/afa14e38-5973-4cce-a077-f796c1ced2cc,blockchain,knowledge,sector-specific
afd49651-9119-4327-91fc-844a6dda1254,http://data.europa.eu/esco/skill/afd49651-9119-4327-91fc-844a6dda1254,conflict management,knowledge,cross-sector
afd63e8c-a4e7-42d3-86c9-3b2dd549a353,http://data.europa.eu/esco/skill/afd63e8c-a4e7-42d3-86c9-3b2dd549a353,Parrot Security OS,knowledge,sector-specific
afda6ca0-7aa8-41ef-ba5e-8dc607839daf,http://data.europa.eu/esco/skill/afda6ca0-7aa8-41ef-ba5e-8dc607839daf,computer graphics,knowledge,cross-sector
afdb41dd-5dd5-4fbb-bf9e-e041422698b4,http://data.europa.eu/esco/skill/afdb41dd-5dd5-4fbb-bf9e-e041422698b4,coordinate operational activities,skill/competence,cross-sector
afdcb380-ef9f-4785-b877-cc551f035034,http://data.europa.eu/esco/skill/afdcb380-ef9f-4785-b877-cc551f035034,agronomy,knowledge,cross-sector
afe9c5d2-e8bd-4377-9d2d-49b9589f05f9,http://data.europa.eu/esco/skill/afe9c5d2-e8bd-4377-9d2d-49b9589f05f9,analyse the credit history of potential customers,skill/competence,cross-sector
b0096dc5-2e2d-4bc1-8172-05bf486c3968,http://data.europa.eu/esco/skill/b0096dc5-2e2d-4bc1-8172-05bf486c3968,design application interfaces,skill/competence,sector-specific
b011c8b4-76e1-4bbc-8bb9-1d205e7b618a,http://data.europa.eu/esco/skill/b011c8b4-76e1-4bbc-8bb9-1d205e7b618a,market analysis,knowledge,cross-sector
b01444aa-6f62-4b7d-ab30-4385a9148580,http://data.europa.eu/esco/skill/b01444aa-6f62-4b7d-ab30-4385a9148580,personal reflection techniques based on feedback,knowledge,cross-sector
b0288eea-74b3-460a-8ac5-edc4ba70b75c,http://data.europa.eu/esco/skill/b0288eea-74b3-460a-8ac5-edc4ba70b75c,manage closed-circuit television system,skill/competence,cross-sector
b02b38c4-d46d-44da-9479-1310060bd74d,http://data.europa.eu/esco/skill/b02b38c4-d46d-44da-9479-1310060bd74d,asset management,knowledge,cross-sector
b04f377b-ee80-4b38-aca1-19d266a23b17,http://data.europa.eu/esco/skill/b04f377b-ee80-4b38-aca1-19d266a23b17,analyse business requirements,skill/competence,cross-sector
b0560439-14eb-41d1-aa53-1938efc24123,http://data.europa.eu/esco/skill/b0560439-14eb-41d1-aa53-1938efc24123,content marketing strategy,knowledge,cross-sector
b0565bd9-29c8-42f6-b174-702970fc2f4f,http://data.europa.eu/esco/skill/b0565bd9-29c8-42f6-b174-702970fc2f4f,produce sales reports,skill/competence,sector-specific
b078d38c-7dd4-4efc-b333-7633d8bf6259,http://data.europa.eu/esco/skill/b078d38c-7dd4-4efc-b333-7633d8bf6259,monitor stock market,skill/competence,cross-sector
b07daddc-8625-4360-946e-ad2b0e56ebf6,http://data.europa.eu/esco/skill/b07daddc-8625-4360-946e-ad2b0e56ebf6,read engineering drawings,skill/competence,cross-sector
b08ec8ff-1a3e-4cc3-8016-9520b21666a6,http://data.europa.eu/esco/skill/b08ec8ff-1a3e-4cc3-8016-9520b21666a6,exert expenditure control,skill/competence,cross-sector
b0a3bb25-a02f-43ed-ab1f-994fa66a424a,http://data.europa.eu/esco/skill/b0a3bb25-a02f-43ed-ab1f-994fa66a424a,online analytical processing,knowledge,sector-specific
b0ac313d-de44-4344-ada6-76d2177b6d92,http://data.europa.eu/esco/skill/b0ac313d-de44-4344-ada6-76d2177b6d92,Synfig,knowledge,sector-specific
b0b453d0-c5d2-4799-ab26-8d90b17d0e67,http://data.europa.eu/esco/skill/b0b453d0-c5d2-4799-ab26-8d90b17d0e67,develop account strategy,skill/competence,cross-sector
b105ec9b-0857-41d6-8d07-a83e58b73d90,http://data.europa.eu/esco/skill/b105ec9b-0857-41d6-8d07-a83e58b73d90,ICT system programming,knowledge,sector-specific
b1272de4-1f5f-408b-8b26-061f2550fc72,http://data.europa.eu/esco/skill/b1272de4-1f5f-408b-8b26-061f2550fc72,e-commerce systems,knowledge,sector-specific
b1604a2d-c26a-427d-bda9-b8073a319fe9,http://data.europa.eu/esco/skill/b1604a2d-c26a-427d-bda9-b8073a319fe9,adjust ICT system capacity,skill/competence,sector-specific
b16200f4-4f39-4b8b-aa9d-3568054d6bdb,http://data.europa.eu/esco/skill/b16200f4-4f39-4b8b-aa9d-3568054d6bdb,Open source model,knowledge,sector-specific
b16bcbcb-1d3f-42b3-a6a5-b91348a72b70,http://data.europa.eu/esco/skill/b16bcbcb-1d3f-42b3-a6a5-b91348a72b70,WildFly,knowledge,sector-specific
b17f4305-741a-4a1c-8fe8-6f11cb3d5c0a,http://data.europa.eu/esco/skill/b17f4305-741a-4a1c-8fe8-6f11cb3d5c0a,business communication,knowledge,cross-sector
b191a064-0c14-424e-8582-8c9f8c9f305a,http://data.europa.eu/esco/skill/b191a064-0c14-424e-8582-8c9f8c9f305a,create brand guidelines,skill/competence,occupation-specific
b1a1149a-9bc5-468d-9d09-f6d171cfd619,http://data.europa.eu/esco/skill/b1a1149a-9bc5-468d-9d09-f6d171cfd619,value properties,skill/competence,cross-sector
b1b118c4-3291-484e-b64d-6d51fd5da8b3,http://data.europa.eu/esco/skill/b1b118c4-3291-484e-b64d-6d51fd5da8b3,environmental engineering,knowledge,cross-sector
b1fd9eda-3d2e-48ef-9c1d-0ba318e3c7e6,http://data.europa.eu/esco/skill/b1fd9eda-3d2e-48ef-9c1d-0ba318e3c7e6,supervise work,skill/competence,cross-sector
b215031a-dd21-48b1-a998-75d6373838d8,http://data.europa.eu/esco/skill/b215031a-dd21-48b1-a998-75d6373838d8,communicate with customer service department,skill/competence,sector-specific
b216d9a2-7d4e-4312-8d05-e375f4ab44d8,http://data.europa.eu/esco/skill/b216d9a2-7d4e-4312-8d05-e375f4ab44d8,ensure cross-department cooperation,skill/competence,cross-sector
b21e2984-c6b2-4352-bbe8-8f3b03bd50f6,http://data.europa.eu/esco/skill/b21e2984-c6b2-4352-bbe8-8f3b03bd50f6,medical informatics,knowledge,cross-sector
b22e46d7-1c5f-4837-943f-7f75531acc26,http://data.europa.eu/esco/skill/b22e46d7-1c5f-4837-943f-7f75531acc26,identify necessary human resources,skill/competence,cross-sector
b251544f-7b92-46d5-8e14-97f59ce1c7dc,http://data.europa.eu/esco/skill/b251544f-7b92-46d5-8e14-97f59ce1c7dc,promote innovative infrastructure design,skill/competence,sector-specific
b27411a8-c401-4241-841b-c742ae32a8d3,http://data.europa.eu/esco/skill/b27411a8-c401-4241-841b-c742ae32a8d3,micromechanics,knowledge,cross-sector
b293aa52-8ead-42b7-96ef-de4fb0654c28,http://data.europa.eu/esco/skill/b293aa52-8ead-42b7-96ef-de4fb0654c28,air transport law,knowledge,sector-specific
b2a9587a-49a4-4384-b134-0d394be806e3,http://data.europa.eu/esco/skill/b2a9587a-49a4-4384-b134-0d394be806e3,adapt teaching to target group,skill/competence,cross-sector
b2f9eb81-eda4-49a9-8453-3ba345da2d98,http://data.europa.eu/esco/skill/b2f9eb81-eda4-49a9-8453-3ba345da2d98,convert into animated object,skill/competence,sector-specific
b32e593b-cc7f-4f38-bf50-e69431ec7ada,http://data.europa.eu/esco/skill/b32e593b-cc7f-4f38-bf50-e69431ec7ada,demonstrate when teaching,skill/competence,cross-sector
b343772a-0442-439c-b955-6d8a393bccc7,http://data.europa.eu/esco/skill/b343772a-0442-439c-b955-6d8a393bccc7,organise job search workshops,skill/competence,cross-sector
b34e2ba1-9080-48c9-9b42-ee9192a4d3f1,http://data.europa.eu/esco/skill/b34e2ba1-9080-48c9-9b42-ee9192a4d3f1,use CAD software,skill/competence,cross-sector
b363bb5f-2c79-40af-94da-33e06f9dee9f,http://data.europa.eu/esco/skill/b363bb5f-2c79-40af-94da-33e06f9dee9f,apply blended learning,skill/competence,cross-sector
b386e189-12c5-4df6-b1db-059eb3f6dd88,http://data.europa.eu/esco/skill/b386e189-12c5-4df6-b1db-059eb3f6dd88,precision measuring instruments,knowledge,cross-sector
b3a4924a-f793-485c-8dc1-54e12198d95d,http://data.europa.eu/esco/skill/b3a4924a-f793-485c-8dc1-54e12198d95d,property law,knowledge,cross-sector
b3c8eada-b0a8-4b61-968b-b354fbfb6874,http://data.europa.eu/esco/skill/b3c8eada-b0a8-4b61-968b-b354fbfb6874,configure ICT system,skill/competence,sector-specific
b3f22ab4-b553-439d-80a2-5b8ae6d11e0d,http://data.europa.eu/esco/skill/b3f22ab4-b553-439d-80a2-5b8ae6d11e0d,labour law,knowledge,sector-specific
b4057ecb-06d6-45db-a352-ce73e3fd991d,http://data.europa.eu/esco/skill/b4057ecb-06d6-45db-a352-ce73e3fd991d,blockchain history,knowledge,sector-specific
b422efe7-b151-4120-86ae-db11a48dd0fa,http://data.europa.eu/esco/skill/b422efe7-b151-4120-86ae-db11a48dd0fa,advise on environmental remediation,skill/competence,cross-sector
b42b1578-709f-4b59-b23a-fe4bfc7f6b9b,http://data.europa.eu/esco/skill/b42b1578-709f-4b59-b23a-fe4bfc7f6b9b,check system parameters against reference values,skill/competence,cross-sector
b4832996-b36c-40b2-b54e-780325b2546e,http://data.europa.eu/esco/skill/b4832996-b36c-40b2-b54e-780325b2546e,adapt training to labour market,skill/competence,cross-sector
b4877620-c375-45f3-a678-2ddb4dae6a29,http://data.europa.eu/esco/skill/b4877620-c375-45f3-a678-2ddb4dae6a29,repair ICT devices,skill/competence,sector-specific
b497a163-daf4-4f1b-a6ba-8c640d803979,http://data.europa.eu/esco/skill/b497a163-daf4-4f1b-a6ba-8c640d803979,debt systems,knowledge,cross-sector
b4dc6e4f-dc7d-445f-8ce2-d7b9d225e282,http://data.europa.eu/esco/skill/b4dc6e4f-dc7d-445f-8ce2-d7b9d225e282,AJAX,knowledge,sector-specific
b535516b-9f8a-4c29-b6aa-a0a4561e1086,http://data.europa.eu/esco/skill/b535516b-9f8a-4c29-b6aa-a0a4561e1086,call quality assurance management,knowledge,cross-sector
b552832c-ad26-4901-b76c-232a53c74aba,http://data.europa.eu/esco/skill/b552832c-ad26-4901-b76c-232a53c74aba,coordinate electricity generation,skill/competence,sector-specific
b5af495b-61f1-4330-9891-dca56d97d714,http://data.europa.eu/esco/skill/b5af495b-61f1-4330-9891-dca56d97d714,communicate with youth,skill/competence,cross-sector
b5c7e0dc-dda3-4790-a7d1-d6d8023b3089,http://data.europa.eu/esco/skill/b5c7e0dc-dda3-4790-a7d1-d6d8023b3089,database quality standards,knowledge,sector-specific
b5cb259e-83e7-48f5-950e-245d5b5fd6d0,http://data.europa.eu/esco/skill/b5cb259e-83e7-48f5-950e-245d5b5fd6d0,draft accounting procedures,skill/competence,cross-sector
b5feaf25-3975-4e74-85fd-4470e344ba2e,http://data.europa.eu/esco/skill/b5feaf25-3975-4e74-85fd-4470e344ba2e,advise on tax policy,skill/competence,cross-sector
b633eb55-8f1f-4ae6-ab4c-2022ffe2cb7f,http://data.europa.eu/esco/skill/b633eb55-8f1f-4ae6-ab4c-2022ffe2cb7f,C++,knowledge,sector-specific
b63ba4e4-ebf4-4e17-b0d6-662244022a4f,http://data.europa.eu/esco/skill/b63ba4e4-ebf4-4e17-b0d6-662244022a4f,provide guidelines for content development,skill/competence,sector-specific
b64b9863-5ed3-49c7-8fd3-5324fabeda5d,http://data.europa.eu/esco/skill/b64b9863-5ed3-49c7-8fd3-5324fabeda5d,interpret geophysical data,skill/competence,sector-specific
b679ef35-eebf-4da8-8e45-fee6841c3214,http://data.europa.eu/esco/skill/b679ef35-eebf-4da8-8e45-fee6841c3214,collaborate in the development of marketing strategies,skill/competence,cross-sector
b6b2e665-1085-4f4d-9973-e979721815d7,http://data.europa.eu/esco/skill/b6b2e665-1085-4f4d-9973-e979721815d7,assist clients with special needs,skill/competence,cross-sector
b6d14ab8-3441-4cbe-8a0e-5b4f7f994730,http://data.europa.eu/esco/skill/b6d14ab8-3441-4cbe-8a0e-5b4f7f994730,develop digital educational materials,skill/competence,cross-sector
b74fd765-e1ae-4f56-a188-45cd782bca01,http://data.europa.eu/esco/skill/b74fd765-e1ae-4f56-a188-45cd782bca01,assess reliability of data,skill/competence,cross-sector
b761de43-013f-42cf-89db-f307b05cd2e9,http://data.europa.eu/esco/skill/b761de43-013f-42cf-89db-f307b05cd2e9,repair medical devices,skill/competence,cross-sector
b769f524-0f25-44d7-8538-5c46710a040e,http://data.europa.eu/esco/skill/b769f524-0f25-44d7-8538-5c46710a040e,manage digital documents,skill/competence,cross-sector
b78f324d-e16c-43f8-97d2-50d3a7cd1fb3,http://data.europa.eu/esco/skill/b78f324d-e16c-43f8-97d2-50d3a7cd1fb3,work with virtual learning environments,skill/competence,cross-sector
b7c8f418-08d5-45d6-b697-ab26c6ecbfb4,http://data.europa.eu/esco/skill/b7c8f418-08d5-45d6-b697-ab26c6ecbfb4,ensure client orientation,skill/competence,cross-sector
b7dbaaab-ea76-4f23-b45c-69d715b52f43,http://data.europa.eu/esco/skill/b7dbaaab-ea76-4f23-b45c-69d715b52f43,develop licensing agreements,skill/competence,cross-sector
b7e57889-a84f-440c-9e60-459aa69979e9,http://data.europa.eu/esco/skill/b7e57889-a84f-440c-9e60-459aa69979e9,analyse supply chain trends,skill/competence,sector-specific
b7eabcd9-d1c5-4028-9dcc-57c536d5a2e8,http://data.europa.eu/esco/skill/b7eabcd9-d1c5-4028-9dcc-57c536d5a2e8,assist in will writing,skill/competence,occupation-specific
b8271c8a-cba6-4baa-80f5-6361af3f07e3,http://data.europa.eu/esco/skill/b8271c8a-cba6-4baa-80f5-6361af3f07e3,ensure adherence to organisational ICT standards,skill/competence,sector-specific
b8316819-feca-403d-902f-a86562fd91e9,http://data.europa.eu/esco/skill/b8316819-feca-403d-902f-a86562fd91e9,analyse transport business networks,skill/competence,cross-sector
b8656b5c-e3f0-4418-82ff-87b5f677f9e8,http://data.europa.eu/esco/skill/b8656b5c-e3f0-4418-82ff-87b5f677f9e8,disseminate information on tax legislation,skill/competence,cross-sector
b895bd42-0009-4815-a150-eb9eb5caec21,http://data.europa.eu/esco/skill/b895bd42-0009-4815-a150-eb9eb5caec21,stock market,knowledge,cross-sector
b8b2a035-38f0-4c0e-94ee-edefc266c643,http://data.europa.eu/esco/skill/b8b2a035-38f0-4c0e-94ee-edefc266c643,microelectromechanical systems,knowledge,sector-specific
b8c01891-e3df-4a4b-948d-95b45e1788f5,http://data.europa.eu/esco/skill/b8c01891-e3df-4a4b-948d-95b45e1788f5,mobile device software frameworks,knowledge,sector-specific
b8d93b59-618a-47b5-8952-97cecc030cbb,http://data.europa.eu/esco/skill/b8d93b59-618a-47b5-8952-97cecc030cbb,select photographic equipment,skill/competence,sector-specific
b8df1689-6763-437d-bfca-fe03d43f36c3,http://data.europa.eu/esco/skill/b8df1689-6763-437d-bfca-fe03d43f36c3,Computer Assisted Language Learning,knowledge,occupation-specific
b8eb2517-37d8-43e6-9856-9c29d5c51fde,http://data.europa.eu/esco/skill/b8eb2517-37d8-43e6-9856-9c29d5c51fde,Filemaker (database management systems),knowledge,sector-specific
b91535d7-1265-455d-a565-901e2eafa883,http://data.europa.eu/esco/skill/b91535d7-1265-455d-a565-901e2eafa883,lead technology development of an organisation,skill/competence,sector-specific
b92758d4-4591-4df1-9ceb-f907aa71ebd9,http://data.europa.eu/esco/skill/b92758d4-4591-4df1-9ceb-f907aa71ebd9,use measurement instruments,skill/competence,cross-sector
b928ae44-b19f-49c7-a823-b09094de1063,http://data.europa.eu/esco/skill/b928ae44-b19f-49c7-a823-b09094de1063,repair equipment on site,skill/competence,cross-sector
b997afc1-19a7-4208-8010-fa0ffef15799,http://data.europa.eu/esco/skill/b997afc1-19a7-4208-8010-fa0ffef15799,manage archive users guidelines,skill/competence,sector-specific
b99aa3b8-0066-46b2-a027-30afae444ad8,http://data.europa.eu/esco/skill/b99aa3b8-0066-46b2-a027-30afae444ad8,implement sales strategies,skill/competence,sector-specific
b9aad733-959a-4178-984f-53e4bd05b420,http://data.europa.eu/esco/skill/b9aad733-959a-4178-984f-53e4bd05b420,maintain internet protocol configuration,skill/competence,sector-specific
b9bb1f03-15e2-4079-943e-7e483b21725b,http://data.europa.eu/esco/skill/b9bb1f03-15e2-4079-943e-7e483b21725b,give constructive feedback,skill/competence,cross-sector
b9bf9e17-ae47-417b-bbb1-e8b7c263ccac,http://data.europa.eu/esco/skill/b9bf9e17-ae47-417b-bbb1-e8b7c263ccac,identify legal requirements,skill/competence,cross-sector
b9efc4b5-0266-43e3-a7e3-064d09bcf90a,http://data.europa.eu/esco/skill/b9efc4b5-0266-43e3-a7e3-064d09bcf90a,inspect taxation documents,skill/competence,cross-sector
b9f16465-56a9-426b-a047-0f9f1f95ec92,http://data.europa.eu/esco/skill/b9f16465-56a9-426b-a047-0f9f1f95ec92,address problems critically,skill/competence,cross-sector
ba04b19b-0b18-4d5c-b799-4db31a98e58d,http://data.europa.eu/esco/skill/ba04b19b-0b18-4d5c-b799-4db31a98e58d,BlackBerry,knowledge,sector-specific
ba1b0441-a6b8-4e57-8ccc-871012f63e42,http://data.europa.eu/esco/skill/ba1b0441-a6b8-4e57-8ccc-871012f63e42,trading software,knowledge,sector-specific
ba2c6181-b036-40b4-8f6d-51499463ccbb,http://data.europa.eu/esco/skill/ba2c6181-b036-40b4-8f6d-51499463ccbb,develop company strategies,skill/competence,cross-sector
ba9260ba-1c8d-495e-94f1-f7cab7e73cea,http://data.europa.eu/esco/skill/ba9260ba-1c8d-495e-94f1-f7cab7e73cea,social security law,knowledge,cross-sector
bac209e9-d337-4312-9041-17c2e75fa4df,http://data.europa.eu/esco/skill/bac209e9-d337-4312-9041-17c2e75fa4df,hardware industry,knowledge,cross-sector
bacbfc27-4b5d-47de-8bfd-af5fa27562a2,http://data.europa.eu/esco/skill/bacbfc27-4b5d-47de-8bfd-af5fa27562a2,design prototypes,skill/competence,cross-sector
bacea2c7-5b2f-499f-99ee-665ffad6d64e,http://data.europa.eu/esco/skill/bacea2c7-5b2f-499f-99ee-665ffad6d64e,manage location logistics,skill/competence,occupation-specific
bad66a63-4e3f-41f9-9e5d-a4d5f12f8d36,http://data.europa.eu/esco/skill/bad66a63-4e3f-41f9-9e5d-a4d5f12f8d36,create GIS reports,skill/competence,cross-sector
baf1fadb-975a-42be-9744-d8ba02304d09,http://data.europa.eu/esco/skill/baf1fadb-975a-42be-9744-d8ba02304d09,Samurai Web Testing Framework,knowledge,sector-specific
bb165899-d95f-4433-95f2-173fefd716d2,http://data.europa.eu/esco/skill/bb165899-d95f-4433-95f2-173fefd716d2,develop statistical software,skill/competence,cross-sector
bb2b4485-2bad-402f-8517-44bf7d9afff4,http://data.europa.eu/esco/skill/bb2b4485-2bad-402f-8517-44bf7d9afff4,implement anti-virus software,skill/competence,sector-specific
bb562019-5222-45db-a16c-730edbb1d27c,http://data.europa.eu/esco/skill/bb562019-5222-45db-a16c-730edbb1d27c,define ICT network design policies,skill/competence,occupation-specific
bb663409-5c88-4e3a-bc16-01aa1c8ce171,http://data.europa.eu/esco/skill/bb663409-5c88-4e3a-bc16-01aa1c8ce171,plan health and safety procedures,skill/competence,cross-sector
bb99af26-71ff-4dca-bde7-1eb1f6194426,http://data.europa.eu/esco/skill/bb99af26-71ff-4dca-bde7-1eb1f6194426,SAP R3,knowledge,sector-specific
bbbd263e-affb-4ec8-84fb-3e5d9e62306b,http://data.europa.eu/esco/skill/bbbd263e-affb-4ec8-84fb-3e5d9e62306b,model hardware,skill/competence,sector-specific
bbd57056-80e0-45bb-a2c1-658ed99a1251,http://data.europa.eu/esco/skill/bbd57056-80e0-45bb-a2c1-658ed99a1251,conduct performance tests,skill/competence,cross-sector
bc067d2e-e151-408f-8e34-24effd2b7fd6,http://data.europa.eu/esco/skill/bc067d2e-e151-408f-8e34-24effd2b7fd6,use e-procurement,skill/competence,sector-specific
bc0b0b5d-f6be-405a-b224-b6902a4dbe97,http://data.europa.eu/esco/skill/bc0b0b5d-f6be-405a-b224-b6902a4dbe97,manage digital identity,skill/competence,cross-sector
bc70f963-c1c0-49a5-b940-3e28e163db45,http://data.europa.eu/esco/skill/bc70f963-c1c0-49a5-b940-3e28e163db45,plan measures to safeguard cultural heritage,skill/competence,sector-specific
bc8db683-947d-456b-ba8a-be711b777fda,http://data.europa.eu/esco/skill/bc8db683-947d-456b-ba8a-be711b777fda,manage allocation of tourism services,skill/competence,occupation-specific
bca1830e-9e96-4788-b7d5-8f4ce41be9d2,http://data.europa.eu/esco/skill/bca1830e-9e96-4788-b7d5-8f4ce41be9d2,keep up-to-date on manufacturer's policies,skill/competence,sector-specific
bcadc519-00f4-43bc-9373-054f4ac717cb,http://data.europa.eu/esco/skill/bcadc519-00f4-43bc-9373-054f4ac717cb,modern portfolio theory,knowledge,cross-sector
bcd2ce08-ba12-4d66-865f-f4ba36419707,http://data.europa.eu/esco/skill/bcd2ce08-ba12-4d66-865f-f4ba36419707,promote inclusion,skill/competence,cross-sector
bceb723f-a74b-40e5-8187-f2e0904b6261,http://data.europa.eu/esco/skill/bceb723f-a74b-40e5-8187-f2e0904b6261,assess customer credibility,skill/competence,sector-specific
bd14968e-e409-45af-b362-3495ed7b10e0,http://data.europa.eu/esco/skill/bd14968e-e409-45af-b362-3495ed7b10e0,cloud technologies,knowledge,sector-specific
bd2bb675-b745-48d5-88eb-e27273781bfa,http://data.europa.eu/esco/skill/bd2bb675-b745-48d5-88eb-e27273781bfa,engage artistic staff,skill/competence,occupation-specific
bd698bbe-7003-4508-b422-46c2ff4d5e95,http://data.europa.eu/esco/skill/bd698bbe-7003-4508-b422-46c2ff4d5e95,business strategy concepts,knowledge,cross-sector
bd832a82-b079-4001-80d1-f59efed33688,http://data.europa.eu/esco/skill/bd832a82-b079-4001-80d1-f59efed33688,create risk reports,skill/competence,cross-sector
bda0d115-f315-453e-99dc-f8b0e5862db3,http://data.europa.eu/esco/skill/bda0d115-f315-453e-99dc-f8b0e5862db3,ensure compliance with policies,skill/competence,cross-sector
bdcac0c8-b77a-4640-9eaf-c0cf3efd1e23,http://data.europa.eu/esco/skill/bdcac0c8-b77a-4640-9eaf-c0cf3efd1e23,process payments,skill/competence,cross-sector
bdf5ca62-9053-4652-b5e4-4eb95c271945,http://data.europa.eu/esco/skill/bdf5ca62-9053-4652-b5e4-4eb95c271945,organisational learning,knowledge,occupation-specific
bdffa651-96a7-42f8-9d8d-1504c3b7811c,http://data.europa.eu/esco/skill/bdffa651-96a7-42f8-9d8d-1504c3b7811c,maintain photographic equipment,skill/competence,sector-specific
be0ff6d8-5e61-4021-9c89-e40cf0b75cc6,http://data.europa.eu/esco/skill/be0ff6d8-5e61-4021-9c89-e40cf0b75cc6,measure software usability,skill/competence,sector-specific
be20d05c-f6b4-4580-9fcf-f00f4baab562,http://data.europa.eu/esco/skill/be20d05c-f6b4-4580-9fcf-f00f4baab562,make data-driven decisions,skill/competence,cross-sector
be252635-341e-4b1c-b94f-aef362b645ed,http://data.europa.eu/esco/skill/be252635-341e-4b1c-b94f-aef362b645ed,business loans,knowledge,cross-sector
be40c4c3-a855-4d67-9ca5-6f4428c34b0d,http://data.europa.eu/esco/skill/be40c4c3-a855-4d67-9ca5-6f4428c34b0d,provide written content,skill/competence,cross-sector
be48353d-25c7-4f86-bea9-7b9e248fbc6e,http://data.europa.eu/esco/skill/be48353d-25c7-4f86-bea9-7b9e248fbc6e,interpret technical requirements,skill/competence,sector-specific
be64bb4c-84ac-4c83-8cc7-fc8593e15136,http://data.europa.eu/esco/skill/be64bb4c-84ac-4c83-8cc7-fc8593e15136,test system accessibility for users with special needs,skill/competence,sector-specific
be727774-46d7-43d7-aee9-1a51b5cd8c71,http://data.europa.eu/esco/skill/be727774-46d7-43d7-aee9-1a51b5cd8c71,carry out statistical forecasts,skill/competence,cross-sector
be80acfc-b6f2-4411-9b8d-b19d9cd2556a,http://data.europa.eu/esco/skill/be80acfc-b6f2-4411-9b8d-b19d9cd2556a,Swift (computer programming),knowledge,sector-specific
bec4359e-cb92-468f-a997-8fb28e32fba9,http://data.europa.eu/esco/skill/bec4359e-cb92-468f-a997-8fb28e32fba9,ICT project management methodologies,knowledge,sector-specific
bedd8fa7-5a64-4134-9095-58f5709e25e4,http://data.europa.eu/esco/skill/bedd8fa7-5a64-4134-9095-58f5709e25e4,Moodle,knowledge,sector-specific
bee296bc-48f7-4df6-bd2c-8616c8a6c8de,http://data.europa.eu/esco/skill/bee296bc-48f7-4df6-bd2c-8616c8a6c8de,design hardware,skill/competence,sector-specific
bf12b461-1c53-4d81-a395-8ba77f7483c4,http://data.europa.eu/esco/skill/bf12b461-1c53-4d81-a395-8ba77f7483c4,investment analysis,knowledge,sector-specific
bf1f763e-c505-46e7-8af3-e48f13ec5f44,http://data.europa.eu/esco/skill/bf1f763e-c505-46e7-8af3-e48f13ec5f44,control engineering,knowledge,cross-sector
bf298db2-b90e-4739-85ca-9c3003103fab,http://data.europa.eu/esco/skill/bf298db2-b90e-4739-85ca-9c3003103fab,manage software localisation,skill/competence,occupation-specific
bf40aa7c-1e99-40bb-a718-1e1492aaf00f,http://data.europa.eu/esco/skill/bf40aa7c-1e99-40bb-a718-1e1492aaf00f,identify market niches,skill/competence,cross-sector
bf59255e-782a-4e83-a93c-6055cfdd8e7f,http://data.europa.eu/esco/skill/bf59255e-782a-4e83-a93c-6055cfdd8e7f,draw blueprints,skill/competence,cross-sector
bf5d77ad-e18c-48d8-83f0-bc79c011c74a,http://data.europa.eu/esco/skill/bf5d77ad-e18c-48d8-83f0-bc79c011c74a,develop professional network,skill/competence,cross-sector
bf6c5ed4-84af-440f-abcc-7fa5ba19c738,http://data.europa.eu/esco/skill/bf6c5ed4-84af-440f-abcc-7fa5ba19c738,real-time computing,knowledge,occupation-specific
bf7ea00f-db77-4a95-9b9f-2d12b6d9fcb4,http://data.europa.eu/esco/skill/bf7ea00f-db77-4a95-9b9f-2d12b6d9fcb4,implement ICT network diagnostic tools,skill/competence,sector-specific
bf942c60-8539-4951-83ee-63f770da1cb8,http://data.europa.eu/esco/skill/bf942c60-8539-4951-83ee-63f770da1cb8,program a CNC controller,skill/competence,cross-sector
bf9879fa-f1fc-4f17-8dcb-ece29ea61682,http://data.europa.eu/esco/skill/bf9879fa-f1fc-4f17-8dcb-ece29ea61682,report accounts of the professional activity,skill/competence,sector-specific
bf987b9a-64f3-44b7-98f1-a60e4585b69b,http://data.europa.eu/esco/skill/bf987b9a-64f3-44b7-98f1-a60e4585b69b,prepare purchasing reportings,skill/competence,sector-specific
bfe4f330-d595-48c7-ab3c-f309471d6953,http://data.europa.eu/esco/skill/bfe4f330-d595-48c7-ab3c-f309471d6953,psychology,knowledge,cross-sector
c022ff1b-7783-4e64-89ef-0422c81ff51f,http://data.europa.eu/esco/skill/c022ff1b-7783-4e64-89ef-0422c81ff51f,design microelectromechanical systems,skill/competence,cross-sector
c0326e27-5fa8-4dca-aecb-ed89ab491513,http://data.europa.eu/esco/skill/c0326e27-5fa8-4dca-aecb-ed89ab491513,prepare visual data,skill/competence,cross-sector
c051d374-68f8-4ad7-83b2-d7884fc0555d,http://data.europa.eu/esco/skill/c051d374-68f8-4ad7-83b2-d7884fc0555d,create media schedule,skill/competence,cross-sector
c062bab3-3ea0-4291-9220-a2d8fef4bead,http://data.europa.eu/esco/skill/c062bab3-3ea0-4291-9220-a2d8fef4bead,SQL Server,knowledge,sector-specific
c06b0686-927e-45be-867e-aab1cc601728,http://data.europa.eu/esco/skill/c06b0686-927e-45be-867e-aab1cc601728,issue sales quotations for repairs or maintenance,skill/competence,occupation-specific
c0799f81-9955-463a-b071-4f1c82719aa8,http://data.europa.eu/esco/skill/c0799f81-9955-463a-b071-4f1c82719aa8,manage the handling of promotional materials,skill/competence,cross-sector
c0949c80-94c5-4bf1-8e05-ebed75807c01,http://data.europa.eu/esco/skill/c0949c80-94c5-4bf1-8e05-ebed75807c01,liaise with board members,skill/competence,sector-specific
c09bf6d4-f8a7-40f3-aead-ef01643f2352,http://data.europa.eu/esco/skill/c09bf6d4-f8a7-40f3-aead-ef01643f2352,achieve sales targets,skill/competence,cross-sector
c09c5786-a479-46de-b0aa-d5d2d8ccc123,http://data.europa.eu/esco/skill/c09c5786-a479-46de-b0aa-d5d2d8ccc123,manage customer service,skill/competence,sector-specific
c0b74374-39ff-43cf-a0a9-6220c7ec5097,http://data.europa.eu/esco/skill/c0b74374-39ff-43cf-a0a9-6220c7ec5097,implement efficiency plans for logistics operations,skill/competence,cross-sector
c0c1a23f-c6d2-4bd5-836f-9ca7b91c3847,http://data.europa.eu/esco/skill/c0c1a23f-c6d2-4bd5-836f-9ca7b91c3847,law of non-marital cohabitation,knowledge,cross-sector
c0ccbd15-36f3-4515-ae0b-b4062d225ee2,http://data.europa.eu/esco/skill/c0ccbd15-36f3-4515-ae0b-b4062d225ee2,abide by regulations on banned materials,skill/competence,sector-specific
c0e2f74c-51f0-4020-9756-d190848cf181,http://data.europa.eu/esco/skill/c0e2f74c-51f0-4020-9756-d190848cf181,integrate content into output media,skill/competence,sector-specific
c0fc7d2d-d013-40d7-bc58-75cf3771153f,http://data.europa.eu/esco/skill/c0fc7d2d-d013-40d7-bc58-75cf3771153f,perform minor repairs to equipment,skill/competence,cross-sector
c135fe47-dbc1-4acc-a7ac-5818a29e74f1,http://data.europa.eu/esco/skill/c135fe47-dbc1-4acc-a7ac-5818a29e74f1,assess seizable goods,skill/competence,sector-specific
c1388df1-47bd-4fd5-8b71-dce7886ef21b,http://data.europa.eu/esco/skill/c1388df1-47bd-4fd5-8b71-dce7886ef21b,sales department processes,knowledge,cross-sector
c13fb093-5ffb-491a-b8b7-fa2d42a57e2e,http://data.europa.eu/esco/skill/c13fb093-5ffb-491a-b8b7-fa2d42a57e2e,implement cloud security and compliance,skill/competence,sector-specific
c15cd412-922c-47fc-bca3-602a5627d376,http://data.europa.eu/esco/skill/c15cd412-922c-47fc-bca3-602a5627d376,provide advice on trademarks,skill/competence,cross-sector
c15e9da0-6177-4afd-93f4-65655374ad8a,http://data.europa.eu/esco/skill/c15e9da0-6177-4afd-93f4-65655374ad8a,provide advertisement samples,skill/competence,sector-specific
c1750417-79c3-442d-844f-50d65fb812e9,http://data.europa.eu/esco/skill/c1750417-79c3-442d-844f-50d65fb812e9,radiological photography,knowledge,occupation-specific
c1df8590-4b5a-4598-84a1-431f639ba66c,http://data.europa.eu/esco/skill/c1df8590-4b5a-4598-84a1-431f639ba66c,analyse ICT technical proposals,skill/competence,occupation-specific
c1e2f8ab-43e1-49c7-8427-8923b90922c2,http://data.europa.eu/esco/skill/c1e2f8ab-43e1-49c7-8427-8923b90922c2,advise on legal services,skill/competence,cross-sector
c1eb6a1a-e830-482a-8f13-f5c2f5b11b5d,http://data.europa.eu/esco/skill/c1eb6a1a-e830-482a-8f13-f5c2f5b11b5d,manage hospitality revenue,skill/competence,cross-sector
c1f29568-f2bb-49d2-b6c2-28748bd1629b,http://data.europa.eu/esco/skill/c1f29568-f2bb-49d2-b6c2-28748bd1629b,manage online content,skill/competence,sector-specific
c2218533-3e2a-4f50-b4fd-afde71dcf442,http://data.europa.eu/esco/skill/c2218533-3e2a-4f50-b4fd-afde71dcf442,edit recorded sound,skill/competence,sector-specific
c2296e2e-5fef-4f24-a24f-e5b3792268be,http://data.europa.eu/esco/skill/c2296e2e-5fef-4f24-a24f-e5b3792268be,provide ICT support,skill/competence,cross-sector
c241f5a5-e23f-47bf-ad24-d83ea0010166,http://data.europa.eu/esco/skill/c241f5a5-e23f-47bf-ad24-d83ea0010166,ensure proper document management,skill/competence,cross-sector
c2617b44-886a-485e-8393-bc0fc6339539,http://data.europa.eu/esco/skill/c2617b44-886a-485e-8393-bc0fc6339539,management consulting,knowledge,sector-specific
c26c7d9d-f9cf-4147-b774-c63e050ebe87,http://data.europa.eu/esco/skill/c26c7d9d-f9cf-4147-b774-c63e050ebe87,enforce customer's debt repayment,skill/competence,cross-sector
c281ebab-c698-495b-9916-abdb7dc78c50,http://data.europa.eu/esco/skill/c281ebab-c698-495b-9916-abdb7dc78c50,follow ethical code of conduct of journalists,skill/competence,sector-specific
c2999f0c-eb37-4cdf-b9b0-82107b628794,http://data.europa.eu/esco/skill/c2999f0c-eb37-4cdf-b9b0-82107b628794,style sheet languages,knowledge,cross-sector
c2cbbccf-4ffd-4626-86e7-505b39c872a0,http://data.europa.eu/esco/skill/c2cbbccf-4ffd-4626-86e7-505b39c872a0,implement spam protection,skill/competence,sector-specific
c2d48b3a-1f91-4442-8f18-6c43a589737b,http://data.europa.eu/esco/skill/c2d48b3a-1f91-4442-8f18-6c43a589737b,develop media strategy,skill/competence,cross-sector
c2e5cdbf-22cc-4741-9529-9750ba552c4f,http://data.europa.eu/esco/skill/c2e5cdbf-22cc-4741-9529-9750ba552c4f,measure call quality,skill/competence,sector-specific
c2fddf67-6b53-4cd4-8483-82e97e0f2a81,http://data.europa.eu/esco/skill/c2fddf67-6b53-4cd4-8483-82e97e0f2a81,evaluate industrial hygiene,skill/competence,cross-sector
c32ad607-0c4d-4e34-b73f-668298f7bf13,http://data.europa.eu/esco/skill/c32ad607-0c4d-4e34-b73f-668298f7bf13,apply technical communication skills,skill/competence,cross-sector
c32c9c44-6a83-42e8-9dba-09b3582335b1,http://data.europa.eu/esco/skill/c32c9c44-6a83-42e8-9dba-09b3582335b1,create underwriting guidelines,skill/competence,sector-specific
c330db31-7fa9-4a8c-8ad6-baa957bcfed1,http://data.europa.eu/esco/skill/c330db31-7fa9-4a8c-8ad6-baa957bcfed1,install operating system,skill/competence,cross-sector
c33dd5ae-ae72-49d7-8dcf-8bc72e59fe78,http://data.europa.eu/esco/skill/c33dd5ae-ae72-49d7-8dcf-8bc72e59fe78,civil law,knowledge,cross-sector
c35b19ad-b06f-44e8-be9f-c20c68750346,http://data.europa.eu/esco/skill/c35b19ad-b06f-44e8-be9f-c20c68750346,monitor loan portfolio,skill/competence,sector-specific
c362f415-9cdf-4328-9cf0-651443857a48,http://data.europa.eu/esco/skill/c362f415-9cdf-4328-9cf0-651443857a48,advise on government policy compliance,skill/competence,cross-sector
c3687b34-fe53-4db2-ad1b-5055a6c5b6fd,http://data.europa.eu/esco/skill/c3687b34-fe53-4db2-ad1b-5055a6c5b6fd,organise project meetings,skill/competence,cross-sector
c36b7871-f5ff-481a-a05e-6df005d1b822,http://data.europa.eu/esco/skill/c36b7871-f5ff-481a-a05e-6df005d1b822,promote facilities management services,skill/competence,sector-specific
c3a03c5a-c260-4c26-9b9a-873abb396f4d,http://data.europa.eu/esco/skill/c3a03c5a-c260-4c26-9b9a-873abb396f4d,MATLAB,knowledge,sector-specific
c3c2420c-ce9a-4371-8eed-1db479c3a562,http://data.europa.eu/esco/skill/c3c2420c-ce9a-4371-8eed-1db479c3a562,write scientific publications,skill/competence,cross-sector
c3e36d05-8ae8-447f-bb2b-6f9409f85389,http://data.europa.eu/esco/skill/c3e36d05-8ae8-447f-bb2b-6f9409f85389,deliver visual presentation of data,skill/competence,cross-sector
c4271d05-0713-4e14-8086-8f91c9dbda02,http://data.europa.eu/esco/skill/c4271d05-0713-4e14-8086-8f91c9dbda02,define geographic sales areas,skill/competence,cross-sector
c4272323-cce6-4535-ac71-4f6841f4f89a,http://data.europa.eu/esco/skill/c4272323-cce6-4535-ac71-4f6841f4f89a,organisational structure,knowledge,cross-sector
c44b3ddd-1a5a-4a3d-9dc2-a1f0b0d5e25f,http://data.europa.eu/esco/skill/c44b3ddd-1a5a-4a3d-9dc2-a1f0b0d5e25f,investigate customer complaints of food products,skill/competence,sector-specific
c453cf81-6197-428e-84c6-70c773b63f27,http://data.europa.eu/esco/skill/c453cf81-6197-428e-84c6-70c773b63f27,ICT architectural frameworks,knowledge,sector-specific
c46cf6f9-8b1e-44b9-a529-f5774c9167dd,http://data.europa.eu/esco/skill/c46cf6f9-8b1e-44b9-a529-f5774c9167dd,desktop publishing,knowledge,cross-sector
c475b9cd-148b-4854-b13e-1e1a86231943,http://data.europa.eu/esco/skill/c475b9cd-148b-4854-b13e-1e1a86231943,consult with design team,skill/competence,sector-specific
c4867766-50f8-489e-98d7-262da5589c0a,http://data.europa.eu/esco/skill/c4867766-50f8-489e-98d7-262da5589c0a,solar products,knowledge,cross-sector
c49eb4a4-7b5f-44e6-b346-7153879ac86b,http://data.europa.eu/esco/skill/c49eb4a4-7b5f-44e6-b346-7153879ac86b,industrial heating systems,knowledge,cross-sector
c4b1f326-224a-420a-b8b3-814a8f13b6cb,http://data.europa.eu/esco/skill/c4b1f326-224a-420a-b8b3-814a8f13b6cb,implement front-end website design,skill/competence,sector-specific
c4b5eec1-2da9-4353-acd4-fbbf929123e2,http://data.europa.eu/esco/skill/c4b5eec1-2da9-4353-acd4-fbbf929123e2,trade securities,skill/competence,cross-sector
c4b626c1-e71c-44ec-9f88-042766f37fcc,http://data.europa.eu/esco/skill/c4b626c1-e71c-44ec-9f88-042766f37fcc,application usability,knowledge,sector-specific
c4ba511c-dc24-44bc-8bc5-10b2d4a191fb,http://data.europa.eu/esco/skill/c4ba511c-dc24-44bc-8bc5-10b2d4a191fb,blockchain design patterns,knowledge,sector-specific
c4f8c22a-63f2-47d5-9721-d560f1f042b8,http://data.europa.eu/esco/skill/c4f8c22a-63f2-47d5-9721-d560f1f042b8,provide information on education financing,skill/competence,sector-specific
c4f9fdcd-c0c4-4360-a7e9-64a55fc13263,http://data.europa.eu/esco/skill/c4f9fdcd-c0c4-4360-a7e9-64a55fc13263,analyse shipping rates,skill/competence,sector-specific
c503729b-8f91-43f6-82b8-522b92826656,http://data.europa.eu/esco/skill/c503729b-8f91-43f6-82b8-522b92826656,consult credit score,skill/competence,sector-specific
c52f0765-ee9e-4842-acbe-adc69b1ebe82,http://data.europa.eu/esco/skill/c52f0765-ee9e-4842-acbe-adc69b1ebe82,encourage counselled clients to examine themselves,skill/competence,sector-specific
c5449667-9b40-4114-8d74-f51177669984,http://data.europa.eu/esco/skill/c5449667-9b40-4114-8d74-f51177669984,policy analysis,knowledge,sector-specific
c544a9f3-5945-4b54-afed-de0697852817,http://data.europa.eu/esco/skill/c544a9f3-5945-4b54-afed-de0697852817,report analysis results,skill/competence,cross-sector
c55caed2-de9e-4a25-819e-a0b0e83fba1b,http://data.europa.eu/esco/skill/c55caed2-de9e-4a25-819e-a0b0e83fba1b,give live presentation,skill/competence,cross-sector
c5646d72-c082-44fd-b47e-c4b0ec59ebbd,http://data.europa.eu/esco/skill/c5646d72-c082-44fd-b47e-c4b0ec59ebbd,ensure contract termination and follow-up,skill/competence,occupation-specific
c57fbedb-6e0b-49cf-9ba2-cf431d61972e,http://data.europa.eu/esco/skill/c57fbedb-6e0b-49cf-9ba2-cf431d61972e,manage claims process,skill/competence,cross-sector
c58050e1-0774-4097-93d2-07dd7ba6a27a,http://data.europa.eu/esco/skill/c58050e1-0774-4097-93d2-07dd7ba6a27a,organise facilities for office personnel,skill/competence,cross-sector
c5a135be-218d-48e6-a422-5225a576dcd8,http://data.europa.eu/esco/skill/c5a135be-218d-48e6-a422-5225a576dcd8,manage project metrics,skill/competence,cross-sector
c5b90c0c-3af0-4c8c-a06c-cc3ced02242c,http://data.europa.eu/esco/skill/c5b90c0c-3af0-4c8c-a06c-cc3ced02242c,perform cost accounting activities,skill/competence,cross-sector
c5bc42be-4970-4dce-80e2-af78bae42e84,http://data.europa.eu/esco/skill/c5bc42be-4970-4dce-80e2-af78bae42e84,manage maintenance operations,skill/competence,cross-sector
c5c51528-ccfc-4c53-b409-c200aaa44222,http://data.europa.eu/esco/skill/c5c51528-ccfc-4c53-b409-c200aaa44222,liaise with engineers,skill/competence,cross-sector
c5d018ca-f6fa-4cc0-b209-43df46e56d48,http://data.europa.eu/esco/skill/c5d018ca-f6fa-4cc0-b209-43df46e56d48,analyse customer service surveys,skill/competence,cross-sector
c5e8abde-d2ba-4e8e-a65e-720b71180666,http://data.europa.eu/esco/skill/c5e8abde-d2ba-4e8e-a65e-720b71180666,unstructured data,knowledge,sector-specific
c5ed451b-ef39-47a3-aee7-8f5be0aa8431,http://data.europa.eu/esco/skill/c5ed451b-ef39-47a3-aee7-8f5be0aa8431,CA Datacom/DB,knowledge,sector-specific
c5f8613b-5546-4295-8b26-7bf977d401f0,http://data.europa.eu/esco/skill/c5f8613b-5546-4295-8b26-7bf977d401f0,create insurance policies,skill/competence,cross-sector
c606cb12-9c63-4d2d-a58a-934b1dd3a0a8,http://data.europa.eu/esco/skill/c606cb12-9c63-4d2d-a58a-934b1dd3a0a8,develop public relations strategies,skill/competence,cross-sector
c64c4f42-253b-4d53-8637-fd00d86100c7,http://data.europa.eu/esco/skill/c64c4f42-253b-4d53-8637-fd00d86100c7,develop working procedures,skill/competence,cross-sector
c6543651-d743-4e12-be72-c81d1eaf4541,http://data.europa.eu/esco/skill/c6543651-d743-4e12-be72-c81d1eaf4541,estimate damage,skill/competence,sector-specific
c65aa043-98da-4136-9877-494e72d9e4cf,http://data.europa.eu/esco/skill/c65aa043-98da-4136-9877-494e72d9e4cf,interact with healthcare users,skill/competence,cross-sector
c65ac31c-fdaf-4e87-beca-8ed952c3aa35,http://data.europa.eu/esco/skill/c65ac31c-fdaf-4e87-beca-8ed952c3aa35,biogas energy,knowledge,sector-specific
c683335e-b862-44a5-9d37-fc85b39cf022,http://data.europa.eu/esco/skill/c683335e-b862-44a5-9d37-fc85b39cf022,establish communication with foreign cultures,skill/competence,cross-sector
c68e4cc4-b842-4660-a84c-48f11c70f657,http://data.europa.eu/esco/skill/c68e4cc4-b842-4660-a84c-48f11c70f657,legal department processes,knowledge,sector-specific
c69587b4-05d3-45bb-b79b-9b85e6603fc2,http://data.europa.eu/esco/skill/c69587b4-05d3-45bb-b79b-9b85e6603fc2,provide technical expertise,skill/competence,cross-sector
c6e308b4-8799-4461-a9bd-560bdecb0dbb,http://data.europa.eu/esco/skill/c6e308b4-8799-4461-a9bd-560bdecb0dbb,human resources department processes,knowledge,cross-sector
c7194910-5738-45e9-9932-22dbe2293a0c,http://data.europa.eu/esco/skill/c7194910-5738-45e9-9932-22dbe2293a0c,send faulty equipment back to assembly line,skill/competence,cross-sector
c73ea1b8-e121-4f91-b8f0-dee4ee28d6ec,http://data.europa.eu/esco/skill/c73ea1b8-e121-4f91-b8f0-dee4ee28d6ec,plan schedule,skill/competence,cross-sector
c7451027-8249-405a-bb1b-342ff0f3fb3b,http://data.europa.eu/esco/skill/c7451027-8249-405a-bb1b-342ff0f3fb3b,Salt (tools for software configuration management),knowledge,sector-specific
c753a3b5-d5cc-406d-adfe-3372bb267f4b,http://data.europa.eu/esco/skill/c753a3b5-d5cc-406d-adfe-3372bb267f4b,maintain customer records,skill/competence,cross-sector
c779cf40-506b-44b6-a366-b3bff0a5e11a,http://data.europa.eu/esco/skill/c779cf40-506b-44b6-a366-b3bff0a5e11a,use intranet,skill/competence,occupation-specific
c77db25e-bb51-4a10-b2ad-99b48b1b4a37,http://data.europa.eu/esco/skill/c77db25e-bb51-4a10-b2ad-99b48b1b4a37,maintain computer hardware,skill/competence,cross-sector
c7b1e520-8921-46dd-b444-e0637323bb7f,http://data.europa.eu/esco/skill/c7b1e520-8921-46dd-b444-e0637323bb7f,use photographic equipment,skill/competence,sector-specific
c7b26d6a-f1f3-45e9-ab8d-959c9ad16720,http://data.europa.eu/esco/skill/c7b26d6a-f1f3-45e9-ab8d-959c9ad16720,public auction procedures,knowledge,cross-sector
c7cc6dc5-d56b-4323-8e5c-47c4022f615f,http://data.europa.eu/esco/skill/c7cc6dc5-d56b-4323-8e5c-47c4022f615f,quality assurance methodologies,knowledge,cross-sector
c7d24594-0c11-4b27-9039-fe0bb903da8e,http://data.europa.eu/esco/skill/c7d24594-0c11-4b27-9039-fe0bb903da8e,LINQ,knowledge,sector-specific
c7e686a1-d03e-4641-a229-68247fdc5887,http://data.europa.eu/esco/skill/c7e686a1-d03e-4641-a229-68247fdc5887,legal terminology,knowledge,cross-sector
c81c9ea3-4689-4146-9076-24dd175c69bc,http://data.europa.eu/esco/skill/c81c9ea3-4689-4146-9076-24dd175c69bc,carry out active selling,skill/competence,sector-specific
c842be42-81b3-40f2-904c-ea8790ac88bd,http://data.europa.eu/esco/skill/c842be42-81b3-40f2-904c-ea8790ac88bd,negotiate supplier arrangements,skill/competence,cross-sector
c881ddd2-9c0e-4743-bd24-36be650493dd,http://data.europa.eu/esco/skill/c881ddd2-9c0e-4743-bd24-36be650493dd,manage several projects,skill/competence,cross-sector
c8ab7e5b-b786-412f-a519-dfd93517b698,http://data.europa.eu/esco/skill/c8ab7e5b-b786-412f-a519-dfd93517b698,study media sources,skill/competence,sector-specific
c8ac1986-38fa-43b2-89dc-50a4beeb420e,http://data.europa.eu/esco/skill/c8ac1986-38fa-43b2-89dc-50a4beeb420e,electricity,knowledge,cross-sector
c8b4b02c-d9ce-4e24-ab43-5dd52c6dff48,http://data.europa.eu/esco/skill/c8b4b02c-d9ce-4e24-ab43-5dd52c6dff48,advise on carbon emissions reduction,skill/competence,cross-sector
c8de8023-ab8a-402b-a828-b2b57cd3b2f7,http://data.europa.eu/esco/skill/c8de8023-ab8a-402b-a828-b2b57cd3b2f7,install software,skill/competence,cross-sector
c8fa4313-80b0-4f37-8b1b-1739707bc362,http://data.europa.eu/esco/skill/c8fa4313-80b0-4f37-8b1b-1739707bc362,teach digital literacy,skill/competence,cross-sector
c927ec6e-9082-4b22-afd3-0c4e219eaf73,http://data.europa.eu/esco/skill/c927ec6e-9082-4b22-afd3-0c4e219eaf73,ensure equipment maintenance,skill/competence,cross-sector
c93527bc-6668-4c34-b1a1-47bcaf97c5ed,http://data.europa.eu/esco/skill/c93527bc-6668-4c34-b1a1-47bcaf97c5ed,perfume and cosmetic products,knowledge,sector-specific
c94dd931-f568-48e2-9a1c-922f1ce21f67,http://data.europa.eu/esco/skill/c94dd931-f568-48e2-9a1c-922f1ce21f67,demography,knowledge,cross-sector
c95c29fe-3971-46b7-80e9-1f7e75ba99b3,http://data.europa.eu/esco/skill/c95c29fe-3971-46b7-80e9-1f7e75ba99b3,use specific data analysis software,skill/competence,occupation-specific
c9956564-e281-4c1b-9d62-b412400fb0cb,http://data.europa.eu/esco/skill/c9956564-e281-4c1b-9d62-b412400fb0cb,respond to requests for logistics services from all over the world,skill/competence,occupation-specific
c9b6aa32-6c42-4903-8e5a-23e43edf03fc,http://data.europa.eu/esco/skill/c9b6aa32-6c42-4903-8e5a-23e43edf03fc,online moderation techniques,knowledge,sector-specific
c9c3c4f3-7519-414d-87f7-bbc1b751776d,http://data.europa.eu/esco/skill/c9c3c4f3-7519-414d-87f7-bbc1b751776d,apply for patents,skill/competence,cross-sector
c9e96450-421d-48af-9ee6-d9c50e29afc2,http://data.europa.eu/esco/skill/c9e96450-421d-48af-9ee6-d9c50e29afc2,ICT recovery techniques,knowledge,sector-specific
c9f4efcd-e16a-4515-a0cb-60c6c479853d,http://data.europa.eu/esco/skill/c9f4efcd-e16a-4515-a0cb-60c6c479853d,actuarial science,knowledge,sector-specific
ca1844f3-933d-468f-9c2a-ae67c618ce88,http://data.europa.eu/esco/skill/ca1844f3-933d-468f-9c2a-ae67c618ce88,revise questionnaires,skill/competence,cross-sector
ca71c597-51c2-4ead-a7b0-b108bce89caf,http://data.europa.eu/esco/skill/ca71c597-51c2-4ead-a7b0-b108bce89caf,cognitive computing,knowledge,sector-specific
ca73ac82-867a-4afa-9732-834aebe896ff,http://data.europa.eu/esco/skill/ca73ac82-867a-4afa-9732-834aebe896ff,ICT system user requirements,knowledge,sector-specific
ca8c5849-2655-44b3-b2fa-c4c0e2a04aeb,http://data.europa.eu/esco/skill/ca8c5849-2655-44b3-b2fa-c4c0e2a04aeb,replace machines,skill/competence,cross-sector
caadb26a-f5a4-4bd1-a630-d508fb616ae2,http://data.europa.eu/esco/skill/caadb26a-f5a4-4bd1-a630-d508fb616ae2,manage logistics pricing systems,skill/competence,occupation-specific
cace7a77-38b7-4cdf-8171-e17692bef5f6,http://data.europa.eu/esco/skill/cace7a77-38b7-4cdf-8171-e17692bef5f6,respond to customers' inquiries,skill/competence,cross-sector
cae4146d-71d8-46a8-9a90-748a63c22f25,http://data.europa.eu/esco/skill/cae4146d-71d8-46a8-9a90-748a63c22f25,advise on patents,skill/competence,cross-sector
cae4c053-05d1-413d-8499-f37793aad56e,http://data.europa.eu/esco/skill/cae4c053-05d1-413d-8499-f37793aad56e,audio editing software,knowledge,cross-sector
cafc2723-c308-4058-9921-61306b5de924,http://data.europa.eu/esco/skill/cafc2723-c308-4058-9921-61306b5de924,fasten components,skill/competence,cross-sector
cb059032-dd34-4761-a786-98cfb9d0efe3,http://data.europa.eu/esco/skill/cb059032-dd34-4761-a786-98cfb9d0efe3,explain accounting records,skill/competence,cross-sector
cb1a2fbf-242d-4a4e-a466-588378f124c1,http://data.europa.eu/esco/skill/cb1a2fbf-242d-4a4e-a466-588378f124c1,operate scientific measuring equipment,skill/competence,cross-sector
cb1b0777-0388-4b01-a0cf-7c6bbfbbd61d,http://data.europa.eu/esco/skill/cb1b0777-0388-4b01-a0cf-7c6bbfbbd61d,review development process of an organisation,skill/competence,sector-specific
cb4c6d77-0444-49f9-9264-39fc4585bc0e,http://data.europa.eu/esco/skill/cb4c6d77-0444-49f9-9264-39fc4585bc0e,prepare government funding dossiers,skill/competence,cross-sector
cb5cccc9-abe4-4b11-abe6-d27e5cd85fb1,http://data.europa.eu/esco/skill/cb5cccc9-abe4-4b11-abe6-d27e5cd85fb1,manage standards for data exchange,skill/competence,sector-specific
cb668e89-6ef5-4ff3-ab4a-506010e7e70b,http://data.europa.eu/esco/skill/cb668e89-6ef5-4ff3-ab4a-506010e7e70b,manage a team,skill/competence,cross-sector
cb885129-ec40-4b9c-8064-5900dbceeb4f,http://data.europa.eu/esco/skill/cb885129-ec40-4b9c-8064-5900dbceeb4f,constitutional law,knowledge,cross-sector
cb89a5c0-b5cb-4c62-8e7e-7714631b66b5,http://data.europa.eu/esco/skill/cb89a5c0-b5cb-4c62-8e7e-7714631b66b5,create semantic trees,skill/competence,sector-specific
cbdce1f8-affe-4013-a519-283fa8ec1f6e,http://data.europa.eu/esco/skill/cbdce1f8-affe-4013-a519-283fa8ec1f6e,set sales goals,skill/competence,sector-specific
cbe2c304-1e7d-489a-97d9-a7d3e37a9db6,http://data.europa.eu/esco/skill/cbe2c304-1e7d-489a-97d9-a7d3e37a9db6,apply ICT systems theory,skill/competence,sector-specific
cc0b95b8-5fae-4ee2-851e-9b1e9fa178be,http://data.europa.eu/esco/skill/cc0b95b8-5fae-4ee2-851e-9b1e9fa178be,manage employee complaints,skill/competence,cross-sector
cc3b901c-4d66-48f8-90b9-41883be1e1ed,http://data.europa.eu/esco/skill/cc3b901c-4d66-48f8-90b9-41883be1e1ed,plan medium to long term objectives,skill/competence,cross-sector
cc61f9e5-d4fc-470e-8606-1ce865ff8386,http://data.europa.eu/esco/skill/cc61f9e5-d4fc-470e-8606-1ce865ff8386,develop professional network with researchers and scientists,skill/competence,cross-sector
cc716f65-a0d0-4fba-95d9-64c358f697c0,http://data.europa.eu/esco/skill/cc716f65-a0d0-4fba-95d9-64c358f697c0,monitor ICT research,skill/competence,sector-specific
cc7370dd-69fa-4c67-a96f-d4d135d38700,http://data.europa.eu/esco/skill/cc7370dd-69fa-4c67-a96f-d4d135d38700,data quality assessment,knowledge,sector-specific
cc892855-cb24-4d48-8344-a5d71d48f61d,http://data.europa.eu/esco/skill/cc892855-cb24-4d48-8344-a5d71d48f61d,apply quality standards to the interaction with candidates,skill/competence,occupation-specific
ccb0809c-d045-4621-82f7-192b9e89a4f2,http://data.europa.eu/esco/skill/ccb0809c-d045-4621-82f7-192b9e89a4f2,provide customer follow-up,skill/competence,cross-sector
ccb2e5f2-4279-48fd-9d85-a1db42ff1e13,http://data.europa.eu/esco/skill/ccb2e5f2-4279-48fd-9d85-a1db42ff1e13,project configuration management,knowledge,cross-sector
ccbd0898-e225-4abc-8992-57a23b0e2eec,http://data.europa.eu/esco/skill/ccbd0898-e225-4abc-8992-57a23b0e2eec,support implementation of quality management systems,skill/competence,cross-sector
ccc28081-a273-45f8-98f6-0fd70e935263,http://data.europa.eu/esco/skill/ccc28081-a273-45f8-98f6-0fd70e935263,monitor customer behaviour,skill/competence,cross-sector
ccd0a1d9-afda-43d9-b901-96344886e14d,http://data.europa.eu/esco/skill/ccd0a1d9-afda-43d9-b901-96344886e14d,Python (computer programming),knowledge,sector-specific
ccdbd9bb-4faf-403c-a968-e8bf487f8a53,http://data.europa.eu/esco/skill/ccdbd9bb-4faf-403c-a968-e8bf487f8a53,business ICT systems,knowledge,sector-specific
ccdf3597-5c80-410f-896d-e1bdfa223de9,http://data.europa.eu/esco/skill/ccdf3597-5c80-410f-896d-e1bdfa223de9,stimulate creativity in the team,skill/competence,cross-sector
ccfbdaad-b91d-4bfe-bd0e-d30b33587f19,http://data.europa.eu/esco/skill/ccfbdaad-b91d-4bfe-bd0e-d30b33587f19,keep records of work progress,skill/competence,cross-sector
cd50d616-1f8b-481e-983f-68d2674ff82d,http://data.europa.eu/esco/skill/cd50d616-1f8b-481e-983f-68d2674ff82d,integrate gender dimension in research,skill/competence,cross-sector
cd5efa8c-e44d-4cbc-91c6-796018dbed68,http://data.europa.eu/esco/skill/cd5efa8c-e44d-4cbc-91c6-796018dbed68,perform project management,skill/competence,cross-sector
cd74c564-57af-4aa2-b775-13e7609ffca1,http://data.europa.eu/esco/skill/cd74c564-57af-4aa2-b775-13e7609ffca1,liaise with politicians,skill/competence,cross-sector
cd990eab-c6a9-4c11-b17d-b12a98f6573b,http://data.europa.eu/esco/skill/cd990eab-c6a9-4c11-b17d-b12a98f6573b,establish customer rapport,skill/competence,cross-sector
cdaf66a1-eaf3-4fef-af6e-2e9bbe2c326c,http://data.europa.eu/esco/skill/cdaf66a1-eaf3-4fef-af6e-2e9bbe2c326c,distributed ledger technologies vulnerabilities,knowledge,sector-specific
cdb66bd3-e356-45a4-888b-6d1f69cd30a7,http://data.europa.eu/esco/skill/cdb66bd3-e356-45a4-888b-6d1f69cd30a7,plan buildings maintenance work,skill/competence,cross-sector
cdbb225c-d69d-4442-8cdc-818b1fdda074,http://data.europa.eu/esco/skill/cdbb225c-d69d-4442-8cdc-818b1fdda074,develop financial products,skill/competence,sector-specific
cdd2b6cc-b4a9-42a0-824b-766f52176fd3,http://data.europa.eu/esco/skill/cdd2b6cc-b4a9-42a0-824b-766f52176fd3,write inspection reports,skill/competence,cross-sector
cdd8b6b2-2fd9-453c-8d62-8a1dc6efcd49,http://data.europa.eu/esco/skill/cdd8b6b2-2fd9-453c-8d62-8a1dc6efcd49,systems theory,knowledge,sector-specific
ce04b5bc-ffb6-47b2-b386-ba40911e8542,http://data.europa.eu/esco/skill/ce04b5bc-ffb6-47b2-b386-ba40911e8542,apply foreign languages in tourism,skill/competence,cross-sector
ce26e71f-2d47-474e-89b6-7920931ac4fc,http://data.europa.eu/esco/skill/ce26e71f-2d47-474e-89b6-7920931ac4fc,iOS,knowledge,sector-specific
ce2dcc4b-d0a4-4aa4-b84a-a08da3c31d7d,http://data.europa.eu/esco/skill/ce2dcc4b-d0a4-4aa4-b84a-a08da3c31d7d,explain distributed ledger technologies principles,skill/competence,cross-sector
ce354460-500e-4eaa-8e95-8f243fcea3db,http://data.europa.eu/esco/skill/ce354460-500e-4eaa-8e95-8f243fcea3db,manage system testing,skill/competence,sector-specific
ce4990a4-bf69-4f5f-becb-e4fd96da3a74,http://data.europa.eu/esco/skill/ce4990a4-bf69-4f5f-becb-e4fd96da3a74,"mining, construction and civil engineering machinery products",knowledge,sector-specific
ce5598ec-5ca4-4f3e-92a2-c55c90ce6038,http://data.europa.eu/esco/skill/ce5598ec-5ca4-4f3e-92a2-c55c90ce6038,competition law,knowledge,cross-sector
ce592b28-4467-4908-b2e6-64bbe18da631,http://data.europa.eu/esco/skill/ce592b28-4467-4908-b2e6-64bbe18da631,perform copywriting,skill/competence,cross-sector
ce5b1446-b5e3-4f05-a5ac-83f2ee142a44,http://data.europa.eu/esco/skill/ce5b1446-b5e3-4f05-a5ac-83f2ee142a44,analyse external factors of companies,skill/competence,cross-sector
ce689fb5-2c21-4f96-a4b0-d02d4af35923,http://data.europa.eu/esco/skill/ce689fb5-2c21-4f96-a4b0-d02d4af35923,design passive energy measures,skill/competence,sector-specific
ce8ae6ca-61d8-4174-b457-641de96cbff4,http://data.europa.eu/esco/skill/ce8ae6ca-61d8-4174-b457-641de96cbff4,automate cloud tasks,skill/competence,sector-specific
cef5c0f8-1e40-4c09-b6a7-aa7811849e5d,http://data.europa.eu/esco/skill/cef5c0f8-1e40-4c09-b6a7-aa7811849e5d,ethics,knowledge,cross-sector
cf200547-25b5-47c8-9eda-bca4aedc13fb,http://data.europa.eu/esco/skill/cf200547-25b5-47c8-9eda-bca4aedc13fb,program firmware,skill/competence,cross-sector
cf22d572-a77f-410d-83e4-3a627cc8df77,http://data.europa.eu/esco/skill/cf22d572-a77f-410d-83e4-3a627cc8df77,supervise sales activities,skill/competence,sector-specific
cf310cff-0d28-4dbc-9dbb-cc500a3196c2,http://data.europa.eu/esco/skill/cf310cff-0d28-4dbc-9dbb-cc500a3196c2,office software,knowledge,cross-sector
cf3e976d-2c3e-495c-a874-f9e8a66d3b48,http://data.europa.eu/esco/skill/cf3e976d-2c3e-495c-a874-f9e8a66d3b48,perform backups,skill/competence,sector-specific
cf532795-a1fd-43bd-8407-6e43f877e6e3,http://data.europa.eu/esco/skill/cf532795-a1fd-43bd-8407-6e43f877e6e3,mobile device management,knowledge,sector-specific
cf579543-272b-43c8-b942-555836ae4241,http://data.europa.eu/esco/skill/cf579543-272b-43c8-b942-555836ae4241,supply chain principles,knowledge,cross-sector
cf9a4613-ff8a-40a7-931f-c6fba2cc3d50,http://data.europa.eu/esco/skill/cf9a4613-ff8a-40a7-931f-c6fba2cc3d50,heat transfer processes,knowledge,sector-specific
cf9c8e73-105d-419e-86dd-4304cc6cd718,http://data.europa.eu/esco/skill/cf9c8e73-105d-419e-86dd-4304cc6cd718,geography,knowledge,cross-sector
cfa2be0d-96d5-4017-a866-962efb9c5070,http://data.europa.eu/esco/skill/cfa2be0d-96d5-4017-a866-962efb9c5070,signal processing,knowledge,sector-specific
cfb8d64c-f8d7-4894-a02e-2551ab33f1d0,http://data.europa.eu/esco/skill/cfb8d64c-f8d7-4894-a02e-2551ab33f1d0,Canvas (learning management systems),knowledge,sector-specific
cffc3e97-e942-4b13-a2f3-0bf4910c06d3,http://data.europa.eu/esco/skill/cffc3e97-e942-4b13-a2f3-0bf4910c06d3,use technical documentation,skill/competence,cross-sector
d03dbfd1-0415-4a3a-8d2b-ff4dfff06bc8,http://data.europa.eu/esco/skill/d03dbfd1-0415-4a3a-8d2b-ff4dfff06bc8,reinsurance,knowledge,sector-specific
d04ee340-5378-4601-8181-19da6d5cbfe0,http://data.europa.eu/esco/skill/d04ee340-5378-4601-8181-19da6d5cbfe0,manage website,skill/competence,cross-sector
d0c425c6-e3de-465e-923d-d4d30ec4be9b,http://data.europa.eu/esco/skill/d0c425c6-e3de-465e-923d-d4d30ec4be9b,national generally accepted accounting principles,knowledge,cross-sector
d0c6d77e-cb25-4770-bf77-2073fc5f7523,http://data.europa.eu/esco/skill/d0c6d77e-cb25-4770-bf77-2073fc5f7523,ICT infrastructure,knowledge,sector-specific
d0f2f8a7-d935-4a6d-8e54-dcc3e5e2cbeb,http://data.europa.eu/esco/skill/d0f2f8a7-d935-4a6d-8e54-dcc3e5e2cbeb,present reports,skill/competence,cross-sector
d0f48427-7987-4f86-b24d-709837a37fd2,http://data.europa.eu/esco/skill/d0f48427-7987-4f86-b24d-709837a37fd2,assist employee health programmes,skill/competence,cross-sector
d0f930bc-a67b-4096-9df1-d2745de72518,http://data.europa.eu/esco/skill/d0f930bc-a67b-4096-9df1-d2745de72518,develop cultural policies,skill/competence,sector-specific
d1072655-88ce-4445-8803-e6273da273e7,http://data.europa.eu/esco/skill/d1072655-88ce-4445-8803-e6273da273e7,blueprints,knowledge,cross-sector
d12e9d68-84c5-444e-aa98-d36533bf03f6,http://data.europa.eu/esco/skill/d12e9d68-84c5-444e-aa98-d36533bf03f6,apply operations for an ITIL-based environment,skill/competence,occupation-specific
d1317634-ccea-44d0-9cdc-c863f9bf856b,http://data.europa.eu/esco/skill/d1317634-ccea-44d0-9cdc-c863f9bf856b,liaise with industrial professionals,skill/competence,cross-sector
d15ba5cb-9212-4a90-85af-2c560da59925,http://data.europa.eu/esco/skill/d15ba5cb-9212-4a90-85af-2c560da59925,perform product planning,skill/competence,sector-specific
d15ce60f-ddab-41ce-ba56-398451b77b60,http://data.europa.eu/esco/skill/d15ce60f-ddab-41ce-ba56-398451b77b60,have computer literacy,skill/competence,cross-sector
d15e92c4-c8dc-48cd-a1f6-94fe13347f87,http://data.europa.eu/esco/skill/d15e92c4-c8dc-48cd-a1f6-94fe13347f87,electrical wiring plans,knowledge,cross-sector
d15f8745-28f8-4abf-a7b6-6cb8a304efd2,http://data.europa.eu/esco/skill/d15f8745-28f8-4abf-a7b6-6cb8a304efd2,tolerate stress,skill/competence,sector-specific
d1910ad7-0c87-4f38-8a41-7c193e5dc16d,http://data.europa.eu/esco/skill/d1910ad7-0c87-4f38-8a41-7c193e5dc16d,macroeconomics,knowledge,occupation-specific
d1e954cd-d290-4d80-97c0-7969960d2928,http://data.europa.eu/esco/skill/d1e954cd-d290-4d80-97c0-7969960d2928,distributed directory information services,knowledge,sector-specific
d1f435d2-e574-482c-8187-4a6c2214c683,http://data.europa.eu/esco/skill/d1f435d2-e574-482c-8187-4a6c2214c683,test printed circuit boards,skill/competence,sector-specific
d1f73ae9-d348-4aac-b5d5-9b6d508401d3,http://data.europa.eu/esco/skill/d1f73ae9-d348-4aac-b5d5-9b6d508401d3,resource-efficient technologies,knowledge,cross-sector
d207a30b-2f80-4138-9b77-f88d549b8768,http://data.europa.eu/esco/skill/d207a30b-2f80-4138-9b77-f88d549b8768,identify new business opportunities,skill/competence,cross-sector
d2309723-3472-46d2-865a-db81db2269b6,http://data.europa.eu/esco/skill/d2309723-3472-46d2-865a-db81db2269b6,recognise blockchain risks,skill/competence,sector-specific
d2564da5-c21f-4c02-8887-c78a001bb183,http://data.europa.eu/esco/skill/d2564da5-c21f-4c02-8887-c78a001bb183,adhere to organisational code of ethics,skill/competence,sector-specific
d2a9f2d0-9de7-44ce-a168-590b85234f20,http://data.europa.eu/esco/skill/d2a9f2d0-9de7-44ce-a168-590b85234f20,teach corporate skills,skill/competence,cross-sector
d2adb565-a865-424d-aeb5-9fbcbf2afe2a,http://data.europa.eu/esco/skill/d2adb565-a865-424d-aeb5-9fbcbf2afe2a,Joomla,knowledge,sector-specific
d2c81ad1-2439-43cf-9c63-204187b8f771,http://data.europa.eu/esco/skill/d2c81ad1-2439-43cf-9c63-204187b8f771,mitigate waste of resources,skill/competence,cross-sector
d2d9051a-10e1-41c5-9cfb-bbdc58016176,http://data.europa.eu/esco/skill/d2d9051a-10e1-41c5-9cfb-bbdc58016176,follow safety precautions in work practices,skill/competence,cross-sector
d2dc31f1-720c-4757-bc1b-9e563d264dcf,http://data.europa.eu/esco/skill/d2dc31f1-720c-4757-bc1b-9e563d264dcf,advise on organisational culture,skill/competence,cross-sector
d2de37c7-7233-481b-8b1a-f4dfde11ca91,http://data.europa.eu/esco/skill/d2de37c7-7233-481b-8b1a-f4dfde11ca91,advise on merchandise features,skill/competence,sector-specific
d31fab87-2a7d-485c-b699-2901ca294b15,http://data.europa.eu/esco/skill/d31fab87-2a7d-485c-b699-2901ca294b15,use functional programming,skill/competence,sector-specific
d3286405-49f8-4e8a-8046-a4376b4e7963,http://data.europa.eu/esco/skill/d3286405-49f8-4e8a-8046-a4376b4e7963,manage cloud data and storage,skill/competence,sector-specific
d32db06e-bd06-4415-a7ab-1b0ee68caa9a,http://data.europa.eu/esco/skill/d32db06e-bd06-4415-a7ab-1b0ee68caa9a,ICT encryption,knowledge,sector-specific
d37bc902-f640-48d7-9db4-544db9aa65fa,http://data.europa.eu/esco/skill/d37bc902-f640-48d7-9db4-544db9aa65fa,prepare financial projections,skill/competence,occupation-specific
d38871eb-b988-495e-8fca-345677b597a8,http://data.europa.eu/esco/skill/d38871eb-b988-495e-8fca-345677b597a8,state estimation,knowledge,cross-sector
d39022ab-d102-4720-b689-540d6f056b17,http://data.europa.eu/esco/skill/d39022ab-d102-4720-b689-540d6f056b17,public administration,knowledge,sector-specific
d39a5880-7d0a-4573-9f70-a75ff875bf83,http://data.europa.eu/esco/skill/d39a5880-7d0a-4573-9f70-a75ff875bf83,provide lesson materials,skill/competence,cross-sector
d39f380c-a900-4bbd-8685-babd806f1abc,http://data.europa.eu/esco/skill/d39f380c-a900-4bbd-8685-babd806f1abc,maintain high quality of calls,skill/competence,sector-specific
d3bbb16b-023e-40b4-a7a1-7fb30cfb78c3,http://data.europa.eu/esco/skill/d3bbb16b-023e-40b4-a7a1-7fb30cfb78c3,provide customers with price information,skill/competence,sector-specific
d3e36164-79aa-4f14-9a8c-d88d38f84ea0,http://data.europa.eu/esco/skill/d3e36164-79aa-4f14-9a8c-d88d38f84ea0,interpret automatic call distribution data,skill/competence,cross-sector
d3e585e9-3a73-4511-b533-90f095e5aa09,http://data.europa.eu/esco/skill/d3e585e9-3a73-4511-b533-90f095e5aa09,marketing mix,knowledge,cross-sector
d3e9b00a-0891-4fa8-836d-8240ec3d2758,http://data.europa.eu/esco/skill/d3e9b00a-0891-4fa8-836d-8240ec3d2758,GDPR,knowledge,sector-specific
d3eccb86-f02d-4950-bfbd-20b9510774a1,http://data.europa.eu/esco/skill/d3eccb86-f02d-4950-bfbd-20b9510774a1,apply organisational techniques,skill/competence,cross-sector
d41262ae-eca1-4ede-89a8-46d2d99a7a31,http://data.europa.eu/esco/skill/d41262ae-eca1-4ede-89a8-46d2d99a7a31,consider economic criteria in decision making,skill/competence,cross-sector
d4199178-81a1-40dd-a8c8-0f91b0489913,http://data.europa.eu/esco/skill/d4199178-81a1-40dd-a8c8-0f91b0489913,negotiate settlements,skill/competence,sector-specific
d433c82e-fa7a-492e-a8fd-eee7b39e4c48,http://data.europa.eu/esco/skill/d433c82e-fa7a-492e-a8fd-eee7b39e4c48,security regulations,knowledge,sector-specific
d4789070-2ff7-4bbb-94ca-8bb1739826a9,http://data.europa.eu/esco/skill/d4789070-2ff7-4bbb-94ca-8bb1739826a9,authoring software,knowledge,cross-sector
d4890756-85c7-411a-8d2c-a356f300bc3f,http://data.europa.eu/esco/skill/d4890756-85c7-411a-8d2c-a356f300bc3f,political economy,knowledge,sector-specific
d4a0744a-508b-4a5e-97a5-ad1fc7f55e6e,http://data.europa.eu/esco/skill/d4a0744a-508b-4a5e-97a5-ad1fc7f55e6e,correctional procedures,knowledge,cross-sector
d4ae9564-0b61-4aa0-9df0-d4fdc969fd6f,http://data.europa.eu/esco/skill/d4ae9564-0b61-4aa0-9df0-d4fdc969fd6f,grammar,knowledge,cross-sector
d4cc5022-7801-4885-bcff-166552788d35,http://data.europa.eu/esco/skill/d4cc5022-7801-4885-bcff-166552788d35,provide improvement strategies,skill/competence,cross-sector
d4e9055e-597f-42ca-98ac-a5e3d8e881e1,http://data.europa.eu/esco/skill/d4e9055e-597f-42ca-98ac-a5e3d8e881e1,university procedures,knowledge,sector-specific
d4ef994f-c2d0-4ea1-88d2-ad2aa9e0e079,http://data.europa.eu/esco/skill/d4ef994f-c2d0-4ea1-88d2-ad2aa9e0e079,monitor work for special events,skill/competence,cross-sector
d5111703-c344-484d-bef1-9565a278166a,http://data.europa.eu/esco/skill/d5111703-c344-484d-bef1-9565a278166a,market pricing,knowledge,sector-specific
d5145a9a-602e-40bf-b3e1-f04cf9c3ef86,http://data.europa.eu/esco/skill/d5145a9a-602e-40bf-b3e1-f04cf9c3ef86,leadership principles,knowledge,cross-sector
d52382fe-f236-421f-95fe-34fe69d48dbd,http://data.europa.eu/esco/skill/d52382fe-f236-421f-95fe-34fe69d48dbd,collaborate with designers,skill/competence,sector-specific
d52487b0-cb03-4f41-a269-40c718018c2c,http://data.europa.eu/esco/skill/d52487b0-cb03-4f41-a269-40c718018c2c,monitor after sales records,skill/competence,sector-specific
d53b04fb-1bbb-4a25-92f8-8ceb308d276f,http://data.europa.eu/esco/skill/d53b04fb-1bbb-4a25-92f8-8ceb308d276f,define organisational standards,skill/competence,cross-sector
d5493cca-ee21-4e43-8bcd-ec38680746cc,http://data.europa.eu/esco/skill/d5493cca-ee21-4e43-8bcd-ec38680746cc,execute marketing plan,skill/competence,cross-sector
d54a1355-05c8-45eb-9c42-267d2cfcdf44,http://data.europa.eu/esco/skill/d54a1355-05c8-45eb-9c42-267d2cfcdf44,provide technical training,skill/competence,cross-sector
d56fc2b5-4b0a-4e7e-9bde-a33736f6ff18,http://data.europa.eu/esco/skill/d56fc2b5-4b0a-4e7e-9bde-a33736f6ff18,Scratch (computer programming),knowledge,sector-specific
d58a48d1-5b7f-4028-ae11-b051d13ee1a8,http://data.europa.eu/esco/skill/d58a48d1-5b7f-4028-ae11-b051d13ee1a8,analyse staff capacity,skill/competence,cross-sector
d5a59ca8-2e91-472e-8571-d12ce4478679,http://data.europa.eu/esco/skill/d5a59ca8-2e91-472e-8571-d12ce4478679,Process-based management,knowledge,sector-specific
d5ac6a93-7fba-49d4-93fd-b38d23b556e8,http://data.europa.eu/esco/skill/d5ac6a93-7fba-49d4-93fd-b38d23b556e8,inform on interest rates,skill/competence,sector-specific
d5e1e30e-44ab-4aba-abab-b8263e801b7a,http://data.europa.eu/esco/skill/d5e1e30e-44ab-4aba-abab-b8263e801b7a,assist students in their learning,skill/competence,cross-sector
d6179c4b-ff5a-4bbb-a3c8-e0acf0de1f56,http://data.europa.eu/esco/skill/d6179c4b-ff5a-4bbb-a3c8-e0acf0de1f56,assist scientific research,skill/competence,cross-sector
d63c2bad-817d-4116-b4d8-b927cb01212d,http://data.europa.eu/esco/skill/d63c2bad-817d-4116-b4d8-b927cb01212d,commercial law,knowledge,sector-specific
d63f49de-cb72-4ce3-9553-a374a4f32f52,http://data.europa.eu/esco/skill/d63f49de-cb72-4ce3-9553-a374a4f32f52,analyse data about clients,skill/competence,cross-sector
d66964f4-6f5b-443e-bf74-e61a56f5957f,http://data.europa.eu/esco/skill/d66964f4-6f5b-443e-bf74-e61a56f5957f,comply with checklists,skill/competence,cross-sector
d669af41-756c-48d9-a286-1443253f54b1,http://data.europa.eu/esco/skill/d669af41-756c-48d9-a286-1443253f54b1,tax legislation,knowledge,cross-sector
d67aaf6e-e3fc-4d47-9694-3fba2dc64ef6,http://data.europa.eu/esco/skill/d67aaf6e-e3fc-4d47-9694-3fba2dc64ef6,inspect material,skill/competence,cross-sector
d686f015-5568-4288-9135-74936cd7b655,http://data.europa.eu/esco/skill/d686f015-5568-4288-9135-74936cd7b655,blockchain-based business models,knowledge,sector-specific
d6c29154-9cc1-48a4-a2de-3d1d0d7f0831,http://data.europa.eu/esco/skill/d6c29154-9cc1-48a4-a2de-3d1d0d7f0831,publishing strategy,knowledge,sector-specific
d6cdef49-b669-4507-91d1-3f959cf98e47,http://data.europa.eu/esco/skill/d6cdef49-b669-4507-91d1-3f959cf98e47,maintain database performance,skill/competence,sector-specific
d6d3fee7-47e2-47f4-a0ec-6c75f28c6abd,http://data.europa.eu/esco/skill/d6d3fee7-47e2-47f4-a0ec-6c75f28c6abd,product comprehension,knowledge,sector-specific
d6d99ded-08d9-4e2b-b6bf-bc9fc4d266b6,http://data.europa.eu/esco/skill/d6d99ded-08d9-4e2b-b6bf-bc9fc4d266b6,liaise with port users,skill/competence,sector-specific
d6e3395b-5ab6-4fba-969a-3df634e904c5,http://data.europa.eu/esco/skill/d6e3395b-5ab6-4fba-969a-3df634e904c5,ICT network cable limitations,knowledge,sector-specific
d6e78d9a-deca-4bcb-b08d-011b2616758d,http://data.europa.eu/esco/skill/d6e78d9a-deca-4bcb-b08d-011b2616758d,ensure compliance with accounting conventions,skill/competence,cross-sector
d6e800ae-bbbb-453f-8ac6-19973a8ecea9,http://data.europa.eu/esco/skill/d6e800ae-bbbb-453f-8ac6-19973a8ecea9,sell insurance,skill/competence,sector-specific
d74df140-eb69-43e2-bac9-1cafc824d702,http://data.europa.eu/esco/skill/d74df140-eb69-43e2-bac9-1cafc824d702,execute feasibility study,skill/competence,cross-sector
d77d7685-04fb-43a4-a1ac-09a10811f646,http://data.europa.eu/esco/skill/d77d7685-04fb-43a4-a1ac-09a10811f646,corporate law,knowledge,cross-sector
d78dedfc-21d2-45fd-ba05-e56b7a8865e6,http://data.europa.eu/esco/skill/d78dedfc-21d2-45fd-ba05-e56b7a8865e6,network standards,knowledge,sector-specific
d7b66759-c40c-44de-9f31-9418f84e10c5,http://data.europa.eu/esco/skill/d7b66759-c40c-44de-9f31-9418f84e10c5,assess risk factors,skill/competence,cross-sector
d7e4a9fa-cfc2-45f9-96eb-13dc6e48c86c,http://data.europa.eu/esco/skill/d7e4a9fa-cfc2-45f9-96eb-13dc6e48c86c,video conferencing tool,knowledge,sector-specific
d8045ecd-22f3-4711-bb51-58969d9f28c7,http://data.europa.eu/esco/skill/d8045ecd-22f3-4711-bb51-58969d9f28c7,operate precision machinery,skill/competence,cross-sector
d80f7a28-1e75-4247-9104-de8e5f909f0a,http://data.europa.eu/esco/skill/d80f7a28-1e75-4247-9104-de8e5f909f0a,reputation management,knowledge,cross-sector
d82b3bfc-b323-44d6-8776-e3d28e9183a4,http://data.europa.eu/esco/skill/d82b3bfc-b323-44d6-8776-e3d28e9183a4,cope with challenging demands,skill/competence,sector-specific
d83cba15-8511-4d07-b89a-9fde0d1d8241,http://data.europa.eu/esco/skill/d83cba15-8511-4d07-b89a-9fde0d1d8241,perform quality audits,skill/competence,cross-sector
d83e8dbd-257b-4aa9-abb5-e65924eb1797,http://data.europa.eu/esco/skill/d83e8dbd-257b-4aa9-abb5-e65924eb1797,ethics of sharing work through social media,knowledge,sector-specific
d84326c9-a3d3-4e22-a6a1-1ad42a356f10,http://data.europa.eu/esco/skill/d84326c9-a3d3-4e22-a6a1-1ad42a356f10,sustainability consulting,knowledge,sector-specific
d843982a-9151-4539-938b-a52a8435cd87,http://data.europa.eu/esco/skill/d843982a-9151-4539-938b-a52a8435cd87,create editorial board,skill/competence,sector-specific
d86babea-bf8b-4552-81a8-daf706066ad6,http://data.europa.eu/esco/skill/d86babea-bf8b-4552-81a8-daf706066ad6,manage environmental impact of operations,skill/competence,cross-sector
d87fe0be-9055-4a76-a444-e98b5bfad9d8,http://data.europa.eu/esco/skill/d87fe0be-9055-4a76-a444-e98b5bfad9d8,Taleo,knowledge,sector-specific
d8829a1d-dbde-435b-b921-29d6462f35c9,http://data.europa.eu/esco/skill/d8829a1d-dbde-435b-b921-29d6462f35c9,Android (mobile operating systems),knowledge,sector-specific
d88ae112-b5fe-4c73-9e6e-453ee709dfd5,http://data.europa.eu/esco/skill/d88ae112-b5fe-4c73-9e6e-453ee709dfd5,analyse irregular migration,skill/competence,sector-specific
d88cb3f1-8e02-4618-bf32-4b0488066934,http://data.europa.eu/esco/skill/d88cb3f1-8e02-4618-bf32-4b0488066934,mechatronics,knowledge,cross-sector
d89b9a3f-19bf-4b9b-9664-ed35924eb399,http://data.europa.eu/esco/skill/d89b9a3f-19bf-4b9b-9664-ed35924eb399,collect data using GPS,skill/competence,cross-sector
d89f5cee-649a-44bd-9aa9-8e74bbdbd50d,http://data.europa.eu/esco/skill/d89f5cee-649a-44bd-9aa9-8e74bbdbd50d,monitor contractor performance,skill/competence,cross-sector
d90bad2f-7fcc-4e85-a02f-ba4837732892,http://data.europa.eu/esco/skill/d90bad2f-7fcc-4e85-a02f-ba4837732892,post-processing of photographs,knowledge,cross-sector
d952e003-b5af-4a8a-9d32-921d34dc4907,http://data.europa.eu/esco/skill/d952e003-b5af-4a8a-9d32-921d34dc4907,advise on public image,skill/competence,cross-sector
d96bfb0f-e771-4fec-abca-c38f48e02318,http://data.europa.eu/esco/skill/d96bfb0f-e771-4fec-abca-c38f48e02318,negotiate with employment agencies,skill/competence,sector-specific
d97c894e-d330-4bd3-b8ba-138fc11855ee,http://data.europa.eu/esco/skill/d97c894e-d330-4bd3-b8ba-138fc11855ee,stimulate creative processes,skill/competence,cross-sector
d9818afc-1dec-4944-8c9c-e3ae8fad176d,http://data.europa.eu/esco/skill/d9818afc-1dec-4944-8c9c-e3ae8fad176d,set up the controller of a machine,skill/competence,cross-sector
d9a3cb06-d6e0-4a64-88a6-9a8e11a99c93,http://data.europa.eu/esco/skill/d9a3cb06-d6e0-4a64-88a6-9a8e11a99c93,labour market,knowledge,cross-sector
d9a9cb71-a62e-4800-a518-cfb61f8b15cd,http://data.europa.eu/esco/skill/d9a9cb71-a62e-4800-a518-cfb61f8b15cd,category specific expertise,knowledge,sector-specific
d9b6af48-e906-4a2a-94d9-557023740180,http://data.europa.eu/esco/skill/d9b6af48-e906-4a2a-94d9-557023740180,biomedical engineering,knowledge,cross-sector
d9cc828c-61fc-422d-91e7-b2e8e4aa48a5,http://data.europa.eu/esco/skill/d9cc828c-61fc-422d-91e7-b2e8e4aa48a5,compile statistical data for insurance purposes,skill/competence,sector-specific
d9e5349e-8791-49c2-8ba4-839fdd1606c2,http://data.europa.eu/esco/skill/d9e5349e-8791-49c2-8ba4-839fdd1606c2,define technical requirements,skill/competence,cross-sector
d9eaf831-9348-4330-a83e-b7c099cdc8f6,http://data.europa.eu/esco/skill/d9eaf831-9348-4330-a83e-b7c099cdc8f6,Teradata Database,knowledge,sector-specific
da042121-959d-451b-b4d0-3bbf07c1bc67,http://data.europa.eu/esco/skill/da042121-959d-451b-b4d0-3bbf07c1bc67,analyse network bandwidth requirements,skill/competence,sector-specific
da1398ac-6955-4cf3-9225-67f16e41dbdc,http://data.europa.eu/esco/skill/da1398ac-6955-4cf3-9225-67f16e41dbdc,collect financial data,skill/competence,cross-sector
da40ce72-a158-4116-84d2-01d4924e0667,http://data.europa.eu/esco/skill/da40ce72-a158-4116-84d2-01d4924e0667,parts pricing,knowledge,sector-specific
da56feea-941c-4ff6-b573-bb16ccbde670,http://data.europa.eu/esco/skill/da56feea-941c-4ff6-b573-bb16ccbde670,communicate schedules to the people concerned,skill/competence,sector-specific
da629999-d226-4ff3-9e1a-01788132664f,http://data.europa.eu/esco/skill/da629999-d226-4ff3-9e1a-01788132664f,ensure compliance with disclosure criteria of accounting information,skill/competence,cross-sector
da6393d5-a53c-4863-abc7-51f36281d74e,http://data.europa.eu/esco/skill/da6393d5-a53c-4863-abc7-51f36281d74e,lean project management,knowledge,sector-specific
da930e2f-6047-4616-a598-bba8ecef3039,http://data.europa.eu/esco/skill/da930e2f-6047-4616-a598-bba8ecef3039,manage open publications,skill/competence,cross-sector
daa52226-7795-48ff-aa3e-ad3189d9aa61,http://data.europa.eu/esco/skill/daa52226-7795-48ff-aa3e-ad3189d9aa61,tabulate survey results,skill/competence,cross-sector
dab7c301-2a33-454e-8fed-23218fa28eee,http://data.europa.eu/esco/skill/dab7c301-2a33-454e-8fed-23218fa28eee,environmental design,knowledge,sector-specific
dad7e408-162f-46a4-8567-db560e19e2fc,http://data.europa.eu/esco/skill/dad7e408-162f-46a4-8567-db560e19e2fc,identify ICT system weaknesses,skill/competence,sector-specific
db10b60e-efd2-4ba9-a873-d1e2ec37620f,http://data.europa.eu/esco/skill/db10b60e-efd2-4ba9-a873-d1e2ec37620f,court procedures,knowledge,cross-sector
db36f7f1-5900-45bd-9ffb-f2b19c4362ac,http://data.europa.eu/esco/skill/db36f7f1-5900-45bd-9ffb-f2b19c4362ac,support ICT system users,skill/competence,sector-specific
dba46f87-0831-49cd-a1c7-340a653c0221,http://data.europa.eu/esco/skill/dba46f87-0831-49cd-a1c7-340a653c0221,Agile development,knowledge,sector-specific
dbc538a0-7d1d-4394-b2f6-8fae44a55d86,http://data.europa.eu/esco/skill/dbc538a0-7d1d-4394-b2f6-8fae44a55d86,provide feedback to performers,skill/competence,sector-specific
dbdd03ec-f64f-4916-8a86-cc71d765cc20,http://data.europa.eu/esco/skill/dbdd03ec-f64f-4916-8a86-cc71d765cc20,advise on legislative acts,skill/competence,cross-sector
dbfb9dda-48d9-4a10-9821-3237f868071b,http://data.europa.eu/esco/skill/dbfb9dda-48d9-4a10-9821-3237f868071b,analyse goal progress,skill/competence,cross-sector
dc07021c-7528-4351-809a-1525904466ba,http://data.europa.eu/esco/skill/dc07021c-7528-4351-809a-1525904466ba,ensure compliance with radiation protection regulations,skill/competence,cross-sector
dc13a28b-39fd-4090-9e66-53a6003445a5,http://data.europa.eu/esco/skill/dc13a28b-39fd-4090-9e66-53a6003445a5,package microelectromechanical systems,skill/competence,occupation-specific
dc417e19-edb4-4401-883a-2375f67a162f,http://data.europa.eu/esco/skill/dc417e19-edb4-4401-883a-2375f67a162f,manage the general ledger,skill/competence,cross-sector
dc665f4d-0c87-4f73-8fa9-b51df1bf4980,http://data.europa.eu/esco/skill/dc665f4d-0c87-4f73-8fa9-b51df1bf4980,negotiate exploitation rights,skill/competence,sector-specific
dc72ad0a-c5dc-4abd-bc0d-ca43e82162e1,http://data.europa.eu/esco/skill/dc72ad0a-c5dc-4abd-bc0d-ca43e82162e1,build business relationships,skill/competence,cross-sector
dc72d646-4e40-405a-8fa9-a410c60e490b,http://data.europa.eu/esco/skill/dc72d646-4e40-405a-8fa9-a410c60e490b,maintain safe engineering watches,skill/competence,sector-specific
dc9a236c-c640-43c3-812f-269403591edb,http://data.europa.eu/esco/skill/dc9a236c-c640-43c3-812f-269403591edb,customer relationship management,knowledge,cross-sector
dcc96a49-0bac-4a9c-8f8e-a32b4e47e6eb,http://data.europa.eu/esco/skill/dcc96a49-0bac-4a9c-8f8e-a32b4e47e6eb,apply health and safety standards,skill/competence,cross-sector
dccbdbb8-7266-4fb4-a4cf-29056f102f12,http://data.europa.eu/esco/skill/dccbdbb8-7266-4fb4-a4cf-29056f102f12,budget for financial needs,skill/competence,cross-sector
dcdd5ddf-82a6-4ac3-8edc-d4b23cae9a88,http://data.europa.eu/esco/skill/dcdd5ddf-82a6-4ac3-8edc-d4b23cae9a88,VBScript,knowledge,sector-specific
dd6e5939-d19b-4e2f-a025-2014f0a2ec88,http://data.europa.eu/esco/skill/dd6e5939-d19b-4e2f-a025-2014f0a2ec88,power engineering,knowledge,cross-sector
dd6f8901-b20a-48e9-94ac-b1829dc2cfec,http://data.europa.eu/esco/skill/dd6f8901-b20a-48e9-94ac-b1829dc2cfec,manage manufacturing documentation,skill/competence,cross-sector
dd7c9dfd-6e2c-46fd-aefc-369402d0200c,http://data.europa.eu/esco/skill/dd7c9dfd-6e2c-46fd-aefc-369402d0200c,create a financial report,skill/competence,sector-specific
dda69c90-2355-4ab5-b0ef-6ada47f74cc1,http://data.europa.eu/esco/skill/dda69c90-2355-4ab5-b0ef-6ada47f74cc1,test computer hardware,skill/competence,occupation-specific
ddb65832-91a7-4157-9488-719a0e2ad87b,http://data.europa.eu/esco/skill/ddb65832-91a7-4157-9488-719a0e2ad87b,lead disaster recovery exercises,skill/competence,sector-specific
ddc3119d-1d6e-4324-9125-a3380d299ac5,http://data.europa.eu/esco/skill/ddc3119d-1d6e-4324-9125-a3380d299ac5,computer technology,knowledge,cross-sector
ddce2912-bc0f-4a47-aa2b-c1de48bc4b44,http://data.europa.eu/esco/skill/ddce2912-bc0f-4a47-aa2b-c1de48bc4b44,energy conservation,knowledge,cross-sector
dde5de4c-9693-4284-9a7d-deb28c300701,http://data.europa.eu/esco/skill/dde5de4c-9693-4284-9a7d-deb28c300701,complete evaluation forms of calls,skill/competence,occupation-specific
ddfe79e2-c2e3-4ba7-9bdf-3820b4f75b54,http://data.europa.eu/esco/skill/ddfe79e2-c2e3-4ba7-9bdf-3820b4f75b54,identify ICT user needs,skill/competence,sector-specific
de03f4fd-c147-4477-a048-7109e5ba2d6f,http://data.europa.eu/esco/skill/de03f4fd-c147-4477-a048-7109e5ba2d6f,marketing principles,knowledge,cross-sector
de0be6e8-644c-4cc9-9c8d-925dd98dda56,http://data.europa.eu/esco/skill/de0be6e8-644c-4cc9-9c8d-925dd98dda56,software interaction design,knowledge,sector-specific
de2f0ce8-f8d6-48c5-a213-4d065251cecf,http://data.europa.eu/esco/skill/de2f0ce8-f8d6-48c5-a213-4d065251cecf,communicate by telephone,skill/competence,cross-sector
de3072e6-b7c7-48ff-8e63-a8f7f88029ba,http://data.europa.eu/esco/skill/de3072e6-b7c7-48ff-8e63-a8f7f88029ba,maintain microelectromechanical systems,skill/competence,occupation-specific
de586dcf-d7e5-4340-bf5b-d59026f1b436,http://data.europa.eu/esco/skill/de586dcf-d7e5-4340-bf5b-d59026f1b436,penetration testing tool,knowledge,sector-specific
de7b8c6c-9ed4-4776-924c-4265dd1d9cde,http://data.europa.eu/esco/skill/de7b8c6c-9ed4-4776-924c-4265dd1d9cde,demonstrate products' features,skill/competence,sector-specific
de857fbb-91a6-4a3f-8a47-93a9c1a616c8,http://data.europa.eu/esco/skill/de857fbb-91a6-4a3f-8a47-93a9c1a616c8,plan transport operations,skill/competence,sector-specific
de9f85ba-e77f-48fd-8c66-f5ebaf32d655,http://data.europa.eu/esco/skill/de9f85ba-e77f-48fd-8c66-f5ebaf32d655,Oracle Relational Database,knowledge,sector-specific
debb8d81-ed7f-447d-853a-5d107fda6fcf,http://data.europa.eu/esco/skill/debb8d81-ed7f-447d-853a-5d107fda6fcf,provide customer follow-up services,skill/competence,cross-sector
debef2fc-7af4-4bff-ac92-4d0317915a84,http://data.europa.eu/esco/skill/debef2fc-7af4-4bff-ac92-4d0317915a84,electronic communication,knowledge,cross-sector
dee6dd50-49fd-4df8-8691-380fe85f1380,http://data.europa.eu/esco/skill/dee6dd50-49fd-4df8-8691-380fe85f1380,press law,knowledge,cross-sector
def007fa-5fed-4a5f-91a2-b0d7e3db1be1,http://data.europa.eu/esco/skill/def007fa-5fed-4a5f-91a2-b0d7e3db1be1,COBOL,knowledge,sector-specific
df0612db-366c-4ff5-b106-40b9e385195c,http://data.europa.eu/esco/skill/df0612db-366c-4ff5-b106-40b9e385195c,utilise decision support system,skill/competence,sector-specific
df11ab22-3c40-4dc8-ab0c-e9f41e62449e,http://data.europa.eu/esco/skill/df11ab22-3c40-4dc8-ab0c-e9f41e62449e,edit photographs,skill/competence,sector-specific
df1265b9-81fd-4a40-a746-f0442ffbf7ef,http://data.europa.eu/esco/skill/df1265b9-81fd-4a40-a746-f0442ffbf7ef,deliver correspondence,skill/competence,cross-sector
df329d70-87b0-466b-a214-3431f36e2a5e,http://data.europa.eu/esco/skill/df329d70-87b0-466b-a214-3431f36e2a5e,protect ICT devices,skill/competence,cross-sector
df958b10-9e1c-4a80-9170-5572a5366e84,http://data.europa.eu/esco/skill/df958b10-9e1c-4a80-9170-5572a5366e84,medical devices,knowledge,cross-sector
df996a98-202f-4a9b-b088-38c8db03ef1b,http://data.europa.eu/esco/skill/df996a98-202f-4a9b-b088-38c8db03ef1b,create content title,skill/competence,cross-sector
dfb9cec6-3ae3-408a-9d57-c44361bf7aaf,http://data.europa.eu/esco/skill/dfb9cec6-3ae3-408a-9d57-c44361bf7aaf,provide multimedia content,skill/competence,sector-specific
dfd158e3-dc56-4415-b24b-3d3554347863,http://data.europa.eu/esco/skill/dfd158e3-dc56-4415-b24b-3d3554347863,foster dialogue in society,skill/competence,sector-specific
dfde5537-022a-4426-ba82-254651ba567a,http://data.europa.eu/esco/skill/dfde5537-022a-4426-ba82-254651ba567a,report call errors,skill/competence,cross-sector
dff7260b-0879-4d4a-98db-0866c64e08ec,http://data.europa.eu/esco/skill/dff7260b-0879-4d4a-98db-0866c64e08ec,psychological concepts,knowledge,cross-sector
dfff95c6-9758-4c04-a228-7eaa88dec6cd,http://data.europa.eu/esco/skill/dfff95c6-9758-4c04-a228-7eaa88dec6cd,design for organisational complexity,skill/competence,sector-specific
e043aeeb-78f5-4049-afbf-12bba52225bc,http://data.europa.eu/esco/skill/e043aeeb-78f5-4049-afbf-12bba52225bc,hardware architectures,knowledge,sector-specific
e0475631-c151-4413-829c-cb5c76b83271,http://data.europa.eu/esco/skill/e0475631-c151-4413-829c-cb5c76b83271,measure sustainability of tourism activities,skill/competence,sector-specific
e0607ffd-586e-4d70-ae88-5998bfa21dda,http://data.europa.eu/esco/skill/e0607ffd-586e-4d70-ae88-5998bfa21dda,process order forms with customer's information,skill/competence,sector-specific
e08821b5-d6dd-4db9-a0f1-43185653c244,http://data.europa.eu/esco/skill/e08821b5-d6dd-4db9-a0f1-43185653c244,monitor communication channels' performance,skill/competence,sector-specific
e0daabb6-0950-440c-a25f-f5e1ccf15435,http://data.europa.eu/esco/skill/e0daabb6-0950-440c-a25f-f5e1ccf15435,assist in military logistics,skill/competence,sector-specific
e10d57dd-6717-4b24-961a-8a87c7e80b5d,http://data.europa.eu/esco/skill/e10d57dd-6717-4b24-961a-8a87c7e80b5d,plan new packaging designs,skill/competence,cross-sector
e126f782-b4e6-4f7d-8dca-8d2e6778559b,http://data.europa.eu/esco/skill/e126f782-b4e6-4f7d-8dca-8d2e6778559b,credit control processes,knowledge,cross-sector
e13b734a-218c-434a-a7cc-febac6d24ef3,http://data.europa.eu/esco/skill/e13b734a-218c-434a-a7cc-febac6d24ef3,call-centre technologies,knowledge,cross-sector
e186976a-64f0-4052-a25b-297d19e1d0ec,http://data.europa.eu/esco/skill/e186976a-64f0-4052-a25b-297d19e1d0ec,think proactively,skill/competence,cross-sector
e1b9df19-98c3-45d3-9f85-371eb385cf88,http://data.europa.eu/esco/skill/e1b9df19-98c3-45d3-9f85-371eb385cf88,deal with changing operational demand,skill/competence,occupation-specific
e1dc3eab-4d66-4ae5-a089-b9d884fd4e5a,http://data.europa.eu/esco/skill/e1dc3eab-4d66-4ae5-a089-b9d884fd4e5a,claims procedures,knowledge,sector-specific
e1e94871-b7d2-4492-a205-75ea078f9951,http://data.europa.eu/esco/skill/e1e94871-b7d2-4492-a205-75ea078f9951,build international relations,skill/competence,cross-sector
e1f09038-b493-4771-ae29-a2d3e7ea013a,http://data.europa.eu/esco/skill/e1f09038-b493-4771-ae29-a2d3e7ea013a,document interviews,skill/competence,cross-sector
e1f5c539-7c93-49ee-917d-a24e0d887686,http://data.europa.eu/esco/skill/e1f5c539-7c93-49ee-917d-a24e0d887686,control of expenses,skill/competence,cross-sector
e207163b-7963-4c3e-9494-7a4bb000211b,http://data.europa.eu/esco/skill/e207163b-7963-4c3e-9494-7a4bb000211b,estimate duration of work,skill/competence,cross-sector
e2103a1d-4a84-47a9-b4f7-774787573449,http://data.europa.eu/esco/skill/e2103a1d-4a84-47a9-b4f7-774787573449,copyright legislation,knowledge,cross-sector
e2482d6f-90c8-4b93-997b-7d2556d2579d,http://data.europa.eu/esco/skill/e2482d6f-90c8-4b93-997b-7d2556d2579d,identify if a company is a going concern,skill/competence,sector-specific
e258707b-7676-4e9b-9c36-20c38018b349,http://data.europa.eu/esco/skill/e258707b-7676-4e9b-9c36-20c38018b349,publishing market,knowledge,sector-specific
e2c81781-19c8-4349-94a2-7ae3a541596a,http://data.europa.eu/esco/skill/e2c81781-19c8-4349-94a2-7ae3a541596a,detect drug abuse,skill/competence,cross-sector
e2d0daae-2aa1-40cc-99e2-b340b02f97d3,http://data.europa.eu/esco/skill/e2d0daae-2aa1-40cc-99e2-b340b02f97d3,product data management,knowledge,cross-sector
e2e15494-65b9-4af5-8b86-53fb51e7e022,http://data.europa.eu/esco/skill/e2e15494-65b9-4af5-8b86-53fb51e7e022,manage accounts,skill/competence,cross-sector
e2fb1ee4-fbf9-4690-b677-3e6ff7cfdc48,http://data.europa.eu/esco/skill/e2fb1ee4-fbf9-4690-b677-3e6ff7cfdc48,test ICT queries,skill/competence,occupation-specific
e307e333-426d-4e7e-81f0-16cff013a20f,http://data.europa.eu/esco/skill/e307e333-426d-4e7e-81f0-16cff013a20f,cancellation policies of service providers,knowledge,cross-sector
e3145bd7-7f35-44ec-a5dc-4417c5c9ab9a,http://data.europa.eu/esco/skill/e3145bd7-7f35-44ec-a5dc-4417c5c9ab9a,instructional design models,knowledge,sector-specific
e3211ab2-18b5-49b4-90de-d395f3be2378,http://data.europa.eu/esco/skill/e3211ab2-18b5-49b4-90de-d395f3be2378,execute working instructions,skill/competence,cross-sector
e33f2942-c4e7-4cfa-8b5a-4e068ab5b1aa,http://data.europa.eu/esco/skill/e33f2942-c4e7-4cfa-8b5a-4e068ab5b1aa,writing style guides,knowledge,cross-sector
e345cf05-bc6b-43a6-aca3-2f9c1ec0e772,http://data.europa.eu/esco/skill/e345cf05-bc6b-43a6-aca3-2f9c1ec0e772,maintain register of shareholders,skill/competence,cross-sector
e37a6dcf-68c8-4afd-a2ca-503bbaa4a140,http://data.europa.eu/esco/skill/e37a6dcf-68c8-4afd-a2ca-503bbaa4a140,notify customers on special offers,skill/competence,sector-specific
e38215f6-be98-420c-8724-ba2e77881895,http://data.europa.eu/esco/skill/e38215f6-be98-420c-8724-ba2e77881895,household products,knowledge,sector-specific
e38cbdd2-cd6c-451a-a9bd-9bc6355dafe8,http://data.europa.eu/esco/skill/e38cbdd2-cd6c-451a-a9bd-9bc6355dafe8,inform on government funding,skill/competence,cross-sector
e3c7bd87-edc1-4d9a-a3d5-36415de1aac6,http://data.europa.eu/esco/skill/e3c7bd87-edc1-4d9a-a3d5-36415de1aac6,offer financial services,skill/competence,sector-specific
e3e42d54-78bd-4337-aa87-bb31a7670c9a,http://data.europa.eu/esco/skill/e3e42d54-78bd-4337-aa87-bb31a7670c9a,issue sales invoices,skill/competence,sector-specific
e3ef4981-2cba-4b34-b273-728c3a33d04f,http://data.europa.eu/esco/skill/e3ef4981-2cba-4b34-b273-728c3a33d04f,apply intercultural teaching strategies,skill/competence,cross-sector
e437eba1-3e22-41f2-8703-741e94785cba,http://data.europa.eu/esco/skill/e437eba1-3e22-41f2-8703-741e94785cba,human resource management,knowledge,cross-sector
e45507ff-c1e2-4e0c-92fb-b6c0e6cb6245,http://data.europa.eu/esco/skill/e45507ff-c1e2-4e0c-92fb-b6c0e6cb6245,photovoltaic systems,knowledge,sector-specific
e46291c7-52b9-4174-bd59-178884861038,http://data.europa.eu/esco/skill/e46291c7-52b9-4174-bd59-178884861038,Hadoop,knowledge,sector-specific
e464363b-8346-421d-9035-52118b76d8c8,http://data.europa.eu/esco/skill/e464363b-8346-421d-9035-52118b76d8c8,computational biology,knowledge,sector-specific
e465a154-93f7-4973-9ce1-31659fe16dd2,http://data.europa.eu/esco/skill/e465a154-93f7-4973-9ce1-31659fe16dd2,principles of artificial intelligence,knowledge,sector-specific
e49c4d19-dea6-42a1-bde2-30d69dc0ca24,http://data.europa.eu/esco/skill/e49c4d19-dea6-42a1-bde2-30d69dc0ca24,profile people,skill/competence,sector-specific
e4a57b51-16d7-4dfc-bb47-6aa401e39b2e,http://data.europa.eu/esco/skill/e4a57b51-16d7-4dfc-bb47-6aa401e39b2e,analyse insurance risk,skill/competence,cross-sector
e4a7d2be-9cdd-43c6-ab43-8060fe5ad5c8,http://data.europa.eu/esco/skill/e4a7d2be-9cdd-43c6-ab43-8060fe5ad5c8,monitor organisation climate,skill/competence,sector-specific
e4a9ec84-4eb3-494b-8a70-0fcf0d687f03,http://data.europa.eu/esco/skill/e4a9ec84-4eb3-494b-8a70-0fcf0d687f03,tend lathe,skill/competence,cross-sector
e4c205f6-55ba-4bed-9c5d-2032058300c0,http://data.europa.eu/esco/skill/e4c205f6-55ba-4bed-9c5d-2032058300c0,financial jurisdiction,knowledge,cross-sector
e50189e9-ec1a-4155-b187-8d99620f42fa,http://data.europa.eu/esco/skill/e50189e9-ec1a-4155-b187-8d99620f42fa,negotiate lawyer's fee,skill/competence,cross-sector
e54ff029-1ce9-447d-a5b2-eb7283a23e6e,http://data.europa.eu/esco/skill/e54ff029-1ce9-447d-a5b2-eb7283a23e6e,train employees,skill/competence,cross-sector
e5609f89-0daf-40bb-bd6b-94f5d7498131,http://data.europa.eu/esco/skill/e5609f89-0daf-40bb-bd6b-94f5d7498131,ICT market,knowledge,sector-specific
e5635e02-2d34-4a8c-b8ca-556d45e9b20e,http://data.europa.eu/esco/skill/e5635e02-2d34-4a8c-b8ca-556d45e9b20e,identify potential markets for companies,skill/competence,cross-sector
e58a3832-4e13-458e-8efd-bfa251eed702,http://data.europa.eu/esco/skill/e58a3832-4e13-458e-8efd-bfa251eed702,maintain operational communications,skill/competence,cross-sector
e5a6e1e0-1b07-4432-83ba-77d593b2cb47,http://data.europa.eu/esco/skill/e5a6e1e0-1b07-4432-83ba-77d593b2cb47,SAS Data Management,knowledge,sector-specific
e5b5053e-0ef6-4c4e-a3f2-42f955f4322c,http://data.europa.eu/esco/skill/e5b5053e-0ef6-4c4e-a3f2-42f955f4322c,implement a firewall,skill/competence,sector-specific
e5beeff8-7c98-490a-ae2c-16fbb6a87305,http://data.europa.eu/esco/skill/e5beeff8-7c98-490a-ae2c-16fbb6a87305,manage keys for data protection,skill/competence,sector-specific
e5d1f825-60ed-4bdd-872a-e748c387f777,http://data.europa.eu/esco/skill/e5d1f825-60ed-4bdd-872a-e748c387f777,CSS,knowledge,sector-specific
e5e17773-3a63-40c5-99e4-10e036cf7b99,http://data.europa.eu/esco/skill/e5e17773-3a63-40c5-99e4-10e036cf7b99,semiconductors,knowledge,cross-sector
e66cd71d-371c-4f82-8bce-b220b8c2d6ea,http://data.europa.eu/esco/skill/e66cd71d-371c-4f82-8bce-b220b8c2d6ea,optoelectronics,knowledge,cross-sector
e6b8f934-7f35-4dc6-9a64-f6c43acdc00b,http://data.europa.eu/esco/skill/e6b8f934-7f35-4dc6-9a64-f6c43acdc00b,software components suppliers,knowledge,sector-specific
e7114462-379a-4fc4-8d7f-37b66734b52e,http://data.europa.eu/esco/skill/e7114462-379a-4fc4-8d7f-37b66734b52e,adhere to questionnaires,skill/competence,cross-sector
e717b036-2c0c-4c11-99e9-0cb4ce084fed,http://data.europa.eu/esco/skill/e717b036-2c0c-4c11-99e9-0cb4ce084fed,perform account allocation,skill/competence,cross-sector
e71c6cee-7247-49f4-829a-141c880ae938,http://data.europa.eu/esco/skill/e71c6cee-7247-49f4-829a-141c880ae938,advice on security risk management,skill/competence,sector-specific
e7219848-a27a-4bf4-8775-d367707be7c9,http://data.europa.eu/esco/skill/e7219848-a27a-4bf4-8775-d367707be7c9,sales strategies,knowledge,sector-specific
e74f4f21-8d45-412c-b5c3-652e6167ee32,http://data.europa.eu/esco/skill/e74f4f21-8d45-412c-b5c3-652e6167ee32,content development processes,knowledge,cross-sector
e763b5c3-cfb3-48d2-9b83-fff97553ad95,http://data.europa.eu/esco/skill/e763b5c3-cfb3-48d2-9b83-fff97553ad95,microsensors,knowledge,cross-sector
e76dd90d-91c4-49c0-bfd0-dfa2c4c90c81,http://data.europa.eu/esco/skill/e76dd90d-91c4-49c0-bfd0-dfa2c4c90c81,interpret electronic design specifications,skill/competence,sector-specific
e775f5c3-3dc7-4875-8061-6ab0f329db2d,http://data.europa.eu/esco/skill/e775f5c3-3dc7-4875-8061-6ab0f329db2d,manage military logistics,skill/competence,sector-specific
e79a3803-dd53-46b0-906b-13e6d46ef687,http://data.europa.eu/esco/skill/e79a3803-dd53-46b0-906b-13e6d46ef687,quantum computing,knowledge,sector-specific
e79dab00-fe87-48f2-b8cc-f48b68bc7f35,http://data.europa.eu/esco/skill/e79dab00-fe87-48f2-b8cc-f48b68bc7f35,WhiteHat Sentinel,knowledge,sector-specific
e7b05688-c191-4c34-b8ba-9cdcb8d805ad,http://data.europa.eu/esco/skill/e7b05688-c191-4c34-b8ba-9cdcb8d805ad,develop electricity distribution schedule,skill/competence,sector-specific
e7d6c4f1-baa6-438e-ac0d-1107ddb204e9,http://data.europa.eu/esco/skill/e7d6c4f1-baa6-438e-ac0d-1107ddb204e9,search for a suitable filming location,skill/competence,sector-specific
e8171178-9a60-40a6-ad3b-510e10cfebad,http://data.europa.eu/esco/skill/e8171178-9a60-40a6-ad3b-510e10cfebad,render 3D images,skill/competence,cross-sector
e819cc1e-09d9-47f2-b418-93972852daef,http://data.europa.eu/esco/skill/e819cc1e-09d9-47f2-b418-93972852daef,MarkLogic,knowledge,sector-specific
e843973c-23dd-416a-8a9c-9e89512542fb,http://data.europa.eu/esco/skill/e843973c-23dd-416a-8a9c-9e89512542fb,logistics,knowledge,cross-sector
e8b89eb6-51e8-4c3a-babb-88b2e110376b,http://data.europa.eu/esco/skill/e8b89eb6-51e8-4c3a-babb-88b2e110376b,Pascal (computer programming),knowledge,sector-specific
e8d9ce55-7bc3-4f09-8412-0a393d4b5b96,http://data.europa.eu/esco/skill/e8d9ce55-7bc3-4f09-8412-0a393d4b5b96,compose description for web elements,skill/competence,occupation-specific
e8ef317f-c880-4c7a-929f-e08053f976bb,http://data.europa.eu/esco/skill/e8ef317f-c880-4c7a-929f-e08053f976bb,develop strategies for accessibility,skill/competence,cross-sector
e8f602f8-b98b-4071-b088-c65e016cdf98,http://data.europa.eu/esco/skill/e8f602f8-b98b-4071-b088-c65e016cdf98,media planning,knowledge,cross-sector
e8f80ec5-c423-4eb2-9f0f-805d22f844ae,http://data.europa.eu/esco/skill/e8f80ec5-c423-4eb2-9f0f-805d22f844ae,incidents and accidents recording,knowledge,sector-specific
e9030465-13c5-46d2-bdae-c2c1a9dbec86,http://data.europa.eu/esco/skill/e9030465-13c5-46d2-bdae-c2c1a9dbec86,attach accounting certificates to accounting transactions,skill/competence,cross-sector
e9160feb-109a-41eb-9604-9f898c710d0f,http://data.europa.eu/esco/skill/e9160feb-109a-41eb-9604-9f898c710d0f,oversee extra-curricular activities,skill/competence,cross-sector
e921279a-1a7e-4900-9720-bde93ae3e70e,http://data.europa.eu/esco/skill/e921279a-1a7e-4900-9720-bde93ae3e70e,prepare production prototypes,skill/competence,cross-sector
e92f4673-1dec-41ec-b6ec-36fef226359c,http://data.europa.eu/esco/skill/e92f4673-1dec-41ec-b6ec-36fef226359c,provide financial product information,skill/competence,cross-sector
e95058a6-e139-42e7-a470-72038a606649,http://data.europa.eu/esco/skill/e95058a6-e139-42e7-a470-72038a606649,assess financial viability,skill/competence,cross-sector
e9575f7f-053a-439e-8074-f93df3334e92,http://data.europa.eu/esco/skill/e9575f7f-053a-439e-8074-f93df3334e92,data ethics,knowledge,cross-sector
e97c0d89-2f81-4840-8602-e668a949482f,http://data.europa.eu/esco/skill/e97c0d89-2f81-4840-8602-e668a949482f,social justice,knowledge,cross-sector
e9d6ebab-13ad-45ce-a955-fc3f1e56add8,http://data.europa.eu/esco/skill/e9d6ebab-13ad-45ce-a955-fc3f1e56add8,plan measures to safeguard natural protected areas,skill/competence,sector-specific
ea0d953d-654f-4082-b74f-93048a7f5d60,http://data.europa.eu/esco/skill/ea0d953d-654f-4082-b74f-93048a7f5d60,anticipate the overhaul of the fleet,skill/competence,occupation-specific
ea1bf5e5-e7f0-4d2c-a415-1c39c00512b1,http://data.europa.eu/esco/skill/ea1bf5e5-e7f0-4d2c-a415-1c39c00512b1,document management,knowledge,sector-specific
ea271a04-ce7f-492f-bf2f-b6984a9a1910,http://data.europa.eu/esco/skill/ea271a04-ce7f-492f-bf2f-b6984a9a1910,read electricity meter,skill/competence,sector-specific
ea412de3-9d7a-4943-8d8c-c6d3c7495d0e,http://data.europa.eu/esco/skill/ea412de3-9d7a-4943-8d8c-c6d3c7495d0e,execute integration testing,skill/competence,sector-specific
ea451251-71ab-4f89-8c0d-53344ef7004f,http://data.europa.eu/esco/skill/ea451251-71ab-4f89-8c0d-53344ef7004f,provide legal advice,skill/competence,cross-sector
eaa9727c-df1e-407a-85d3-48cc71508bc2,http://data.europa.eu/esco/skill/eaa9727c-df1e-407a-85d3-48cc71508bc2,prepare trial accounting balances,skill/competence,cross-sector
ead58f22-0af5-467c-ac1e-b750e4e1ac6a,http://data.europa.eu/esco/skill/ead58f22-0af5-467c-ac1e-b750e4e1ac6a,develop business plans,skill/competence,sector-specific
eade4171-3d57-4fb2-9518-44d5a1da4ff5,http://data.europa.eu/esco/skill/eade4171-3d57-4fb2-9518-44d5a1da4ff5,build trust,skill/competence,cross-sector
eaece6b2-97f1-49df-b6b9-1691fb3bf797,http://data.europa.eu/esco/skill/eaece6b2-97f1-49df-b6b9-1691fb3bf797,analyse legal enforceability,skill/competence,cross-sector
eb0e5615-1575-4a86-a1a2-7d39595033c5,http://data.europa.eu/esco/skill/eb0e5615-1575-4a86-a1a2-7d39595033c5,ABAP,knowledge,sector-specific
eb275d0d-64bb-49cb-a501-72aff776088f,http://data.europa.eu/esco/skill/eb275d0d-64bb-49cb-a501-72aff776088f,use session border controller,skill/competence,sector-specific
eb2ae1c7-ba57-4695-8f29-9dd41c26e01e,http://data.europa.eu/esco/skill/eb2ae1c7-ba57-4695-8f29-9dd41c26e01e,develop online sales business plan,skill/competence,cross-sector
eb3aa8c1-fb14-47b4-a352-b7975abd2480,http://data.europa.eu/esco/skill/eb3aa8c1-fb14-47b4-a352-b7975abd2480,replicate customer software issues,skill/competence,sector-specific
eb65ce8e-61bf-49d1-99bb-cb699ba1005b,http://data.europa.eu/esco/skill/eb65ce8e-61bf-49d1-99bb-cb699ba1005b,radiation protection,knowledge,cross-sector
eb8babfb-ab91-4937-a032-6a79f82e9b7f,http://data.europa.eu/esco/skill/eb8babfb-ab91-4937-a032-6a79f82e9b7f,analyse financial risk,skill/competence,cross-sector
ebfe7b18-1fad-463f-9509-8ef1a5736045,http://data.europa.eu/esco/skill/ebfe7b18-1fad-463f-9509-8ef1a5736045,perform services in a flexible manner,skill/competence,cross-sector
ebff1a39-7261-49cd-9cb2-88f565e8dc26,http://data.europa.eu/esco/skill/ebff1a39-7261-49cd-9cb2-88f565e8dc26,develop corporate training programmes,skill/competence,cross-sector
ec0bbf39-0edd-4015-a2c3-82ad563ce3a8,http://data.europa.eu/esco/skill/ec0bbf39-0edd-4015-a2c3-82ad563ce3a8,draft corporate emails,skill/competence,cross-sector
ec410a76-f890-4012-8863-b82f2c75527c,http://data.europa.eu/esco/skill/ec410a76-f890-4012-8863-b82f2c75527c,transportation engineering,knowledge,cross-sector
ec66a2f9-db12-4eec-936a-47632bfdccfb,http://data.europa.eu/esco/skill/ec66a2f9-db12-4eec-936a-47632bfdccfb,perform smart grid feasibility study,skill/competence,sector-specific
ec66b111-d8d0-4516-88ba-ee0b6fe6f695,http://data.europa.eu/esco/skill/ec66b111-d8d0-4516-88ba-ee0b6fe6f695,process customer orders,skill/competence,cross-sector
ec6df9cb-be92-4027-80fa-83b70aabce58,http://data.europa.eu/esco/skill/ec6df9cb-be92-4027-80fa-83b70aabce58,industrial research and development,knowledge,cross-sector
ec74893f-e11b-471f-85e0-f7339da98d53,http://data.europa.eu/esco/skill/ec74893f-e11b-471f-85e0-f7339da98d53,work in vocational school,skill/competence,sector-specific
ec85cc63-4e24-4631-bf92-8789db2605c0,http://data.europa.eu/esco/skill/ec85cc63-4e24-4631-bf92-8789db2605c0,maintain database security,skill/competence,sector-specific
ec8a9c7f-1d84-4c8a-82c4-d4afe2874483,http://data.europa.eu/esco/skill/ec8a9c7f-1d84-4c8a-82c4-d4afe2874483,advise on foreign affairs policies,skill/competence,cross-sector
ecc18804-a466-40d9-98b4-fba5cd67dd4b,http://data.europa.eu/esco/skill/ecc18804-a466-40d9-98b4-fba5cd67dd4b,accounting,knowledge,cross-sector
ecc4552a-92c5-4222-b18d-faf5ac841080,http://data.europa.eu/esco/skill/ecc4552a-92c5-4222-b18d-faf5ac841080,deep learning,knowledge,cross-sector
eccd4313-c931-4e47-853e-76fdfac6e30b,http://data.europa.eu/esco/skill/eccd4313-c931-4e47-853e-76fdfac6e30b,classify insurance claims,skill/competence,sector-specific
ecd368bc-6383-4a03-9b61-46e0a94750f7,http://data.europa.eu/esco/skill/ecd368bc-6383-4a03-9b61-46e0a94750f7,instruct on energy saving technologies,skill/competence,sector-specific
ecd3a74e-6060-4510-8c4a-b6400a8ef299,http://data.europa.eu/esco/skill/ecd3a74e-6060-4510-8c4a-b6400a8ef299,organise projects to fill education needs,skill/competence,cross-sector
ece25f2f-e91a-4186-a221-caa715195fd7,http://data.europa.eu/esco/skill/ece25f2f-e91a-4186-a221-caa715195fd7,show diplomacy,skill/competence,cross-sector
ed0718f6-5823-4c74-9749-2936c9c06203,http://data.europa.eu/esco/skill/ed0718f6-5823-4c74-9749-2936c9c06203,develop audit plan,skill/competence,cross-sector
ed183385-b82e-46c5-83d0-dfdd2625d2ff,http://data.europa.eu/esco/skill/ed183385-b82e-46c5-83d0-dfdd2625d2ff,manage brand assets,skill/competence,cross-sector
ed1d8bd4-cd2a-4c64-b665-56d70651026c,http://data.europa.eu/esco/skill/ed1d8bd4-cd2a-4c64-b665-56d70651026c,Prototyping development,knowledge,sector-specific
ed1fbdc3-1071-423c-9bb4-e3288ca6d1fe,http://data.europa.eu/esco/skill/ed1fbdc3-1071-423c-9bb4-e3288ca6d1fe,hardware components suppliers,knowledge,sector-specific
ed392b45-1087-44a7-89a9-d514224639ff,http://data.europa.eu/esco/skill/ed392b45-1087-44a7-89a9-d514224639ff,conduct mobile marketing,skill/competence,cross-sector
ed39edd3-44d0-4a16-9796-bfb99f92baf3,http://data.europa.eu/esco/skill/ed39edd3-44d0-4a16-9796-bfb99f92baf3,ICT performance analysis methods,knowledge,sector-specific
ed3f3dba-3a35-4ed5-b113-67f4d10ef4c8,http://data.europa.eu/esco/skill/ed3f3dba-3a35-4ed5-b113-67f4d10ef4c8,scientific research methodology,knowledge,cross-sector
ed57378a-2b27-4d80-8701-124e559cf17d,http://data.europa.eu/esco/skill/ed57378a-2b27-4d80-8701-124e559cf17d,liaise with educational staff,skill/competence,cross-sector
ed8de897-adbe-4f0e-b4d2-534953e64c72,http://data.europa.eu/esco/skill/ed8de897-adbe-4f0e-b4d2-534953e64c72,integrate system components,skill/competence,sector-specific
eda4d727-4374-49af-ace4-118c7c906835,http://data.europa.eu/esco/skill/eda4d727-4374-49af-ace4-118c7c906835,search engine optimisation,knowledge,sector-specific
edebd83d-35f6-4ed5-a940-6c203d178c01,http://data.europa.eu/esco/skill/edebd83d-35f6-4ed5-a940-6c203d178c01,data science,knowledge,cross-sector
edf081e4-d2dc-4a60-8c49-7b7e45b5ebe3,http://data.europa.eu/esco/skill/edf081e4-d2dc-4a60-8c49-7b7e45b5ebe3,create risk maps,skill/competence,sector-specific
edff6d20-660d-4d33-b412-9a5b664a14be,http://data.europa.eu/esco/skill/edff6d20-660d-4d33-b412-9a5b664a14be,curriculum objectives,knowledge,cross-sector
ee02393d-27dd-438a-8879-b8088ce45e79,http://data.europa.eu/esco/skill/ee02393d-27dd-438a-8879-b8088ce45e79,ICT environmental policies,knowledge,occupation-specific
ee1d5734-89b8-4519-81f1-733a6b4f8df8,http://data.europa.eu/esco/skill/ee1d5734-89b8-4519-81f1-733a6b4f8df8,monitor customer service,skill/competence,cross-sector
ee3b1553-2dc5-434b-8dcf-4ae3a40b3a48,http://data.europa.eu/esco/skill/ee3b1553-2dc5-434b-8dcf-4ae3a40b3a48,verify formal ICT specifications,skill/competence,sector-specific
ee3c1d54-f46a-43c7-a0f9-0ba3648164d0,http://data.europa.eu/esco/skill/ee3c1d54-f46a-43c7-a0f9-0ba3648164d0,design enterprise architecture,skill/competence,sector-specific
ee46e1d3-a52c-4113-aab9-38dbc907085d,http://data.europa.eu/esco/skill/ee46e1d3-a52c-4113-aab9-38dbc907085d,distributed ledger technologies consensus protocols,knowledge,sector-specific
ee6a9d20-0132-4f31-9da3-32fdc5749a9b,http://data.europa.eu/esco/skill/ee6a9d20-0132-4f31-9da3-32fdc5749a9b,allocate paychecks,skill/competence,occupation-specific
ee7f90cc-922e-4da7-a7ae-83c2688fed10,http://data.europa.eu/esco/skill/ee7f90cc-922e-4da7-a7ae-83c2688fed10,align efforts towards business development,skill/competence,cross-sector
ee8fee1a-75c1-43fb-b08d-779929f99249,http://data.europa.eu/esco/skill/ee8fee1a-75c1-43fb-b08d-779929f99249,apply control process statistical methods,skill/competence,cross-sector
eeb62ae4-56e9-4ec4-b5d0-9b01d3765775,http://data.europa.eu/esco/skill/eeb62ae4-56e9-4ec4-b5d0-9b01d3765775,perform mystery shopping,skill/competence,cross-sector
ef010091-ddce-410d-9864-9276ef6fe390,http://data.europa.eu/esco/skill/ef010091-ddce-410d-9864-9276ef6fe390,district heating and cooling,knowledge,sector-specific
ef069fe6-305b-4452-8f7d-0c572e98effc,http://data.europa.eu/esco/skill/ef069fe6-305b-4452-8f7d-0c572e98effc,mobile marketing,knowledge,sector-specific
ef18b91e-e917-42f1-a40c-8558b738ab35,http://data.europa.eu/esco/skill/ef18b91e-e917-42f1-a40c-8558b738ab35,decode handwritten texts,skill/competence,cross-sector
ef64005d-75bc-4597-8ed6-717edec5e55e,http://data.europa.eu/esco/skill/ef64005d-75bc-4597-8ed6-717edec5e55e,enhance website visibility,skill/competence,cross-sector
efa141df-f382-418f-9121-bd88fd735669,http://data.europa.eu/esco/skill/efa141df-f382-418f-9121-bd88fd735669,mechanics,knowledge,cross-sector
efacdaad-ab73-4056-bee3-4eb34b458bf6,http://data.europa.eu/esco/skill/efacdaad-ab73-4056-bee3-4eb34b458bf6,industrial design,knowledge,cross-sector
efb523d0-c998-440d-8639-cd14ba841c4c,http://data.europa.eu/esco/skill/efb523d0-c998-440d-8639-cd14ba841c4c,public law,knowledge,cross-sector
efc49485-b24b-46d5-825c-d9d80864c8da,http://data.europa.eu/esco/skill/efc49485-b24b-46d5-825c-d9d80864c8da,manage the fleet according to planned operations,skill/competence,occupation-specific
efc5534d-3631-4564-a7b0-f6ae558f3c03,http://data.europa.eu/esco/skill/efc5534d-3631-4564-a7b0-f6ae558f3c03,ensure conformity to specifications,skill/competence,cross-sector
efe9be37-2433-4b58-95f4-283f2c048104,http://data.europa.eu/esco/skill/efe9be37-2433-4b58-95f4-283f2c048104,advise on participation in financial markets,skill/competence,cross-sector
eff1bb34-b454-4482-8c29-65f820619f3c,http://data.europa.eu/esco/skill/eff1bb34-b454-4482-8c29-65f820619f3c,insourcing strategy,knowledge,sector-specific
f0010b93-5552-45cb-ad26-168c8168f319,http://data.europa.eu/esco/skill/f0010b93-5552-45cb-ad26-168c8168f319,Nexpose,knowledge,sector-specific
f0153530-9ff3-4fe6-8f9e-012d06ac5b89,http://data.europa.eu/esco/skill/f0153530-9ff3-4fe6-8f9e-012d06ac5b89,ensure law application,skill/competence,cross-sector
f0163b63-6794-4eb7-b17b-f91d11b2602d,http://data.europa.eu/esco/skill/f0163b63-6794-4eb7-b17b-f91d11b2602d,implement cryptographic constructs,skill/competence,sector-specific
f0318969-d484-4065-87d3-90f71c63e51e,http://data.europa.eu/esco/skill/f0318969-d484-4065-87d3-90f71c63e51e,assist customers with self-service ticketing machines,skill/competence,occupation-specific
f0393af3-bcd9-41af-a36e-0cfb83b60081,http://data.europa.eu/esco/skill/f0393af3-bcd9-41af-a36e-0cfb83b60081,manage standard enterprise resource planning system,skill/competence,sector-specific
f049d050-12da-4e40-813a-2b5eb6df6b51,http://data.europa.eu/esco/skill/f049d050-12da-4e40-813a-2b5eb6df6b51,Internet of Things,knowledge,sector-specific
f058bf62-70d1-4f5e-be2a-8b26fac24a96,http://data.europa.eu/esco/skill/f058bf62-70d1-4f5e-be2a-8b26fac24a96,design graphics,skill/competence,cross-sector
f0699875-51da-48d2-bc92-54b0749baef1,http://data.europa.eu/esco/skill/f0699875-51da-48d2-bc92-54b0749baef1,develop course outline,skill/competence,cross-sector
f09e70cb-5d8c-4c57-b027-a45127c0bf92,http://data.europa.eu/esco/skill/f09e70cb-5d8c-4c57-b027-a45127c0bf92,secure sensitive customer's information,skill/competence,sector-specific
f0a1db01-ffbd-4366-8120-add9bd134ffd,http://data.europa.eu/esco/skill/f0a1db01-ffbd-4366-8120-add9bd134ffd,supervise advocacy work,skill/competence,cross-sector
f0a84d52-91fd-45ec-9fe9-e363d9318b9e,http://data.europa.eu/esco/skill/f0a84d52-91fd-45ec-9fe9-e363d9318b9e,have emotional intelligence,skill/competence,sector-specific
f0b45409-42ca-42bc-a701-041e594d0657,http://data.europa.eu/esco/skill/f0b45409-42ca-42bc-a701-041e594d0657,ensure gender equality in the workplace,skill/competence,cross-sector
f0de4973-0a70-4644-8fd4-3a97080476f4,http://data.europa.eu/esco/skill/f0de4973-0a70-4644-8fd4-3a97080476f4,DevOps,knowledge,sector-specific
f0f5bb34-71df-4715-9c9e-03567b76ec8f,http://data.europa.eu/esco/skill/f0f5bb34-71df-4715-9c9e-03567b76ec8f,create website wireframe,skill/competence,sector-specific
f0ff6f10-cbb4-44c0-acd5-ed17046b1396,http://data.europa.eu/esco/skill/f0ff6f10-cbb4-44c0-acd5-ed17046b1396,install signal repeaters,skill/competence,sector-specific
f10142ce-d522-49c3-9fd1-054fb63529d4,http://data.europa.eu/esco/skill/f10142ce-d522-49c3-9fd1-054fb63529d4,develop test procedures,skill/competence,cross-sector
f1155d3f-fbca-4298-a31c-f6955653bacf,http://data.europa.eu/esco/skill/f1155d3f-fbca-4298-a31c-f6955653bacf,shape organisational teams based on competencies,skill/competence,cross-sector
f12e0891-dbcf-4225-9574-a619f39ec0c3,http://data.europa.eu/esco/skill/f12e0891-dbcf-4225-9574-a619f39ec0c3,check stories,skill/competence,sector-specific
f14ff4b7-be1e-4b55-b39b-520005f8a97e,http://data.europa.eu/esco/skill/f14ff4b7-be1e-4b55-b39b-520005f8a97e,liaise with managers,skill/competence,cross-sector
f17f94f1-88cb-4815-873a-2a9639f10729,http://data.europa.eu/esco/skill/f17f94f1-88cb-4815-873a-2a9639f10729,draft project documentation,skill/competence,cross-sector
f191c306-f0eb-4cb8-82fb-3331adbbc6f1,http://data.europa.eu/esco/skill/f191c306-f0eb-4cb8-82fb-3331adbbc6f1,adapt energy distribution schedules,skill/competence,sector-specific
f19f2c6d-3f1d-4231-9fd9-ece77ed359d7,http://data.europa.eu/esco/skill/f19f2c6d-3f1d-4231-9fd9-ece77ed359d7,prepare assembly drawings,skill/competence,cross-sector
f1a56786-e6d7-4b2e-a39c-23e09024d473,http://data.europa.eu/esco/skill/f1a56786-e6d7-4b2e-a39c-23e09024d473,concepts of telecommunications,knowledge,sector-specific
f1b5800e-b763-4740-9586-3fef30568e81,http://data.europa.eu/esco/skill/f1b5800e-b763-4740-9586-3fef30568e81,analyse production processes for improvement,skill/competence,cross-sector
f1efe8d2-42b2-4fba-999f-2409f7685221,http://data.europa.eu/esco/skill/f1efe8d2-42b2-4fba-999f-2409f7685221,prepare real estate contract,skill/competence,sector-specific
f1f5eb7f-1776-456b-83a4-f3e06df2da5a,http://data.europa.eu/esco/skill/f1f5eb7f-1776-456b-83a4-f3e06df2da5a,apply territory planning,skill/competence,cross-sector
f2051d94-4877-4f20-b1c6-31cca9132884,http://data.europa.eu/esco/skill/f2051d94-4877-4f20-b1c6-31cca9132884,lead a team in hospitality service,skill/competence,occupation-specific
f206e732-110c-47ce-a53f-f00c9d97c90d,http://data.europa.eu/esco/skill/f206e732-110c-47ce-a53f-f00c9d97c90d,talent management strategies,knowledge,occupation-specific
f23ced50-862a-49d8-b7f6-a5c4bd6b49af,http://data.europa.eu/esco/skill/f23ced50-862a-49d8-b7f6-a5c4bd6b49af,prepare survey report,skill/competence,cross-sector
f241fbf8-08a2-4c05-b9c1-3438d3e648dd,http://data.europa.eu/esco/skill/f241fbf8-08a2-4c05-b9c1-3438d3e648dd,revise drafts made by managers,skill/competence,cross-sector
f263da7f-0708-42c2-b1a9-39083416f632,http://data.europa.eu/esco/skill/f263da7f-0708-42c2-b1a9-39083416f632,communicate analytical insights,skill/competence,sector-specific
f28617ad-afdd-4041-814c-216153a38998,http://data.europa.eu/esco/skill/f28617ad-afdd-4041-814c-216153a38998,analyse software specifications,skill/competence,sector-specific
f28c3e9b-8666-48d4-a5e4-542ac193879b,http://data.europa.eu/esco/skill/f28c3e9b-8666-48d4-a5e4-542ac193879b,advise on social security benefits,skill/competence,cross-sector
f298831b-9eb5-4d26-b4e4-7efd04f3cf57,http://data.europa.eu/esco/skill/f298831b-9eb5-4d26-b4e4-7efd04f3cf57,monitor bond market,skill/competence,occupation-specific
f2a34d6b-131a-4b8f-a110-898b9c91d18f,http://data.europa.eu/esco/skill/f2a34d6b-131a-4b8f-a110-898b9c91d18f,forecast economic trends,skill/competence,cross-sector
f2c26cd0-f823-4549-a418-f84d23131308,http://data.europa.eu/esco/skill/f2c26cd0-f823-4549-a418-f84d23131308,THC Hydra,knowledge,sector-specific
f2c63b7a-ed6c-4890-9f8c-7685d172624c,http://data.europa.eu/esco/skill/f2c63b7a-ed6c-4890-9f8c-7685d172624c,implement corporate governance,skill/competence,sector-specific
f2d57f41-43b4-4f5b-8100-3df5c21eda50,http://data.europa.eu/esco/skill/f2d57f41-43b4-4f5b-8100-3df5c21eda50,process data,skill/competence,cross-sector
f2ee4067-d66b-4c18-bb56-27e32a0c88dc,http://data.europa.eu/esco/skill/f2ee4067-d66b-4c18-bb56-27e32a0c88dc,improve rail service delivery,skill/competence,sector-specific
f2eed0ad-6572-461a-b1a6-a4d2b5c2e6b5,http://data.europa.eu/esco/skill/f2eed0ad-6572-461a-b1a6-a4d2b5c2e6b5,interview insurance claimants,skill/competence,sector-specific
f36fb0bd-21d5-4347-b484-69c735f4e700,http://data.europa.eu/esco/skill/f36fb0bd-21d5-4347-b484-69c735f4e700,OmniPage,knowledge,sector-specific
f37d9f67-2e79-4958-8307-1ce9d6dcc8bd,http://data.europa.eu/esco/skill/f37d9f67-2e79-4958-8307-1ce9d6dcc8bd,apply customer engagement strategy,skill/competence,cross-sector
f399a9c1-be41-4117-bf86-a64b503c4cfd,http://data.europa.eu/esco/skill/f399a9c1-be41-4117-bf86-a64b503c4cfd,supervise data entry,skill/competence,cross-sector
f39a5dcd-1b8b-4eff-a021-a96196fd71eb,http://data.europa.eu/esco/skill/f39a5dcd-1b8b-4eff-a021-a96196fd71eb,follow the news,skill/competence,sector-specific
f3c5fae0-c0e3-4410-bc09-62bd82d4cecc,http://data.europa.eu/esco/skill/f3c5fae0-c0e3-4410-bc09-62bd82d4cecc,support employability of people with disabilities,skill/competence,cross-sector
f3cc52e3-a96c-4549-b841-6e41a846fa99,http://data.europa.eu/esco/skill/f3cc52e3-a96c-4549-b841-6e41a846fa99,report on environmental issues,skill/competence,cross-sector
f414dc08-35bd-4bc7-846d-88a3844d057c,http://data.europa.eu/esco/skill/f414dc08-35bd-4bc7-846d-88a3844d057c,trendwatching,knowledge,cross-sector
f41d4cd2-58ed-4ad6-b9c1-a5175c88d392,http://data.europa.eu/esco/skill/f41d4cd2-58ed-4ad6-b9c1-a5175c88d392,manage facilities services,skill/competence,cross-sector
f41f860f-91ab-4ca7-a906-483fa9d13c16,http://data.europa.eu/esco/skill/f41f860f-91ab-4ca7-a906-483fa9d13c16,prospect new regional contracts,skill/competence,sector-specific
f43ee9cc-7284-406f-b23f-3eedb0581141,http://data.europa.eu/esco/skill/f43ee9cc-7284-406f-b23f-3eedb0581141,identify clients' needs,skill/competence,cross-sector
f47a1998-0beb-43be-9f46-380aa4d183da,http://data.europa.eu/esco/skill/f47a1998-0beb-43be-9f46-380aa4d183da,Jenkins (tools for software configuration management),knowledge,sector-specific
f4a6e9f7-5cff-46c0-894c-59c20bb78694,http://data.europa.eu/esco/skill/f4a6e9f7-5cff-46c0-894c-59c20bb78694,automation technology,knowledge,cross-sector
f4a85869-1855-45d5-a43c-7ee8cd451996,http://data.europa.eu/esco/skill/f4a85869-1855-45d5-a43c-7ee8cd451996,perform ICT security testing,skill/competence,sector-specific
f4cd7802-123a-4bd5-9bfa-bf915a04e969,http://data.europa.eu/esco/skill/f4cd7802-123a-4bd5-9bfa-bf915a04e969,public offering,knowledge,cross-sector
f4d3a8ff-2db1-4015-aa28-d4564afef3fd,http://data.europa.eu/esco/skill/f4d3a8ff-2db1-4015-aa28-d4564afef3fd,keep records on sales,skill/competence,sector-specific
f5122357-c3f7-4f3e-b0cc-25173199d554,http://data.europa.eu/esco/skill/f5122357-c3f7-4f3e-b0cc-25173199d554,teach communication methods,skill/competence,cross-sector
f5308e60-d763-4ead-be95-88c96fb3e02b,http://data.europa.eu/esco/skill/f5308e60-d763-4ead-be95-88c96fb3e02b,adapt to changes in technological development plans,skill/competence,sector-specific
f5369f2f-e52b-43d8-8d31-79a6c11188d8,http://data.europa.eu/esco/skill/f5369f2f-e52b-43d8-8d31-79a6c11188d8,digital content creation,,
f54c10e4-630d-4e50-95e9-4e9e268e8f12,http://data.europa.eu/esco/skill/f54c10e4-630d-4e50-95e9-4e9e268e8f12,approve engineering design,skill/competence,cross-sector
f5652e8e-7e25-4f3a-bd31-509c8406213f,http://data.europa.eu/esco/skill/f5652e8e-7e25-4f3a-bd31-509c8406213f,supervise accounting operations,skill/competence,cross-sector
f5794c88-ab8e-4208-a9e6-95d6cf9b5a6f,http://data.europa.eu/esco/skill/f5794c88-ab8e-4208-a9e6-95d6cf9b5a6f,coordinate import transportation activities,skill/competence,sector-specific
f597f772-24d3-4cec-813c-cf5a7027c794,http://data.europa.eu/esco/skill/f597f772-24d3-4cec-813c-cf5a7027c794,N1QL,knowledge,sector-specific
f5ac9226-0ace-4d34-a1c3-7b3845834a98,http://data.europa.eu/esco/skill/f5ac9226-0ace-4d34-a1c3-7b3845834a98,maintain ICT server,skill/competence,sector-specific
f5afbe94-c8e6-492d-9b9d-8349a417f92e,http://data.europa.eu/esco/skill/f5afbe94-c8e6-492d-9b9d-8349a417f92e,detect financial crime,skill/competence,cross-sector
f5bf985b-ac78-4d23-881a-18a359234528,http://data.europa.eu/esco/skill/f5bf985b-ac78-4d23-881a-18a359234528,corporate sustainability,knowledge,sector-specific
f5dc20ae-8b2f-4c9b-b4fa-e9e8c81dbcf4,http://data.europa.eu/esco/skill/f5dc20ae-8b2f-4c9b-b4fa-e9e8c81dbcf4,encourage students to acknowledge their achievements,skill/competence,cross-sector
f5dd06b8-5d17-4932-9d03-957d0c4f5051,http://data.europa.eu/esco/skill/f5dd06b8-5d17-4932-9d03-957d0c4f5051,perform resource planning,skill/competence,cross-sector
f5f5b244-6cea-4fbc-8a50-8f712791bc09,http://data.europa.eu/esco/skill/f5f5b244-6cea-4fbc-8a50-8f712791bc09,follow company standards,skill/competence,cross-sector
f6068fdb-8033-48ee-9444-5cbd2b40ba64,http://data.europa.eu/esco/skill/f6068fdb-8033-48ee-9444-5cbd2b40ba64,apply credit stress testing methodologies,skill/competence,cross-sector
f60c9e52-95fc-4ca1-a73c-18a491153b63,http://data.europa.eu/esco/skill/f60c9e52-95fc-4ca1-a73c-18a491153b63,make strategic business decisions,skill/competence,cross-sector
f632251a-4078-4546-b19f-7ef528d08325,http://data.europa.eu/esco/skill/f632251a-4078-4546-b19f-7ef528d08325,use IT tools,skill/competence,cross-sector
f6424ebb-8401-446b-9f7e-10d7c854da02,http://data.europa.eu/esco/skill/f6424ebb-8401-446b-9f7e-10d7c854da02,ICT network simulation,knowledge,sector-specific
f642d7ed-e8d7-4355-a747-b85094d4e2e3,http://data.europa.eu/esco/skill/f642d7ed-e8d7-4355-a747-b85094d4e2e3,prioritise requests,skill/competence,cross-sector
f672b7a0-698e-45f1-a102-51adeaf89200,http://data.europa.eu/esco/skill/f672b7a0-698e-45f1-a102-51adeaf89200,develop efficiency plans for logistics operations,skill/competence,sector-specific
f683ae1d-cb7c-4aa1-b9fe-205e1bd23535,http://data.europa.eu/esco/skill/f683ae1d-cb7c-4aa1-b9fe-205e1bd23535,use microsoft office,skill/competence,cross-sector
f6868852-9bf6-4899-a5d6-5f9532fb877d,http://data.europa.eu/esco/skill/f6868852-9bf6-4899-a5d6-5f9532fb877d,design component interfaces,skill/competence,occupation-specific
f698f8df-b473-40aa-a5c9-033cd892467a,http://data.europa.eu/esco/skill/f698f8df-b473-40aa-a5c9-033cd892467a,keep up-to-date with regulations,skill/competence,cross-sector
f6ac6241-adb2-4ce2-b35f-09832cbb11ea,http://data.europa.eu/esco/skill/f6ac6241-adb2-4ce2-b35f-09832cbb11ea,empirical analysis,knowledge,cross-sector
f6d294f4-db62-4fc5-a7b8-778e5071c112,http://data.europa.eu/esco/skill/f6d294f4-db62-4fc5-a7b8-778e5071c112,carry out forum moderation,skill/competence,cross-sector
f6d5f009-b188-45ef-98e0-18d700744892,http://data.europa.eu/esco/skill/f6d5f009-b188-45ef-98e0-18d700744892,strategies for handling cases of elder abuse,knowledge,sector-specific
f7091334-10da-4ad6-b74a-8528a01a03f4,http://data.europa.eu/esco/skill/f7091334-10da-4ad6-b74a-8528a01a03f4,expand the network of providers,skill/competence,occupation-specific
f70b5f39-b8b6-407b-8c08-64fd65db79e9,http://data.europa.eu/esco/skill/f70b5f39-b8b6-407b-8c08-64fd65db79e9,handle financial disputes,skill/competence,cross-sector
f715be1d-5fc4-49d3-82a5-0b8090d12849,http://data.europa.eu/esco/skill/f715be1d-5fc4-49d3-82a5-0b8090d12849,synthesise information,skill/competence,cross-sector
f73ed9e8-65c6-450d-9f19-8f3f8266689c,http://data.europa.eu/esco/skill/f73ed9e8-65c6-450d-9f19-8f3f8266689c,design questionnaires,skill/competence,cross-sector
f75b740c-b36c-495e-bc67-efe347bbc6b5,http://data.europa.eu/esco/skill/f75b740c-b36c-495e-bc67-efe347bbc6b5,company policies,knowledge,sector-specific
f77b73f0-8c65-4389-a3ae-3a57a73ad148,http://data.europa.eu/esco/skill/f77b73f0-8c65-4389-a3ae-3a57a73ad148,develop employee retention programs,skill/competence,sector-specific
f780a6ad-b01e-4c35-9746-af8fc0c5ad06,http://data.europa.eu/esco/skill/f780a6ad-b01e-4c35-9746-af8fc0c5ad06,apply crisis management,skill/competence,sector-specific
f78d5c04-a440-4068-90c2-fab03409a911,http://data.europa.eu/esco/skill/f78d5c04-a440-4068-90c2-fab03409a911,manage government policy implementation,skill/competence,cross-sector
f7940b22-764a-43f0-9642-f60f5897109b,http://data.europa.eu/esco/skill/f7940b22-764a-43f0-9642-f60f5897109b,counsel students,skill/competence,cross-sector
f79e4715-5776-485c-ab7d-631c9b8d70ad,http://data.europa.eu/esco/skill/f79e4715-5776-485c-ab7d-631c9b8d70ad,manage contract disputes,skill/competence,cross-sector
f7b071bf-4882-4cfc-ae0a-7e0e0ab94c61,http://data.europa.eu/esco/skill/f7b071bf-4882-4cfc-ae0a-7e0e0ab94c61,conduct research across disciplines,skill/competence,cross-sector
f7b5d916-52f0-4865-b6a6-e1a3b711cb5e,http://data.europa.eu/esco/skill/f7b5d916-52f0-4865-b6a6-e1a3b711cb5e,implement strategic planning,skill/competence,cross-sector
f7e051fc-8f7b-45b3-8911-8ffb9b951f4a,http://data.europa.eu/esco/skill/f7e051fc-8f7b-45b3-8911-8ffb9b951f4a,blockchain consensus mechanisms,knowledge,sector-specific
f7e2eb04-3e50-4561-bce1-7e51a1fec308,http://data.europa.eu/esco/skill/f7e2eb04-3e50-4561-bce1-7e51a1fec308,define software architecture,skill/competence,sector-specific
f7e7ccb6-fadc-4c35-935d-e1040be40dfe,http://data.europa.eu/esco/skill/f7e7ccb6-fadc-4c35-935d-e1040be40dfe,handle financial transactions,skill/competence,cross-sector
f8413360-6114-40de-a276-c59b764b9913,http://data.europa.eu/esco/skill/f8413360-6114-40de-a276-c59b764b9913,renewable energy,knowledge,cross-sector
f84a433f-34f1-4083-b0a3-24802623509c,http://data.europa.eu/esco/skill/f84a433f-34f1-4083-b0a3-24802623509c,web services,knowledge,sector-specific
f85bb847-febe-4853-9dbf-7d25424e5921,http://data.europa.eu/esco/skill/f85bb847-febe-4853-9dbf-7d25424e5921,civil process order,knowledge,cross-sector
f88002a8-6355-4d33-9496-285c166ff375,http://data.europa.eu/esco/skill/f88002a8-6355-4d33-9496-285c166ff375,ICT power consumption,knowledge,sector-specific
f88cb903-83a2-44a3-98a8-e72180ec37a9,http://data.europa.eu/esco/skill/f88cb903-83a2-44a3-98a8-e72180ec37a9,plan research process,skill/competence,sector-specific
f8aa753b-25d3-403f-9634-17c603ab1de0,http://data.europa.eu/esco/skill/f8aa753b-25d3-403f-9634-17c603ab1de0,glassware products,knowledge,sector-specific
f8e3425c-fe44-4ffb-bafe-0e20d91dadf4,http://data.europa.eu/esco/skill/f8e3425c-fe44-4ffb-bafe-0e20d91dadf4,SAP Data Services,knowledge,sector-specific
f8f1f725-0105-41fa-9887-4df9e7a7af1e,http://data.europa.eu/esco/skill/f8f1f725-0105-41fa-9887-4df9e7a7af1e,manage email hosting service,skill/competence,sector-specific
f929c89e-c363-4132-a918-e021d57b307c,http://data.europa.eu/esco/skill/f929c89e-c363-4132-a918-e021d57b307c,supply chain management,knowledge,cross-sector
f9411f5f-0bb8-4f92-91c4-38b8b38e5179,http://data.europa.eu/esco/skill/f9411f5f-0bb8-4f92-91c4-38b8b38e5179,report to the team leader,skill/competence,sector-specific
f9670490-8aa4-4540-b121-d440a8294aab,http://data.europa.eu/esco/skill/f9670490-8aa4-4540-b121-d440a8294aab,develop data processing applications,skill/competence,occupation-specific
f975091a-e5a5-4472-ac17-11680e53e98f,http://data.europa.eu/esco/skill/f975091a-e5a5-4472-ac17-11680e53e98f,seek innovation in current practices,skill/competence,cross-sector
f9a6f35b-01a7-40c9-8b61-b6ee46f97272,http://data.europa.eu/esco/skill/f9a6f35b-01a7-40c9-8b61-b6ee46f97272,operating systems,knowledge,sector-specific
f9d70f2a-c3f0-475d-ac55-dc2e2ba856e8,http://data.europa.eu/esco/skill/f9d70f2a-c3f0-475d-ac55-dc2e2ba856e8,lead inspections,skill/competence,cross-sector
f9e788df-d68a-4f92-92c7-80e135fc35ff,http://data.europa.eu/esco/skill/f9e788df-d68a-4f92-92c7-80e135fc35ff,ICT networking hardware,knowledge,cross-sector
fa01d9a8-34ee-497f-a8ac-27726695a14d,http://data.europa.eu/esco/skill/fa01d9a8-34ee-497f-a8ac-27726695a14d,advise customers on motor vehicles,skill/competence,cross-sector
fa3567c8-a7c1-40de-bac0-a4f5a85b9f1a,http://data.europa.eu/esco/skill/fa3567c8-a7c1-40de-bac0-a4f5a85b9f1a,develop contingency plans for emergencies,skill/competence,sector-specific
fa3e5cec-703e-4d46-b3bb-e8a89540ab54,http://data.europa.eu/esco/skill/fa3e5cec-703e-4d46-b3bb-e8a89540ab54,manage digital archives,skill/competence,sector-specific
fa465db3-56e8-4b5d-a781-e2a313a4ed2d,http://data.europa.eu/esco/skill/fa465db3-56e8-4b5d-a781-e2a313a4ed2d,conduct qualitative research,skill/competence,cross-sector
fa642fc3-5cc5-41cf-8926-6617a8b976a7,http://data.europa.eu/esco/skill/fa642fc3-5cc5-41cf-8926-6617a8b976a7,promote the participation of citizens in scientific and research activities,skill/competence,cross-sector
fa7be6bf-f906-4b8e-857d-48a9a7da901c,http://data.europa.eu/esco/skill/fa7be6bf-f906-4b8e-857d-48a9a7da901c,manage warehouse operations,skill/competence,cross-sector
fabc4abb-d255-403e-bfbb-6557afb4db58,http://data.europa.eu/esco/skill/fabc4abb-d255-403e-bfbb-6557afb4db58,label samples,skill/competence,sector-specific
fae1463c-9f5c-4b4f-96be-c461703bca8c,http://data.europa.eu/esco/skill/fae1463c-9f5c-4b4f-96be-c461703bca8c,inform customers on energy consumption fees,skill/competence,sector-specific
fae27053-8924-4bfd-b565-c9fe502044c9,http://data.europa.eu/esco/skill/fae27053-8924-4bfd-b565-c9fe502044c9,system design,knowledge,sector-specific
faf208ae-d4a4-43b4-bb82-846b7348b740,http://data.europa.eu/esco/skill/faf208ae-d4a4-43b4-bb82-846b7348b740,manage information sources,skill/competence,cross-sector
faf8943c-72ff-4736-a587-25508695d6f0,http://data.europa.eu/esco/skill/faf8943c-72ff-4736-a587-25508695d6f0,maintain financial records,skill/competence,cross-sector
fafe0b9d-dbd9-46bd-b770-26299539ce66,http://data.europa.eu/esco/skill/fafe0b9d-dbd9-46bd-b770-26299539ce66,ICT process quality models,knowledge,sector-specific
fb221711-05c3-4196-ba72-813ed5bd040e,http://data.europa.eu/esco/skill/fb221711-05c3-4196-ba72-813ed5bd040e,lead the brand strategic planning process,skill/competence,cross-sector
fb39389b-07d5-439f-948b-6c6e58c0384f,http://data.europa.eu/esco/skill/fb39389b-07d5-439f-948b-6c6e58c0384f,manage transport of goods from warehouse facilities,skill/competence,sector-specific
fb3bc9b5-2297-4bba-85b1-60f696a92db8,http://data.europa.eu/esco/skill/fb3bc9b5-2297-4bba-85b1-60f696a92db8,characteristics of services,knowledge,sector-specific
fb601189-afa9-4a7b-8430-21a906483072,http://data.europa.eu/esco/skill/fb601189-afa9-4a7b-8430-21a906483072,field-programmable gate arrays,knowledge,occupation-specific
fb7aee4d-f6c6-4a87-8e9d-8e542b3771f8,http://data.europa.eu/esco/skill/fb7aee4d-f6c6-4a87-8e9d-8e542b3771f8,software metrics,knowledge,sector-specific
fb9c12af-ec45-498a-8e52-891371191557,http://data.europa.eu/esco/skill/fb9c12af-ec45-498a-8e52-891371191557,mentor individual employees,skill/competence,sector-specific
fbafa41f-cd05-4109-a649-8b44d306d779,http://data.europa.eu/esco/skill/fbafa41f-cd05-4109-a649-8b44d306d779,create data models,skill/competence,sector-specific
fbbcb9ab-4b95-4e57-a756-30d08b7da7a5,http://data.europa.eu/esco/skill/fbbcb9ab-4b95-4e57-a756-30d08b7da7a5,maintain ICT system,skill/competence,sector-specific
fbdfc3bf-56a0-4454-a17d-2f513fe57b53,http://data.europa.eu/esco/skill/fbdfc3bf-56a0-4454-a17d-2f513fe57b53,manage stress in the work place,skill/competence,cross-sector
fbe6232a-e2b2-4830-a5e6-ed6415f01e85,http://data.europa.eu/esco/skill/fbe6232a-e2b2-4830-a5e6-ed6415f01e85,analyse community needs,skill/competence,cross-sector
fc153ec6-1320-4f13-9158-ebde86c5303e,http://data.europa.eu/esco/skill/fc153ec6-1320-4f13-9158-ebde86c5303e,liaise with logistics management teams,skill/competence,occupation-specific
fc1eae96-01cb-4d97-b594-d5040913675e,http://data.europa.eu/esco/skill/fc1eae96-01cb-4d97-b594-d5040913675e,maintain parts inventory,skill/competence,sector-specific
fc2f1d4f-a46f-471e-a618-cbd4d0496a53,http://data.europa.eu/esco/skill/fc2f1d4f-a46f-471e-a618-cbd4d0496a53,implement ICT recovery system,skill/competence,sector-specific
fc4fcb4b-993f-4f2c-b158-c2171ec18ed8,http://data.europa.eu/esco/skill/fc4fcb4b-993f-4f2c-b158-c2171ec18ed8,draw design sketches,skill/competence,cross-sector
fc511e12-fe90-40a0-bec8-227abb5e4255,http://data.europa.eu/esco/skill/fc511e12-fe90-40a0-bec8-227abb5e4255,follow verbal instructions,skill/competence,cross-sector
fc54bd7f-0c03-4fdd-af8c-5eb4021e716d,http://data.europa.eu/esco/skill/fc54bd7f-0c03-4fdd-af8c-5eb4021e716d,identify with the company's goals,skill/competence,cross-sector
fc94266b-322d-4f1d-87a0-03f999e72344,http://data.europa.eu/esco/skill/fc94266b-322d-4f1d-87a0-03f999e72344,blockchain mining principles,knowledge,sector-specific
fcbb3a90-cdde-49ff-9ecc-8e2c0a6dfca2,http://data.europa.eu/esco/skill/fcbb3a90-cdde-49ff-9ecc-8e2c0a6dfca2,collect cyber defence data,skill/competence,sector-specific
fcd02121-ae3e-4d20-92ee-e2e368658a45,http://data.europa.eu/esco/skill/fcd02121-ae3e-4d20-92ee-e2e368658a45,insurance market,knowledge,cross-sector
fcd7dbd4-095d-448d-b605-89e8ac6a3d92,http://data.europa.eu/esco/skill/fcd7dbd4-095d-448d-b605-89e8ac6a3d92,coach clients,skill/competence,cross-sector
fce3268c-c944-4a5f-8b9c-034a72d5df13,http://data.europa.eu/esco/skill/fce3268c-c944-4a5f-8b9c-034a72d5df13,types of insurance,knowledge,cross-sector
fd082998-8cea-4abc-8504-03f7e4b7088e,http://data.europa.eu/esco/skill/fd082998-8cea-4abc-8504-03f7e4b7088e,design a building management system,skill/competence,sector-specific
fd265b91-d214-4298-bb94-21dcf2966ec2,http://data.europa.eu/esco/skill/fd265b91-d214-4298-bb94-21dcf2966ec2,organise a damage assessment,skill/competence,cross-sector
fd311456-d8d2-43ca-b6be-a66bbff90302,http://data.europa.eu/esco/skill/fd311456-d8d2-43ca-b6be-a66bbff90302,handle tasks independently,skill/competence,sector-specific
fd33c66c-70c4-40e6-b87c-5495bd3bf26e,http://data.europa.eu/esco/skill/fd33c66c-70c4-40e6-b87c-5495bd3bf26e,design user interface,skill/competence,sector-specific
fd406035-5c82-4421-9692-08f991d91b3b,http://data.europa.eu/esco/skill/fd406035-5c82-4421-9692-08f991d91b3b,solve operational transport problems,skill/competence,sector-specific
fd4386c5-96f0-4c6e-970c-c08729ae0cc6,http://data.europa.eu/esco/skill/fd4386c5-96f0-4c6e-970c-c08729ae0cc6,develop product design,skill/competence,sector-specific
fd446407-b08e-49da-b8e3-7e7c79618c3f,http://data.europa.eu/esco/skill/fd446407-b08e-49da-b8e3-7e7c79618c3f,conduct public presentations,skill/competence,cross-sector
fd60bbcc-c3b6-4fa5-936c-eef5ae0a2d44,http://data.europa.eu/esco/skill/fd60bbcc-c3b6-4fa5-936c-eef5ae0a2d44,install low voltage wiring,skill/competence,cross-sector
fd6d2981-3d4a-4ce2-9741-cfc98c5b74bd,http://data.europa.eu/esco/skill/fd6d2981-3d4a-4ce2-9741-cfc98c5b74bd,implement data warehousing techniques,skill/competence,sector-specific
fd843a67-4662-4682-9c7e-b4d794eaff12,http://data.europa.eu/esco/skill/fd843a67-4662-4682-9c7e-b4d794eaff12,prepare market research reports,skill/competence,cross-sector
fd88851f-4d1d-4de8-aee1-4464c3012969,http://data.europa.eu/esco/skill/fd88851f-4d1d-4de8-aee1-4464c3012969,provide career counselling,skill/competence,cross-sector
fd8c0029-9dc7-4b54-845b-ed30c61ba0f8,http://data.europa.eu/esco/skill/fd8c0029-9dc7-4b54-845b-ed30c61ba0f8,translate language concepts,skill/competence,cross-sector
fda917eb-0d6a-4371-8c93-2a10bf950966,http://data.europa.eu/esco/skill/fda917eb-0d6a-4371-8c93-2a10bf950966,manage ICT semantic integration,skill/competence,sector-specific
fde186df-c9c4-49f5-b2a5-d66adc7c43a5,http://data.europa.eu/esco/skill/fde186df-c9c4-49f5-b2a5-d66adc7c43a5,negotiate buying conditions,skill/competence,cross-sector
fdf15b35-9028-4acb-bfd2-43f00a015cd9,http://data.europa.eu/esco/skill/fdf15b35-9028-4acb-bfd2-43f00a015cd9,use personal organization software,skill/competence,cross-sector
fe0bd9ea-9334-43f8-8eee-3390a259f117,http://data.europa.eu/esco/skill/fe0bd9ea-9334-43f8-8eee-3390a259f117,liaise with distribution channel managers,skill/competence,cross-sector
fe1c2b32-7fe9-4668-affa-07ff658a68cf,http://data.europa.eu/esco/skill/fe1c2b32-7fe9-4668-affa-07ff658a68cf,identify ICT security risks,skill/competence,sector-specific
fe1ec582-d63b-466c-9149-e7fc4fe93e22,http://data.europa.eu/esco/skill/fe1ec582-d63b-466c-9149-e7fc4fe93e22,supplier management,knowledge,sector-specific
fe29e658-7cad-4b70-a169-10a240ec0bef,http://data.europa.eu/esco/skill/fe29e658-7cad-4b70-a169-10a240ec0bef,work in a logistics team,skill/competence,sector-specific
fe30a4b0-1a99-4fc7-afff-b162b8c834ba,http://data.europa.eu/esco/skill/fe30a4b0-1a99-4fc7-afff-b162b8c834ba,communication principles,knowledge,cross-sector
fe39d4db-4cb5-4299-bb9f-896c8fd6ab13,http://data.europa.eu/esco/skill/fe39d4db-4cb5-4299-bb9f-896c8fd6ab13,perform market research,skill/competence,cross-sector
fe4a9fb8-2963-4b23-8a18-e033197304f2,http://data.europa.eu/esco/skill/fe4a9fb8-2963-4b23-8a18-e033197304f2,design sensors,skill/competence,sector-specific
fe77f9ca-7bd2-4a68-98f4-8463a4fb8301,http://data.europa.eu/esco/skill/fe77f9ca-7bd2-4a68-98f4-8463a4fb8301,construction industry,knowledge,cross-sector
fe96f581-4905-4282-819c-922c68bda989,http://data.europa.eu/esco/skill/fe96f581-4905-4282-819c-922c68bda989,interpret electrical diagrams,skill/competence,cross-sector
fecf8a0d-62c4-4e71-9b03-0f4fc2ad7bf5,http://data.europa.eu/esco/skill/fecf8a0d-62c4-4e71-9b03-0f4fc2ad7bf5,data models,knowledge,sector-specific
fef96bad-e623-42cd-b961-d1adf39db8b9,http://data.europa.eu/esco/skill/fef96bad-e623-42cd-b961-d1adf39db8b9,media and information literacy,knowledge,sector-specific
ff1932ed-7889-45ae-8a6d-1734e8e3117f,http://data.europa.eu/esco/skill/ff1932ed-7889-45ae-8a6d-1734e8e3117f,advise on bank account,skill/competence,sector-specific
ff25cbf0-6978-4c4c-887e-d4b185410d74,http://data.europa.eu/esco/skill/ff25cbf0-6978-4c4c-887e-d4b185410d74,perform software recovery testing,skill/competence,sector-specific
ff599c4c-f7bc-44fc-b75f-eea4b7178692,http://data.europa.eu/esco/skill/ff599c4c-f7bc-44fc-b75f-eea4b7178692,management systems standards,knowledge,sector-specific
ff5e9b54-d141-4f5a-ad04-ddefd7d8843f,http://data.europa.eu/esco/skill/ff5e9b54-d141-4f5a-ad04-ddefd7d8843f,procure time sheet approval,skill/competence,occupation-specific
ff64e9fc-36dd-4035-872a-83aa41dc1ad9,http://data.europa.eu/esco/skill/ff64e9fc-36dd-4035-872a-83aa41dc1ad9,communicate with a non-scientific audience,skill/competence,cross-sector
ff862044-d49e-4417-bf65-1ae2c0a47e5a,http://data.europa.eu/esco/skill/ff862044-d49e-4417-bf65-1ae2c0a47e5a,analyse work-related written reports,skill/competence,cross-sector
ffa1d58b-ba09-49bd-a982-e743b2237006,http://data.europa.eu/esco/skill/ffa1d58b-ba09-49bd-a982-e743b2237006,perform energy simulations,skill/competence,sector-specific
ffc1e455-ced2-4e67-bdb3-1c50f9683859,http://data.europa.eu/esco/skill/ffc1e455-ced2-4e67-bdb3-1c50f9683859,Capture One,knowledge,sector-specific
ffdd5e53-7191-4043-ae0e-eea1bb077080,http://data.europa.eu/esco/skill/ffdd5e53-7191-4043-ae0e-eea1bb077080,model sensor,skill/competence,sector-specific
ffddfc7c-a9dd-449f-9e96-882dc447c8b6,http://data.europa.eu/esco/skill/ffddfc7c-a9dd-449f-9e96-882dc447c8b6,Scala,knowledge,sector-specific
fff0e2cd-d0bd-4b02-9daf-158b79d9688a,http://data.europa.eu/esco/skill/fff0e2cd-d0bd-4b02-9daf-158b79d9688a,natural language processing,knowledge,sector-specific
